,vgene,Subject_100,Subject_101,Subject_102,Subject_103,Subject_104,Subject_105,Subject_106,Subject_12,Subject_13,Subject_14,Subject_15,Subject_151,Subject_152,Subject_153,Subject_154,Subject_155,Subject_156,Subject_157,Subject_158,Subject_16,Subject_17,Subject_18,Subject_19,Subject_22,Subject_24,Subject_26,Subject_27,Subject_39,Subject_40,Subject_41,Subject_42,Subject_43,Subject_44,Subject_45,Subject_46,Subject_47,Subject_48,Subject_49,Subject_50,Subject_51,Subject_52,Subject_53,Subject_54,Subject_55,Subject_56,Subject_57,Subject_58,Subject_59,Subject_60,Subject_61,Subject_62,Subject_63,Subject_64,Subject_65,Subject_66,Subject_67,Subject_68,Subject_69,Subject_70,Subject_71,Subject_72,Subject_73,Subject_74,Subject_75,Subject_76,Subject_77,Subject_78,Subject_79,Subject_80,Subject_81,Subject_82,Subject_83,Subject_84,Subject_85,Subject_86,Subject_87,Subject_88,Subject_89,Subject_90,Subject_91,Subject_92,Subject_93,Subject_94,Subject_95,Subject_96,Subject_97,Subject_98,Subject_99
1,TRBV1-1,0.000525645431939025,0.000514953261861091,0.000699722523826759,0.00100299552354347,0.000530796923090094,0.000663906605497744,0.000761598050308991,0.000629822856122671,0.000514746364324048,0.000460439348255529,0.000393868160448134,0.000394469907581337,0.000611868525827747,0.000391030567803352,0.000819380671892151,0.000667002638365992,0.000854854674705299,0.000422423218367955,0.000766707841717426,0.00062485354994923,0.000411939459438502,0.000822399476349722,0.000707146635485397,0.000593107885319072,0.000509157455098216,0.000697126707489401,0.000381590060342108,0.000582896907956094,0.000988808901128351,0.000514755309549619,0.000442460278004255,0.00053514739229025,0.000834733956751757,0.000464569534093068,0.000662621792766475,0.000409778485458717,0.000920665116965162,0.000380301427953718,0.000403015697257865,0.000245660006550934,0.000453149781628683,0.000794516959881259,0.000472259703151043,0.000491343936328908,0.000684956790300684,0.000404872430281666,0.000342622730703164,0.000578555924412666,0.000393372705110222,0.000585585585585585,0.000827856814792554,0.000347348962074203,0.000273808505176692,0.000884049879024753,0.000622281886702745,0.000503548985659201,0.000567482514905628,0.000541366791924081,0.00057874784091164,0.000843920236904076,0.000613287904599659,0.000361397462284649,0.000408766846604229,0.000416007675529005,0.000512353070841749,0.000597338016735676,0.00044639120609324,0.000761111068400052,0.000361306484247037,0.000263497172110706,0.000257600877164013,0.000462350776286953,0.000456439111022589,0.000551611789026535,0.000392853582883311,0.000394097516686788,0.000480883364479154,0.000416543977707715,0.000348119564319514,0.000565067525569306,0.000530715761788465,0.000344701005452544,0.000468787475742974,0.00038641438899348,0.000319863524896044,0.000626068361037444,0.000308294796483773,0.000770223798830562
20,TRBV2-1,0.0404494268443079,0.0326088022677561,0.0386343346603932,0.0487361583251994,0.0577669715895228,0.0784752526947894,0.0441146603998027,0.0418113110233878,0.0728567528008916,0.165178902966121,0.0365859757927378,0.0384138552858968,0.0371860942105173,0.0344241737793778,0.0420357744693351,0.0331870868289213,0.0505264105102133,0.0293956863134878,0.0504110405929207,0.0375432841261162,0.0404912256895139,0.0410108800093989,0.0609983574152955,0.0413868671840444,0.0387845157100902,0.0465756005652379,0.0453990414457684,0.0478423846760886,0.0374407407749674,0.051112174265868,0.0325730308031897,0.0379591836734693,0.0528307633303629,0.0436765751370832,0.0388296370561154,0.0453839429276136,0.039100291459178,0.036363068042698,0.0345535074578258,0.0611079266295448,0.0308298110052893,0.0560920242720566,0.0325382966902136,0.0447742695132153,0.0420366595436629,0.056591392970577,0.0282200749139971,0.0376220952502554,0.0322979694722077,0.0455755755755756,0.0557839407118434,0.0410990356650849,0.023564644476769,0.0502396240461568,0.0554250395044119,0.0279642135323616,0.0342184586585304,0.0602456319130416,0.0390452903833644,0.047527364240017,0.0689480408858603,0.0343195370586654,0.0390853240679514,0.0508991012735082,0.0331242217893038,0.0351663611903874,0.0384384677621851,0.0593781953210889,0.0306267463146738,0.0329465571271279,0.0337325046070927,0.0555514457708775,0.0467310660757855,0.0371384236275434,0.0597196080845749,0.043590178491255,0.0304478302420852,0.0451016582759388,0.045237842366741,0.0421775818877022,0.0295932744692842,0.0695400703727247,0.0423816584174606,0.048652267488621,0.0203365862144432,0.0448025774319941,0.0391201099862517,0.045656552507205
37,TRBV4-1,0.02612053454097,0.0162234799070141,0.0213536011581615,0.021917808219178,0.0273874089833098,0.0275334750662041,0.0164505178866742,0.0323689274166352,0.0214000205898546,0.0169916972388492,0.0375862758827649,0.0128108798557367,0.0311880590840931,0.0284238771354989,0.0255863209807832,0.0294370497732191,0.0283301838687423,0.022090249478183,0.0307002598287686,0.0229980820467426,0.0203255775633538,0.021415953710658,0.0328182855870152,0.0226989424584825,0.0206245664782538,0.0292133772962789,0.0319518077193125,0.0343371117009828,0.0232785945975918,0.0263191361800312,0.0226151888161951,0.0181496598639456,0.0206540253353036,0.0188995333187862,0.0292590735971144,0.022323170826894,0.0301021887414355,0.0139044453590202,0.0157298247899433,0.0306358499836226,0.0173525114654708,0.041607368926529,0.0209699182474799,0.0195696535361271,0.0239078630578604,0.0299116959268437,0.0238446900421797,0.0423463036261491,0.0228104409397467,0.036006006006006,0.0217057252536021,0.01756172803165,0.0106271926071703,0.0312790805881258,0.0325054886660794,0.0155479371736416,0.0227066704990161,0.0329172239560113,0.0199466116332802,0.00999565406345066,0.0173296422487224,0.0344032754950484,0.0211116053716773,0.0242146449693053,0.018170661233341,0.0265228290336908,0.0283946656250871,0.0342653740591821,0.015596396569997,0.02155030443334,0.0132367219958124,0.0207271853009442,0.0186227157297216,0.0283074797527541,0.0264150058341689,0.0349948617665546,0.0163013373427237,0.0138752235332983,0.0143024037950932,0.0328775121960408,0.0113422881833552,0.0432264014110358,0.0215914789699759,0.0148455016422611,0.00669468745966633,0.022538460997348,0.0134122123623435,0.0297385939980401
38,TRBV4-2,0.0104320401107899,0.00625300389402752,0.01152370611654,0.0135303422974655,0.0100637384369743,0.0237216068031778,0.0110250384425683,0.0180863303644046,0.0184413480088268,0.00764923433392249,0.0105656697009103,0.010744608911263,0.0150726486151089,0.0141175518789693,0.00762178624986472,0.0110425992351703,0.0134827079396503,0.00767816320445283,0.0111279124249265,0.0086611644840185,0.0150382134427961,0.0181431394680418,0.0158356301678777,0.0178535526157063,0.0159904957275048,0.0121055110692416,0.0121600032562352,0.0127788937513452,0.0115699882636701,0.0180588274479642,0.00583152703482013,0.0133333333333334,0.0134516249111686,0.0187869104014303,0.0201091309283043,0.0121060272561233,0.00634292486660528,0.00453235948383198,0.0148952973360255,0.0166127579430069,0.0111256084317111,0.0145457720347493,0.0117429954758314,0.00889730911730725,0.0148147540512938,0.0262748246134515,0.0237659794148559,0.0168579226251276,0.00516560473289476,0.0139239239239239,0.0122193933964243,0.0111328285980054,0.0230056187787,0.00759003350083752,0.0186754485323936,0.012036890136648,0.0134500725935425,0.0112253996560729,0.0236344467125776,0.0152158313372346,0.0177725724020444,0.0159411539156533,0.0198191807831492,0.0160631432190748,0.00978832669061619,0.0113341059585744,0.0160910080071422,0.0138345390665242,0.0119712881780518,0.008817744652419,0.0050265196800465,0.00512747010902231,0.020763830105064,0.00589760641725565,0.0110292177522912,0.0157239920581868,0.0131969004327951,0.0109019613475916,0.0117239588864894,0.0159443220131473,0.0279494645876385,0.0109319461729235,0.0115561563787803,0.0094491797680615,0.00697526949904883,0.00523365011923437,0.0063464289186074,0.0145185378042474
39,TRBV4-3,5.0542829994137e-06,0.0129964394660179,9.65134515623116e-06,6.73151358082865e-06,4.28062034750075e-06,7.45962478087352e-06,0,0.0116145285751126,0.00986970202899588,1.48528822017913e-05,0.0305341602480745,0.0246449770831769,0,0.0192009492604129,0.0169287138815453,0.0133400527673198,1.49974504334264e-05,0.0230096411887486,0,0.0106832599998264,0.0119753224032063,0.0123192084824632,0,0.0168482850134706,0.0115335232220074,1.88412623645784e-05,0,0,0.0163476910850098,0.0169687573806828,0.0140046135184044,0.0123990929705215,5.64009430237673e-06,0.0255794801044578,0,0.0107283910145335,0.0133165816365458,0.0291321313029752,0.0320743502898457,0,0.0327635105044807,1.30964334046361e-05,0.0292086673545519,0.0288919087605296,0.0139657357543343,0.0116226309727409,0.0382070645103041,0.01475916113381,0.0137059331991035,0.016066066066066,5.67025215611338e-06,0.0475102732870987,0.0219217934457089,0.0109517494881816,0,0.0213353015430672,0.0231193850553111,1.06150351357663e-05,0.024594540030059,0.0247768917457526,8.51788756388416e-06,0.0158133426180161,0.0108924342065715,0.0123528044913838,0.0124394559525299,0,0.0123943308316826,7.68799058989952e-06,0.025122844204644,0.0290882056783641,0.00710714214944814,0.0332199032762176,0.0116848412421783,0.0139604179876995,0.0150339789031762,0,0.0575599125887961,0.0112825963617038,0.00520409246999682,0.0158454351961725,0.0279541611873003,0,0.0150557093953731,0,0.0178730759086649,0.02993872971433,0.00996264355844408,3.61607417291344e-06
40,TRBV5-1,0.0578816489092857,0.0629665231336622,0.0623862950898782,0.0724176231025546,0.0801931415900792,0.0635112453843571,0.0576275858067137,0.0506486679494555,0.0494469833625023,0.0279679771859729,0.0495086025807742,0.0490645427905929,0.0793016080939003,0.0566724647061202,0.0533834237744075,0.0682566033261198,0.0531509643360629,0.0436586820395587,0.0695893853558802,0.0565839603565136,0.0548024871450657,0.0489705320840693,0.0694395723711685,0.0525151795407938,0.0540371020823802,0.0827508243052284,0.0627995481973686,0.067364947270249,0.0598414209276322,0.0722595335711301,0.0395629089028973,0.0833560090702948,0.0770267678875591,0.0499693806443438,0.0599586293524168,0.0965555191308012,0.0519896030966901,0.0532161518705099,0.0345046570702795,0.0804638879790371,0.0386544576656536,0.0793381935652857,0.0609413445511548,0.0561194452682693,0.0619701326027128,0.062797110048515,0.0620054541834699,0.0670765768641471,0.0387679152799417,0.0679379379379379,0.082167623994239,0.0399215815563589,0.0324976469581586,0.0565268471989578,0.065961879990491,0.0515413427513089,0.0491056622963143,0.0689924208649131,0.0500100944390856,0.0497357064168258,0.0617546848381601,0.0584450213092285,0.116414393402022,0.0473161883203034,0.0641930737013935,0.0798543924766042,0.0498493429679435,0.0660629031390066,0.0545211484728779,0.0490575270790397,0.05980303440623,0.0433315147536133,0.0533286859532938,0.0636673420044645,0.0470075697608284,0.0733370581368665,0.0369671477529355,0.05903433615099,0.0565900803625164,0.0473385319545686,0.0429644937065564,0.0724543606915508,0.0565597540501057,0.0564075144119087,0.0268011964018159,0.0511828471338028,0.0483106278381869,0.0632342890617372
41,TRBV5-2,0,0,4.82567257811557e-06,0,8.56124069500152e-06,0,0,0,0,0,0,0,0,0,0,0,0,0,0,0,0,0,1.1136167487959e-05,0,0,1.88412623645784e-05,0,0,0,0,0,0,0,7.03893233474346e-06,5.76192863275195e-06,0,0,0,0,0,0,0,0,0,0,0,0,0,0,0,0,0,0,0,0,0,0,0,0,0,0,0,0,0,0,0,0,0,0,0,0,0,0,0,0,0,0,7.18179271909854e-06,0,0,9.39319932368965e-06,0,5.45101715980202e-06,0,0,0,0,0
42,TRBV5-3,0.000828902411903848,0.0011672273935518,0.00141392206538787,0.00123186698529164,0.000941736476450167,0.00114878221625452,0.000761598050308991,0.00120509412628196,0.0011503462228807,0.000623821052475233,0.00149419825947784,0.000882861221729657,0.000637722125510608,0.000795544948289578,0.00142232116630336,0.00176385142145674,0.000869852125138726,0.000969088559785309,0.000681518081526601,0.000711638765219958,0.000940191236836111,0.00112870132213304,0.0033965310838275,0.000774056053721501,0.000915007600466359,0.000932642487046633,0.000737740783328076,0.000995408565894254,0.000600678304423765,0.0012778043566467,0.000894863483604111,0.00202267573696145,0.000699371693494715,0.00117550169990216,0.000898860866709305,0.000815654318674972,0.000783328331561519,0.000432397513974776,0.000753110141340455,0.000788159187684246,0.00111334213589806,0.000851268171301349,0.00100404794031272,0.000933996131219816,0.00081210445796129,0.00101916163484695,0.000560234465068687,0.000901749233912156,0.000797097323512819,0.00131631631631632,0.00117374219631547,0.00084187968773917,0.000604660448931861,0.000971291643402196,0.000999846177511153,0.000607017955315201,0.00103178639073751,0.00089166295140437,0.00149846340205029,0.00117239218539967,0.00118824531516184,0.000594983626932044,0.00112410882816163,0.000509703097945447,0.00109619726784746,0.000862821579729309,0.00064866222135424,0.00111091464024048,0.000806917814818384,0.000724617223304443,0.000435939945969867,0.000846101920605124,0.000929476007900545,0.000829995308722168,0.0007329357889614,0.000748286424088836,0.000894808285802984,0.000804360784539036,0.000743441781428117,0.00085231018440037,0.00946834491827917,0.00041632718840372,0.000795848505331094,0.00121765464438643,0.000230077272293646,0.000900412923739245,0.000416614589842936,0.000708750537891034
43,TRBV5-4,0.0218597739724643,0.0171749173622622,0.0239305103148752,0.0231564067180506,0.0228841963777391,0.0250121218902689,0.0233339135985145,0.019722877943306,0.0166374977060217,0.0186849258098534,0.0183805141542463,0.0208881208204974,0.0223978351919199,0.0211830697247954,0.0187220753521018,0.0237156493641241,0.0180419328714119,0.0157539012026637,0.0219896068492567,0.0171487585374955,0.0202916531372824,0.0175263398607795,0.0322280687101535,0.020266194861072,0.023177732847297,0.0226566179934056,0.0229157550904115,0.0189576009756798,0.0190599846596003,0.0261132340562113,0.0236194245033507,0.022702947845805,0.0208796291073987,0.0189136111834557,0.0216129943014526,0.0250277088309215,0.0132911488985081,0.0284392533588952,0.0331205627564646,0.024269161480511,0.0193448079191831,0.0251276902256952,0.0253274069370585,0.0205169292331936,0.02566332117911,0.0179819203518202,0.0196359864988124,0.0167701417262513,0.0246013219393274,0.0198248248248248,0.0298765586105614,0.0203817306220491,0.0181683351872451,0.0211997487437186,0.0257163233628393,0.0159756089148865,0.0204146307310206,0.0223605715134917,0.0236075282083492,0.0221895434745258,0.0258304940374787,0.0239932656668003,0.0203842408358079,0.0183080855401729,0.0140599214789131,0.0204064961785684,0.0170256395948999,0.0154951450339425,0.0119231139801522,0.0171743692536443,0.0980006208841654,0.0144345912356786,0.0209879002141114,0.0172700887218587,0.0207391510844518,0.0199992018278143,0.0172691912028781,0.0190102053274539,0.018940064431621,0.0230782995234597,0.0172928799549126,0.00956657206041668,0.0158951660379827,0.0184490404791538,0.0102244095150981,0.0189649472062579,0.0151092224583038,0.020633319230644
44,TRBV5-5,0.00724278753815983,0.00413433904522762,0.00931354807576306,0.0130524048332267,0.0125122532757447,0.0150535228078028,0.0114965039022833,0.00841582194362342,0.00923857822578119,0.00671350275520965,0.0115972291687506,0.0109512360057104,0.0102552612075355,0.0101128595121557,0.00927600760632623,0.010597930809593,0.00893848045832209,0.0103866414869297,0.0107126123439963,0.0069514957431852,0.00926621466407548,0.00888275352771612,0.0123555778278905,0.00853472194298122,0.0157174692660754,0.0110880829015544,0.00935150041211726,0.00929047994834637,0.00826625758933935,0.011439679761638,0.00590112752798934,0.00437188208616781,0.00830785890740093,0.00915765096750124,0.00895979902392929,0.0116299036825427,0.014659430204937,0.0155871489375003,0.0100713215658178,0.00987757943006879,0.0150398849937105,0.0123019164447549,0.00946900547662513,0.00888402955146054,0.0097698627215343,0.0079927402184915,0.0083988869391289,0.0102663751276813,0.00561073700446685,0.0123323323323323,0.0114652498596613,0.00675269931354425,0.00751832520464333,0.00913130467150567,0.0128301939561746,0.003552434624856,0.0120203114520919,0.00971275714922616,0.01280872159537,0.0115217852703071,0.00923764906303236,0.00728524396532348,0.0080551113889657,0.00934330752336764,0.0100266304444961,0.00853631764087221,0.00916496945010183,0.0100020757574593,0.00826187493978225,0.00942002390295775,0.00400932647278347,0.00733750681967395,0.0096765091536789,0.0109909937776128,0.0110116272933561,0.0101866725199294,0.0126855814123362,0.0125106829166697,0.0107150021831227,0.0137735209357519,0.00856659778320495,0.0118630865512888,0.00933214137758105,0.00806977026316617,0.00461276872744822,0.0106713000415034,0.11583552055993,0.0095789804840477
45,TRBV5-6,0.108394153205426,0.0157869957136271,0.0193364700205091,0.0225707650365184,0.0184366318366858,0.0342620566185521,0.0219122639046044,0.0169308285889984,0.0258223632676994,0.0156252320762844,0.0185618185455637,0.0173378916522654,0.0178045123149313,0.0189043053813897,0.0197733562141521,0.0158301959505528,0.0160022796124659,0.0343902196600736,0.0198385654044384,0.0132521023718399,0.0208053658749352,0.0146227661993816,0.0194270441827445,0.0178133419116169,0.0169571569828362,0.0205558172397551,0.017039268161143,0.0174061984360428,0.0250944913178882,0.0202389675825274,0.109874321395192,0.0167256235827664,0.0193342432685475,0.0185335088373796,0.0199189872834235,0.0174643687850263,0.0160429711541885,0.0429584325329638,0.0284065003582362,0.0178615296429742,0.0193057432828358,0.0220020081197887,0.0196761647749822,0.0213535418815374,0.0174479412331683,0.0155736274475585,0.017293187826707,0.0154055477528089,0.110413507176464,0.0191841841841842,0.0215129366802941,0.0198518762731223,0.0151165112232965,0.0163083938209567,0.0206751408874159,0.0149409192183264,0.0135458813298253,0.0174086576226567,0.0207631395948764,0.0227353122504877,0.0330153321976149,0.0235128714791293,0.0174627601380189,0.0145152948407552,0.016353595110007,0.0165212463432192,0.0161049577323326,0.0195313400936398,0.0154639175257732,0.0191317768178952,0.0217111303394386,0.0264603349269024,0.0228385533369848,0.0189455450903974,0.0157669146921377,0.0214957746759919,0.0116994661585941,0.0191969319381504,0.0166861377609422,0.0191369535326138,0.0232951343227503,0.0151041713298296,0.0186642827551621,0.0160676494772172,0.135161980011336,0.0211245313280387,0.0243886180894054,0.029781986888115
46,TRBV5-7,0.000131411357984756,4.41388510166648e-05,0.000110990469296658,0.00014809329877823,0.00011557674938252,8.95154973704822e-05,9.42930919430179e-05,7.93477614012814e-05,0.00010294927286481,0.000103970175412539,0.000137541262378714,0.000112705687880382,0.000163739464658129,0.000134838126828743,0.000123680101417683,0.000163045089378353,0.000209964306067968,0.000223635821488917,0.000159730800357797,6.07496506895085e-05,0.000126005011122365,0.000167836627826473,0.000183746763551324,0.000180948168402428,8.85491226257766e-05,7.53650494583137e-05,9.66694819533341e-05,0.000116579381591219,8.31708421509828e-05,7.26713378187698e-05,0.000203830015709826,9.07029478458049e-05,0.000141002357559419,0.0001618954436991,6.33812149602715e-05,8.97610015766714e-05,0.000101730952150847,0.000182336301073701,3.25669250309386e-05,8.18866688503112e-05,0.000148445618119741,0.000209542934474178,0.000107151361219144,0.000101810004824909,0.000102538441661779,0.000111688946284597,4.6300369013941e-05,0.000131671348314607,0.000212214222493672,0.00016016016016016,0.000119075295278381,2.94363527181528e-05,0.000171130315735432,0.000133770705378746,0.000132846694914069,0.0002000400080016,0.000103178639073751,5.83826932467147e-05,0.000157024607999283,7.07478042913596e-05,0.00012350936967632,7.49238641321833e-05,0.000114214265962946,0.000146164858969651,0.000160855033868921,0.000117425422093338,0.000390592305331585,0.000142227825913141,0.000108391945274111,4.70530664483404e-05,5.94463562686183e-05,0.000110964186308869,0.000107885608059885,7.73287554710095e-05,9.96792672987505e-05,0.000104760099372437,5.4784180763448e-05,0.000136454061662873,8.85049739795377e-05,0.000136557985345916,5.63591959421379e-05,3.13364550411402e-05,8.72162745568323e-05,7.63842396847578e-05,1.68349223629497e-05,0.000161792947234396,2.49968753905762e-05,0.000206116227856066
47,TRBV5-8,0.0109475769767301,0.00473266569234241,0.00615755820967547,0.00608528827706909,0.00727277397040379,0.00723583603744731,0.0109742652392143,0.00595108210509611,0.00510717914516295,0.00444101177833559,0.0076960588176453,0.00824629949658126,0.00623933539013081,0.00551487938729555,0.0064004452483651,0.00477277443452998,0.00505414079606467,0.0055163502633933,0.00650636793457426,0.00576253829397624,0.0051371273765272,0.00500153150922891,0,0.00658450279464394,0.00457503800233179,0.00574658502119642,0.00574929024248777,0.0065015424348949,0.00676456182827993,0.00690983303760136,0.00530952333605106,0.00537868480725623,0.00668915184261881,0.00879162648609458,0.00609035856481882,0.00633400458951903,0.00679562760367656,0.0134824670622496,0.00609815671204325,0.00624385849983622,0.00599642167931058,0.00535207578469463,0.00569886498928486,0.00571463983604163,0.00621793110237027,0.00535408886251789,0.00500043985350563,0.00681897982635342,0.00504655773003245,0.00296796796796797,0.00696873989986335,0.00771821168269966,0.00167707709420724,0.00618253303554811,0.0090545510480905,0.00622883197329121,0.00632337659466272,0.00512706197057512,0.0070167567688822,0.00943472504371203,0.00368398637137989,0.00611731314208649,0.00364884523365835,0.00565545569705646,0.00593376347160909,0.00468680597746453,0.0057821610914265,0.00762264266988536,0.00694912804701801,0.00482764461759973,0.00749684604054241,0.0101162349851585,0.0130956530398845,0.00481500384066152,0.00498982685124922,0.00312284867653074,0.00546015668275699,0.00633434117824492,0.00562301601349997,0.00653123881637189,0.00647191433402217,0.014898246053845,0.00689008568998975,0.00468190457361869,0.00464643857217412,0.00759723404404989,0.00374119901678957,0.00267589488795595
48,TRBV6-1,0.0299011382245314,0.0440162430971742,0.0396187718663289,0.0474773652855845,0.0438035880159753,0.0637947111260304,0.0478283575594046,0.0406954831286823,0.0428895622865481,0.0240616691669018,0.0405184055216564,0.0433353369900068,0.0450714421137903,0.0405727923627685,0.051806502481332,0.0547683277502742,0.0422778127718287,0.0422671702614054,0.0392405332878988,0.0368056097963151,0.0412569484494114,0.0424878423342718,0.0433865085330883,0.0757469138284611,0.0437137502029251,0.0393876589731513,0.0468083807352987,0.0509272544658871,0.0631081867832291,0.0415740611771546,0.0290383200429535,0.0384943310657597,0.0555210883125966,0.0681087092709778,0.0509008775417308,0.0400607252688928,0.0440444157337091,0.032815324584664,0.031296814954732,0.035712823452342,0.0448227637448923,0.0461431003623347,0.0358480831812049,0.0465537313366768,0.0422704471906518,0.0470838714181007,0.0375727494548131,0.0401318309499489,0.0284367058141521,0.0424774774774775,0.0426006044488799,0.0277702551543054,0.0273066940475172,0.0398345896147404,0.0502580022653857,0.0582806216415697,0.0441899371347292,0.0350136933953251,0.0415442248592387,0.0387344228495194,0.0449488926746167,0.032552215322371,0.0348714187816344,0.0365074843903427,0.0385337170023771,0.0379182004298792,0.0433836453421868,0.0470697223866597,0.0519799595336737,0.0372095649473477,0.0338712127717194,0.0388652062546813,0.0387143355076433,0.0405821308711858,0.0409154074829813,0.0482195771682846,0.0342948971579184,0.0543015347491041,0.0449369254552106,0.0376805861633799,0.0284285177531468,0.0289906975494892,0.0367071495541068,0.0579576651584524,0.0380132546955404,0.0446970602924935,0.0416031329417156,0.0438448993465754
49,TRBV6-2,0.00292137557366112,0.00309462388794617,0.00132223428640367,0.00187809228905119,0.00173793186108531,0.00132035358621461,0.00153770273014768,0.00370950784550991,0.00730939837340149,0.00141102380917016,0.00662073622086625,0.00539108873694493,0.00209414157431186,0.00351927511023017,0.0051945642595427,0.00398719354934337,0.00196466600677885,0.00449756485438824,0.00121395408271926,0.00282051949629861,0.00555875952912897,0.00324344283274661,0.00204905481778446,0.00362901604407093,0.0037780958986998,0.00135657089024965,0.00217760727768563,0.00184733481598393,0.00518431582741126,0.00469941317894711,0.0186976753435282,0.00402721088435374,0.00162998725338688,0.00514545953669748,0.00170553087529457,0.00369581167361339,0.00357584296810225,0.0031882804644887,0.00560965283657918,0.00135113003603014,0.00643394560640035,0.00172872920941197,0.00450432574013811,0.00592711288958926,0.00390876539614701,0.0028690098076856,0.00655150221547266,0.00332769407558734,0.0193218461602165,0.00301301301301301,0.00172375665545846,0.00462150737674999,0.00394740594963064,0.00392006327935976,0.00285969990630812,0.0038076580833408,0.00257209607405278,0.00140649215548903,0.00476457524843536,0.00392144972357823,0.030736797274276,0.00269725910875861,0.002711085997331,0.00248105478558739,0.00266304444960769,0.00162353409676875,0.00308288926708144,0.00195274960983448,0.0038659793814433,0.00603220311867724,0.00283360964880414,0.00394385212172771,0.00333615495692875,0.00338699948963021,0.00343600297865104,0.00201538476887927,0.00381663125985354,0.00371298683577394,0.00240143496064479,0.00331977171271967,0.00316081157242157,0.00107439274426767,0.00380480997754181,0.00101096787818062,0.00261502460704485,0.00611295961507347,0.00181366218111624,0.0015079029301049
51,TRBV6-4,0.00736914461314518,0.0244921579974694,0.0077741585233442,0.0217360573524957,0.00630535377186861,0.00672858155234792,0.0166245974410306,0.0144958441609966,0.0246854452108445,0.0247746075125878,0.0139854456336901,0.00867833796678939,0.00978989641324393,0.0143063252565295,0.0218295379002211,0.0268876174665758,0.00745373286541289,0.00564059238644269,0.00757123993695957,0.00524182700235188,0.00668795828264862,0.0269042114405837,0.0134747626604304,0.0207487233101452,0.0187945512773212,0.00835609985869053,0.0152076358715008,0.0124201879618337,0.0188104721331473,0.00936854663380307,0.00945572414341678,0.0146938775510204,0.0107612999289348,0.0103753862614119,0.023600859679752,0.0070755085155872,0.00511706689318758,0.00469385735049726,0.00552416465837296,0.00457541762201114,0.0278296469338167,0.015929628497839,0.0108103817763315,0.00725949599621089,0.0134038250940278,0.0144776796621409,0.00489394900477357,0.0119461823289071,0.00944094492264533,0.00712712712712713,0.00742803032450853,0.00609921228320126,0.0107070534211802,0.0147613065326633,0.0136202821943477,0.00819474239675521,0.007450971721683,0.00619387300171964,0.0104219475537809,0.00978846406516883,0.00830494037478705,0.00736457511558107,0.00851797972997343,0.00543433450015367,0.00574907806235217,0.0109869351454288,0.0145914125491728,0.0102788434186956,0.00470902784468639,0.0149064114508343,0.004775523953579,0.0126545407469739,0.00991717704858171,0.00493872984941513,0.0169630658997227,0.0177792854363507,0.00443143151064335,0.0137244058861973,0.0144499120850592,0.00719519315891582,0.00447116287807628,0.0083802634052878,0.0130170289776072,0.0263885082157989,0.00359706174488359,0.0114521268738085,0.00407726811926287,0.019212202080689
52,TRBV6-5,0.100923922932293,0.0492246275171406,0.0482905054892025,0.0565447140789607,0.0553227373710999,0.0518369326022901,0.0676154002379088,0.0436115133601793,0.0443039957746038,0.0270025398428565,0.0447884365309593,0.04230220151777,0.0586962891466589,0.0449550314847027,0.0557642657266979,0.0450152669492781,0.0467920453522902,0.053101083391313,0.0528495974783832,0.0439393544915689,0.0535763614599135,0.0519873954692503,0.0590662323561347,0.0567473561462061,0.0523915642202511,0.0480169571361281,0.0566381406897113,0.0493668842815123,0.0494312038517342,0.0513180763896879,0.0476266231829299,0.0335419501133787,0.053445533609322,0.0406146395714697,0.053637793642288,0.0538761142072152,0.0470607384649816,0.0780816137283606,0.0287769491304631,0.0421204552898788,0.0445180595813834,0.0593923254900249,0.0388761012778791,0.0485323866478392,0.041671622691347,0.0342117203588007,0.0479810724091471,0.0571174348825333,0.0469045191277478,0.0450850850850851,0.0508961833532737,0.0330864604552037,0.0372607740794615,0.0430916154848316,0.0656332592188615,0.0571148712501121,0.0476685312520729,0.0422372248052141,0.044141860517284,0.0575078580596909,0.0430025553662691,0.0526758837710503,0.0283311492359666,0.0476347527565194,0.0625785657688573,0.0476287722916847,0.0457481237619618,0.0546693010847754,0.0474034107332114,0.0368049085758919,0.0559588367008593,0.0388883237934956,0.0551046490398181,0.0663016749408435,0.0398541164605652,0.0539464626006446,0.0409176958990997,0.0543015347491041,0.0548317815461229,0.0509596730142585,0.0286680443359008,0.0925007386450117,0.0558947299566099,0.0838609087927246,0.0276317192383881,0.0446829913405601,0.0250913080309406,0.0471933840306932
53,TRBV6-6,0.0101237288478257,0.0157379525458308,0.0137000844492701,0.0174278886607654,0.0121055943427321,0.0194547014285182,0.0149998549337047,0.013062625220686,0.0124971465147195,0.0109317213005184,0.0145293588076423,0.0216770606356601,0.0157362243403023,0.0144007119453097,0.0157846729434318,0.0131621853970889,0.0121629323015087,0.0191332869496075,0.0130127358691485,0.0128789259461758,0.0169670593822847,0.0158899327394714,0.0174169659511679,0.0137118500944951,0.0135480157617439,0.0152143193593971,0.0153551840281664,0.0144558433173111,0.0150261988152775,0.0217408418974487,0.0116083679678645,0.013904761904762,0.0190973593078476,0.0179351995889263,0.014704441870783,0.0189668898983749,0.0148425459188085,0.0151651706407298,0.0133646518595714,0.0167867671143138,0.0176142445289977,0.0168376478805605,0.0147075164695611,0.0168827547131392,0.0146876063836332,0.0132560818121531,0.0318037234756761,0.0154374680796731,0.0108281013038235,0.0150600600600601,0.0165231147829144,0.0151243980265869,0.0109637488947834,0.0126093430113531,0.0179482876760219,0.0125266432596864,0.0125730541614156,0.0173661974821137,0.0145988021265618,0.0183944291157535,0.0116056218057922,0.0166859852708498,0.0105437801315268,0.0135108799124511,0.0158114540699302,0.0136979307598446,0.0164118516865218,0.0155066770198274,0.0139464302919356,0.0177107742111554,0.0164402200836213,0.0157985260257252,0.0164318079968132,0.0158369291204627,0.0136267421883703,0.0158636721906834,0.018157912357485,0.0162380333378818,0.0174944831899552,0.0210628920155959,0.0083505541987601,0.0120421520086668,0.0140036630835314,0.016202445194308,0.0219190689165605,0.0156095021701358,0.00937938313266397,0.0144389841724433
54,TRBV6-7,0.000338636960960719,0.000205981304744436,0.000492218602967789,0.000477937464238834,0.00044946513648758,0.000231248368207079,0.000174079554356341,0.000362024161393347,0.000420749202143135,0.000222793233026869,0.000368860658197459,0.000300548501014352,0.000637722125510608,0.000377546755120478,0.000386500316930259,0.000548424391545371,0.000584900566903626,0.000422423218367955,0.000319461600715593,0.000225641559703889,0.000242317329081471,0.000482530305001112,0.000668170049277541,0.000251316900558929,0.000420608332472439,0.000310880829015544,0.000284920578388774,0.000690508644809528,0.0002171683100609,0.000381524523548541,3.97717103824049e-05,0.000444444444444444,0.000394806601166371,0.000112622917355895,0.000242001002575582,0.000370751963034078,0.000427269999033556,0.000270899647309498,0.000268677131505244,0.000409433344251556,0.000316423554413132,0.000550050202994718,0.000587348202238273,0.00038510740955509,0.000352732239316521,0.000362989075424942,0.000134271070140429,0.000371073799795709,0.000119047002862304,0.00107107107107107,0.000442279668176843,0.000164843575221656,0.000136904252588345,0.000407128233761399,0.000489435191788675,0.0001103669009664,0.000420084459085985,0.000339681124344522,0.000515937997711927,0.000298151460942159,0.000310902896081772,0.000202735161769437,0.000324608966421006,0.000273590633456011,0.000393201193901807,0.000301221734935084,0.000216220740451413,0.000345959576545478,0.000337219385297235,0.000197622879083029,0.000171733918109342,0.000337516066689476,0.000356852395890388,0.0002732282693309,0.000252129911402722,0.000448971854453301,0.000328705084580688,0.000366271428674026,0.000318617906326336,0.000263698178599009,0.000305278978019914,0.000138775729467906,0.000397924252665547,0.000143782098230132,0.000218853990718346,0.000330620370435505,0.000111097223958116,0.000499018235862054
55,TRBV6-8,2.52714149970685e-05,6.8660434914812e-05,9.65134515623116e-06,8.75096765507724e-05,8.98930272975159e-05,1.4919249561747e-05,0.000101546406707865,0.000233084049116264,0.000201422490387672,4.45586466053737e-05,0.000131289386816045,0.000150274250507175,0.000241300263706717,0.000188773377560239,0.000216440177480945,0.000251978774493819,0.000224961756501395,0.000198787396879038,0.000212974400477062,8.67852152707265e-05,0.000135697704285624,0.000184620290609122,0.000272836103454996,0.000180948168402428,0.000236130993668737,0.000169571361281205,0.000142460289194386,0.000215223473706865,0.000157100479618523,0.000199846179001617,6.46290293714081e-05,0.000263038548752835,0.000248164149304576,0.0001618954436991,0.000172857858982559,0.000187327307638271,0.000127163690188558,0.000104192172042115,0.000134338565752621,0.000112594169669178,0.000218761963544882,0.000100405989435544,0.000238114136042543,0.000154928268211818,0.000200975345657086,0.000251300129140344,0.0001574212546474,0.000259352655771195,8.79912629851812e-05,0.000255255255255255,0.000204129077620082,5.88727054363056e-05,0.000193947691166824,0.000226828587381351,0.000286669183761939,0.0001103669009664,0.000110548541864733,0.000249453325690509,0.000403777563426725,0.000389112923602478,0.000200170357751277,0.000132218583762676,0.000138259374586724,0.000217373380006147,0.000148939846174927,0.000188901765976239,0.000160421839689758,0.000123007849438392,9.634839579921e-05,0.000141159199345021,4.6236054875592e-05,2.31175388143476e-05,9.12878222045179e-05,0.00017012326203622,0.00014658715779228,8.48057947300682e-05,0.000133916886310651,0.000186726610696562,5.31029843877226e-05,0.000113013505113861,0.000108021792222431,8.95327286889723e-06,8.17652573970302e-05,3.59455245575331e-05,1.68349223629497e-05,7.03447596671287e-06,4.72163201821995e-05,0.000191651931164412
56,TRBV6-9,0.000485211167943715,2.94259006777766e-05,0.000139944504765351,0.000114435730874087,0.000179786054595032,4.47577486852411e-05,7.97864624133228e-05,0.000123980877189502,0.000161137992310137,8.91172932107475e-05,0.000187556266880064,0.00018784281313397,0.00010341439873145,0.000229224815608861,0.000123680101417683,0.000222334212788664,0.000224961756501395,0.000124242123049399,0.000212974400477062,7.81066937436538e-05,0.000193853863265177,0.000205599869087431,5.56808374397951e-06,9.04740842012143e-05,0.000184477338803702,0.000150730098916628,0.000111933084367018,0.000161417605280149,0.000138618070251638,0.000102951061909924,9.94292759560124e-05,0.00036281179138322,0.00025944433790933,0.000119661849690639,0.000115238572655039,0.00020684056885059,0.000142423333011186,0.000119820997848432,0.000109913371979418,6.14150016377334e-05,0.000144539154485011,0.000327410835115904,0.000206365584570204,0.000181487399905273,0.000143553818326491,0.000160552860284109,8.79707011264879e-05,0.000191521961184883,0.000113871046216117,7.5075075075075e-05,0.000243820842712876,7.06472465235667e-05,5.13390947206298e-05,0.000168667411129723,0.000104878969669002,4.13875878624e-05,0.000154767958610627,0.000206993185147443,0.000188429529599139,0.00018697633991288,0.000132027257240204,0.000123404011511831,6.01127715594456e-06,0.000112434506899731,0.000137024658480933,0.00017358540657276,0.000181346427475378,0.000119163854143443,0.000204740341073321,6.58742930276766e-05,3.96309041790789e-05,0.000120211201834608,7.46900363491511e-05,0.000190744263495156,0.000398717069195002,7.48286424088836e-05,7.3045574351264e-05,0.000201090196134759,0.000159308953163167,0.00010830460906745,8.92353935750516e-05,8.95327286889723e-05,0.000354316115387132,5.39182868362996e-05,3.92814855135493e-05,0.000112551615467406,4.16614589842936e-05,0.000148259041089451
57,TRBV7-1,0.00225421021773851,0.00315347568930172,0.00340209916757149,0.00349365554845006,0.00244423421842293,0.00299876916191115,0.00354687092001044,0.00288627482097161,0.00247525860409737,0.00300028220476183,0.00357607282184655,0.00388834623187317,0.003197228494114,0.00289901972681795,0.00358672294111281,0.00332019091097738,0.00388433966225741,0.00365271841765232,0.0032265621672275,0.00226509411856596,0.00350875492509971,0.0042882258409664,0.00371391185723433,0.00430254533756886,0.00351982762437462,0.00289213377296278,0.00366835244675546,0.00273513164502476,0.00230105996617719,0.00309458780211595,0.00332590928072861,0.00327437641723356,0.00263956413351231,0.00332941499433366,0.0120712404856153,0.00423047503083095,0.00401837260995845,0.00287570394836236,0.00319970038428972,0.00310145758270554,0.00431664231637667,0.00467106124765356,0.0040161917612509,0.00389091279309108,0.00314998092784985,0.00443265505566996,0.00340770715942607,0.00367083758937692,0.00315215759752796,0.00421421421421421,0.00319802221604795,0.00369131863085636,0.00330281509369384,0.00376884422110552,0.00339807861727566,0.002862641493816,0.00283741257452814,0.00395940810564083,0.00463446914466453,0.00508878849438566,0.00304088586030665,0.00493175317434783,0.0029815934693485,0.00377779943183095,0.00281198429578262,0.00309390459950273,0.00385012415255419,0.0032289560477578,0.00310723576452451,0.00376424531586723,0.00369227923935085,0.00359246553174963,0.00367640956696376,0.00311377122029932,0.00274997508018318,0.00327250596134851,0.0031470468283003,0.00354062381051558,0.00319797972646063,0.00360230547550432,0.00410013150479053,0.00247110331181564,0.00333602250179884,0.00167146689192529,0.00131873558509773,0.00292634200215254,0.00243858406588065,0.00315321667878052
58,TRBV7-2,0.0214301599175141,0.0327216015536876,0.0232549161539389,0.0320285416175827,0.0206753962784286,0.0236097124314647,0.0146952157135811,0.0310696078236893,0.0266862419486954,0.015580673429679,0.0446446433930179,0.0531407318356,0.0228890535858942,0.0334128878281623,0.0363310297914444,0.0298224290753862,0.021671315876301,0.0666683232283072,0.0214039272479447,0.0283440513074193,0.0532855806650156,0.0352456918435595,0.0255909128873298,0.03219872129961,0.0259744093035611,0.0210927932171455,0.0167339961128693,0.0177021307123897,0.0225439188252581,0.0421433199900682,0.0292670073776523,0.0305306122448979,0.0172192079051562,0.0584935277017182,0.0161852575294002,0.0418871665183659,0.0464300065616465,0.0281579344943814,0.0462735296033348,0.0309838683262365,0.0412561624463837,0.0215349019950234,0.048404635288515,0.0553757895808526,0.0358146269036261,0.0353914348539318,0.053125043406596,0.039497414453524,0.0285195211204911,0.0388938938938939,0.019499997164874,0.037719742373041,0.0317047431619178,0.029534245300577,0.022695809036372,0.0471404625752736,0.0284551946759822,0.020030571301191,0.0494717243545167,0.0424840564769615,0.026690800681431,0.031353433496256,0.0321182538442118,0.0290193462308206,0.0520932005981424,0.0201461180687092,0.0335002650447786,0.021730105402351,0.0308314866557472,0.0482388037228386,0.0461435827658407,0.0682106100256143,0.0465318926455211,0.0373188573903091,0.0363829325640439,0.0172854163964521,0.0376610807092725,0.0278222649937878,0.0211349877863136,0.0582160818217777,0.0599051286868308,0.0268284821516505,0.0330822231428384,0.014890433547958,0.0236250077160061,0.0626209050556779,0.126342540515769,0.026444350426516
59,TRBV7-3,0.00846086974101853,0.0216035154142676,0.0258752563638557,0.0109050520009424,0.0179058349135957,0.00157398082876432,0.00840659181245829,0.0152050147785205,0.00741682370160824,0.0102336358370342,0.0165362108632589,0.0169622060259974,0.0122546062496768,0.0192009492604129,0.00941514772042112,0.0186019624699848,0.0138426467500526,0.00842361594274923,0.016239298036376,0.0134343513239085,0.0090384363747389,0.0205264195831777,0.0113811631726941,0.0116108408058225,0.00948213521451025,0.0156476683937824,0.00865955043603024,0.0126085085013272,0.0132934729371321,0.019282128301247,0.0213822657943405,0.018077097505669,0.0021093952690889,0.0189488058451294,0.00962818274532851,0.0111225588910223,0.00184133023393032,0.00787171859778175,0.0447754510519117,0.00887446773665248,0.0176611220926145,0.00945999039594884,0.0212477180728629,0.0149040994019769,0.00890853981157536,0.0105825276604656,0.0104962936554604,0.0105696182328907,0.0213249413822909,0.0168618618618618,0.0176685057184493,0.0136054822263302,0.0151906676934486,0.0164945095849618,0.0181370698214261,0.00716005270019522,0.0134795522047064,0.0191282933146509,0.0171560600282644,0.00865649919650708,0.0119463373083475,0.00888508882885186,0.0172824218233406,0.0143054170945424,0.0150250516821267,0.0124113565699524,0.00929749183941076,0.0122700329814796,0.0162347046921668,0.0208162765967458,0.00106342926213862,0.011660486577957,0.0116350478846122,0.00715548750625074,0.00912358470099152,0.016686787257181,0.0115716364034794,0.00884078683721031,0.00787104235258022,0.00212842101297771,0.0228724403531843,0.0190525646650133,0.0163421494450864,0.0130661981766633,0.00384397393954018,0.0143432964961275,0.00083045174908692,0.0165760840086352
60,TRBV7-4,0.000227442734973616,0.000112799285931477,0.000193026903124623,0.00134630271616573,0.000205469776680036,0.00012681362127485,0.00144340963820467,0.000168613992977723,0.000201422490387672,0.000267351879632242,0.000131289386816045,0.000112705687880382,0.000336096795877213,0.000579803945363591,0.000200980164803736,0.000266801055346397,0.000194966855634542,0.000124242123049399,0.00030881288069174,0.000173570430541454,0.000150236744030513,0.000239167194652725,0.00033408502463877,8.04214081788572e-05,0.000420608332472439,0.000113047574187471,0.000178075361492984,0.000286964631609154,0.000180203491327129,0.000230125903092771,0.000223715870901029,0.000190476190476191,0.000208683489187939,0.00014077864669487,0.00070871722182849,0.000238061786790303,0.000345885237312878,0.000140659432256855,0.00010584250635055,0.000194480838519489,0.000148445618119741,0.000414720391146811,0.000154774188427653,0.000261164794985636,0.000254295335321212,0.000244319569997558,0.000143531143943217,0.000295263023493361,0.000144926786093239,0.00021021021021021,0.000226810086244536,0.000129519951959872,0.000142608596446194,0.000261725293132328,0.000272685321139405,0.0001103669009664,0.000147398055819643,0.000212300702715325,0.000183943112227731,0.000222350242058559,0.000217206132879046,0.000224771592396549,8.41578801832238e-05,0.000217373380006147,0.000315752473890845,0.000209323578514212,0.000299919091593896,0.000203731750632337,0.00028904518739763,0.000141159199345021,8.58669590546708e-05,0.000143328740648956,0.000165977858553669,0.000237141516777763,0.000222812479844266,0.000194554470263097,0.000170439673486283,0.000208271988853858,0.000177009947959075,0.00016010246557797,0.000192560586135638,0.000147729002336805,0.000174432549113664,8.98638113938327e-05,6.73396894517988e-05,0.000415034082036059,0.000136094099348693,0.000148259041089451
61,TRBV7-5,0.000146574206982998,0.000127512236270365,0.000270237664374472,0.000296186597556461,0.000273959702240048,0.000261086867330574,0.000290132590593902,0.000297554105254806,0.000219326711755464,4.45586466053737e-05,0.000331349404821446,0.000375685626267939,0.000405039728364846,8.09028760972453e-05,0.000494720405670732,0.000874514570302078,0.0002849515582351,0.000273332670708676,0.000383353920858713,0.00016489190901438,0.000145390397448883,0.000537077209044715,0.000434310532030402,0.000291527604648358,0.000250889180773034,0.000169571361281205,0.000178075361492984,0.000197288184231294,0.000129376865568195,0.000260405627183925,0.000228687334698829,0.000272108843537415,0.000180483017676056,0.000246362631716021,0.000115238572655039,0.000308309527154654,0.000213634999516777,0.000197965126880017,0.000162834625154693,0.000245660006550934,0.000199229645371232,0.000458375169162265,0.000269862687514883,0.00023903218524109,0.000217381496322971,0.000251300129140344,0.000125010996337641,0.000191521961184883,0.000150102742739427,0.000585585585585585,0.000204129077620082,0.000111858140328981,0.000268104161318844,0.000273357528382653,0.000384556222119674,8.27751757248001e-05,0.000206357278147501,0.00037152622975182,0.00211310258193319,0.000212243412874079,0.000221465076660988,0.000202735161769437,0.00019837214614617,0.000213625563109488,0.000196600596950903,0.000296116281800592,0.000265044778617861,0.000280611656531333,0.000252914538972926,0.000141159199345021,5.28412055721052e-05,0.00010171717078313,0.000190874537336719,0.000237141516777763,0.000257993397714413,0.000264394536511389,0.000109568361526896,0.000258544537887547,0.000206511605952254,0.000131849089299505,0.000248919782077776,9.84860015578695e-05,0.000267099840830298,0.000188714003927048,4.48931263011992e-05,0.000161792947234396,6.94357649738227e-05,0.000640045128605679
62,TRBV7-6,0.00720740755716395,0.00730252768486823,0.00751357220412595,0.00782875029450372,0.00609988399518858,0.0054082279661333,0.0126280210055996,0.00782567296820138,0.00707664349562018,0.0455240839484902,0.00750225067520256,0.00956119918851904,0.0086868094934418,0.00734867791216644,0.00841024689640246,0.0111908220436961,0.00977833768259395,0.0106599741576384,0.00683647825531371,0.00556293229885357,0.00582046224453695,0.00819462335362758,0.00991675714802751,0.0101934134866702,0.00861878126890892,0.00650965614696185,0.00804900633948287,0.0074700480665758,0.006431878459676,0.00805440660824699,0.00626901584902659,0.00852607709750566,0.00757464664809195,0.00886905474177677,0.00837208230338859,0.00842582619147972,0.0118160500923208,0.00641823779779425,0.00754738487592001,0.00945791025221095,0.00766838811497503,0.0121753175885101,0.00760377807762521,0.0069186538061449,0.00746479855297751,0.00820215699277512,0.00826461586898847,0.00832721527068437,0.00607657310262369,0.0100950950950951,0.00853939974710675,0.0342874636461044,0.00902427198311513,0.0089859017308766,0.0135223951559899,0.027729683867808,0.00696455813747817,0.00878394157484662,0.0087933780479598,0.00954590016474131,0.00626916524701873,0.01189085796639,0.00772449114538875,0.00784792858160122,0.00532608889921539,0.00820446318713017,0.00876042741957983,0.00773796252873386,0.00747904422391367,0.00707678119383041,0.00681651551880155,0.0138427822420314,0.00973460140417269,0.00750604453105265,0.00629152081244466,0.0102265811292141,0.0113038026308581,0.0153259456625563,0.0243034658547811,0.00990280838560208,0.0122299455194439,0.00488848698641788,0.0111091729716765,0.00420113318266168,0.0027328690635855,0.00410813396456031,0.0573956033273619,0.0155021099792799
63,TRBV7-7,0.00172856478579949,0.00317309295642025,0.00262034020991675,0.00242334488909831,0.000714863598032626,0.00189474469434188,0.00347433777236197,0.00175556922100335,0.0014189095433976,0.00255469573870809,0.00232569770931279,0.00266736794650237,0.00375738982057602,0.00307430929169532,0.00318476261150534,0.0023122758130021,0.00187468130417829,0.00243514561176822,0.00274736976615411,0.0017443828269416,0.00218570230831487,0.00318889592870301,0.00248336534981487,0.00359885801600386,0.00287046739178559,0.00213848327837966,0.0020809377957323,0.0017397230791305,0.00158486660321039,0.00344583260157333,0.00312207926501879,0.0025578231292517,0.00245344102153387,0.00286484546024058,0.00379134904035079,0.0025679451755413,0.00318417880232149,0.00169833240428647,0.00360271608154758,0.002303062561415,0.00265248880798169,0.00271532719256123,0.00296055242479563,0.00354564408107618,0.002063073446235,0.00270845694740149,0.0176126603729031,0.00289676966292135,0.00291406359180336,0.00381381381381382,0.00284646658236892,0.00180739205689458,0.00185961609765837,0.00266959798994975,0.00239124050845325,0.00220733801932801,0.00201935336472912,0.00252107084474449,0.00289822562192961,0.00254692095448894,0.00653321976149914,0.00475546172933093,0.00177332676100364,0.00219247288454476,0.00206132747106098,0.00271610106755024,0.00285271880143961,0.00203731750632337,0.0018787937180846,0.00311491299888014,0.00460379003546966,0.0028527042896905,0.00287971584590616,0.00165999061744434,0.00191736002392302,0.00245936804717198,0.0017165709972547,0.00214735602301046,0.00202971406993073,0.00219905445367389,0.00772120984407289,0.00200105648619853,0.00501493578701785,0.00113677721413198,0.000858581040510435,0.00248317001624964,0.0901665069644072,0.0022889749514542
64,TRBV7-8,0.0252815235630674,0.0158850820492197,0.0158426830739534,0.0153343879371277,0.0157184379160228,0.0140166349632613,0.0153842806162416,0.0131221360417369,0.0133028364762702,0.0131596536307871,0.0153983695108533,0.0238560372680141,0.0151071200813526,0.0156951579628656,0.0155682327659509,0.0157116177037323,0.0154173790455622,0.0169217771593281,0.0179537419602164,0.0127921407309051,0.0139138610358581,0.0143458357634678,0.000100225507391631,0.0154911737504524,0.014403990613793,0.0152708431464908,0.0151364057269037,0.0158278929621924,0.0131225106504884,0.0177196945381433,0.0198709407998091,0.0161269841269841,0.0176647753550439,0.0171679559644393,0.0179945031200844,0.0132963361900748,0.00954744985935695,0.0120446150880684,0.0144963525043965,0.0167662954471012,0.013442141367106,0.0180643471427947,0.0161957298198269,0.017090801244738,0.0132971851146995,0.0159226554046979,0.0135243377889721,0.0147910814606742,0.0180123291287312,0.00797297297297297,0.0171808640330235,0.0216062828951241,0.0105530361370183,0.0141680625348967,0.0142915076002293,0.0435190486373136,0.0148356143182471,0.0181039424240494,0.0165907714394671,0.0154028076771475,0.0115971039182283,0.0152095444188333,0.00761628815658175,0.0156771180787191,0.0144829106420499,0.0076734960611429,0.0151633512819797,0.016602215678888,0.0147894787551788,0.0122902609563065,0.0118100094453655,0.0173242835874722,0.0166890736775715,0.0386231357325869,0.0175787319624502,0.00596134851190773,0.0118577315696885,0.0171501210132073,0.0179724100494448,0.0129541730236763,0.0170063873755401,0.0140432084948653,0.0153064561847241,0.0126348518819729,0.00910769299835579,0.0177479828640166,0.00797678068019276,0.0155708153885653
65,TRBV7-9,0.0416169662171724,0.035428784416043,0.0408589697189046,0.0440981454680085,0.0303495982637804,0.0426690537465966,0.0543781007920619,0.0454513895776715,0.0389461575302917,0.0348448616454022,0.0520031009302791,0.0379254639717485,0.0433220152019167,0.0499305583646832,0.046364578018954,0.0425103014851926,0.0407480728276193,0.0558095616737899,0.0447459215402309,0.0721185138899737,0.041184253250687,0.0505062372286816,0.0539380272279295,0.0444328280188186,0.0433964491801826,0.0529627885068299,0.04184262208338,0.0510617691369539,0.0810915710972082,0.0448563832686356,0.037276035555909,0.0374240362811791,0.0392663365331468,0.0421913604144523,0.0421139363767841,0.0376410808785651,0.090535460866646,0.0370715748125844,0.0376677196639093,0.0397150343924009,0.0364512121756659,0.047369799624569,0.0373997936344155,0.0505951458760308,0.0473850646607414,0.0519213989040522,0.0525555488677245,0.0488939606741573,0.0378207152136894,0.0574624624624624,0.0413021167051299,0.0192042765133229,0.0271412680756396,0.0481109249953471,0.0424340311280781,0.0319167281732209,0.0721071289069697,0.0403849011740228,0.0443841270553399,0.0234832176101392,0.0297998296422488,0.0403795554811213,0.0886903831588059,0.0704814445585447,0.0400826914025963,0.0415277557959657,0.0791716653181932,0.0515518209005712,0.044633394353984,0.0423101173503477,0.0323388178101284,0.0436043017116226,0.0482663612674069,0.041623491444862,0.0449084416612429,0.0436799728621457,0.0378984788259142,0.0278797193355405,0.0318440896378377,0.0357122676159801,0.05272402780387,0.0489206829556545,0.0443222205263502,0.0573465912409743,0.275329543605255,0.027708800832882,0.0395950506186727,0.0483252152468152
66,TRBV8-1,0,0,0,0,0,0,0,0,0,0,0,0,0,0,0,0,0,0,0,8.67852152707265e-06,0,0,0,0,0,0,0,8.96764473778608e-06,0,6.05594481823082e-06,0,0,0,0,0,0,0,0,0,1.02358336062889e-05,0,0,0,0,0,0,0,0,0,0,0,0,0,0,0,0,0,0,0,0,4.25894378194208e-06,4.40728612542255e-06,0,0,0,0,0,0,0,0,0,0,0,5.15525036473396e-06,0,0,0,0,0,0,0,0,0,0,0,7.03447596671287e-06,2.49968753905762e-05,3.61607417291344e-06
67,TRBV8-2,0,0,0,0,0,0,0,0,0,0,6.2518755626688e-06,0,0,0,0,0,0,0,0,0,0,0,0,0,0,0,0,0,0,0,0,0,5.64009430237673e-06,0,0,0,0,0,0,0,0,0,0,0,0,0,0,0,0,0,0,0,0,0,0,0,0,0,0,0,0,0,0,0,0,0,0,0,0,0,0,0,0,0,0,0,0,0,0,0,0,0,0,0,0,0,0,0
68,TRBV9-1,0.0401613327133413,0.0413531990858353,0.0471564724333453,0.0436673285988354,0.0355548326063413,0.0395061728395062,0.043149969536078,0.0343774176271051,0.0263236814659977,0.0301364979874344,0.0465077023106932,0.0413066346081599,0.0354539030317655,0.0434448444642207,0.0400878128720065,0.0430883704384431,0.0300998830198866,0.0359805188351059,0.0365251096818162,0.0312339989759345,0.0357369596929355,0.0313644698250722,0.0503354770455747,0.0339679922795448,0.0300919435056598,0.0386811116344796,0.0332950047317167,0.035171102661597,0.0470423524410642,0.0397330539524123,0.0362568854773599,0.0375147392290249,0.0197346899640162,0.0307249396411552,0.0323935627733315,0.0319510139090526,0.0198477087646302,0.0394940428125635,0.0314107991923402,0.0218739764166393,0.0433265881727906,0.0280089055747152,0.0484760695293277,0.0360097560543754,0.0382017218255124,0.0310634881854036,0.0453465814122539,0.0293746807967313,0.0366147173151277,0.0326676676676677,0.0551375319660465,0.130585547928269,0.117669205099683,0.038461985855202,0.0408468627204207,0.0627711749246401,0.0327223683919609,0.0399974523915674,0.0445770430023106,0.0374104282263526,0.039565587734242,0.0370917200315562,0.0370114334491506,0.038572531500401,0.0388971302270439,0.0287437011471954,0.0418561504338365,0.0344614178192246,0.0329150207149051,0.0380847519832868,0.0757082372834336,0.0332337737995061,0.0332287672824445,0.0347979399619542,0.028842489167209,0.0360574284887608,0.0499814342498524,0.0369287781616047,0.0276725551976021,0.0441270648509164,0.0375211346984783,0.0255436874949638,0.0384841811482023,0.021899810836677,0.0138046363376188,0.037922859936549,0.0201224846894138,0.0328086409708437
2,TRBV10-1,0.0210561429755575,0.0104903335916274,0.0083049825069369,0.00766719396856383,0.00553912272966598,0.00866062437059416,0.00678184930513244,0.00519231913669636,0.00368826960176536,0.00773835162713325,0.00463263979193758,0.00200991810053347,0.011478998259191,0.00618907002143927,0.0074517261104154,0.00459490706429905,0.00593899037163682,0.00419938375906968,0.0061123652936917,0.00953769515825285,0.0078365424224948,0.0059707880349268,0.00803474484256244,0.00653423941453214,0.00951165158871884,0.00460668864813942,0.00549998473639759,0.00731759810603344,0.00689393869384812,0.0128264911250129,0.0477459383140772,0.00526984126984127,0.00680195372866634,0.00237212019680855,0.00656859864133723,0.00857022432445089,0.00894215069405941,0.0053658968601689,0.00267048785253696,0.00542499181133312,0.00213683560819732,0.00865674248046449,0.00278196682276371,0.00804741690311672,0.00735815857364926,0.00464905238909637,0.00504211018561818,0.00676311925434116,0.0551187623252468,0.00602602602602603,0.00882291235491243,0.00837758598358629,0.00406719717064545,0.00829959985110738,0.00738347946469775,0.0030281918452656,0.00535054942625307,0.00652824660849627,0.00282195652661567,0.00691307116218428,0.00501277683134582,0.00552232951515446,0.00458660446998569,0.00167527415280599,0.00622568557011194,0.00949103737702239,0.00500795134335854,0.00925634067023902,0.0057447730995279,0.00287964766663843,0.00511899178979768,0.0098342010116235,0.00674699995020664,0.00460363857570743,0.00789225257553637,0.00742798990312186,0.0021731058369501,0.00550125322282948,0.00689748763880531,0.00374828125294305,0.00457448807063686,0.0092084411456608,0.00857990100952837,0.0074137644399912,0.00244667538341536,0.0103195762431678,0.00110541737838326,0.0043067443399399
3,TRBV10-2,0.00499363160342074,0.0077978636796108,0.00809747858607793,0.0082259095957726,0.00662211967758368,0.00600499794860318,0.00979197493254417,0.00442859693320902,0.00930124300056846,0.00655012105098994,0.0050515154546364,0.00214140806972725,0.00955721401609817,0.00486765637851759,0.00701884575545352,0.00514333145584443,0.00772368697321455,0.00611271245403041,0.00720918345614857,0.00900830534510141,0.0101870205145851,0.00467005416927163,0.00612489211837746,0.0170694438859624,0.0074159890199088,0.00520018841262364,0.0067159850620211,0.0068871511586197,0.00667214978144551,0.00722474216814936,0.0039025990812735,0.0060498866213152,0.00822889758716766,0.00262552176085932,0.00433873226046222,0.00611935871618352,0.0116837998545247,0.00655889723005111,0.00175861395167069,0.00633598100229283,0.00235169110810747,0.00847339241279958,0.0027065640130169,0.0044840667342449,0.00733765088531691,0.0036368713133922,0.00457447645857738,0.00478405898876405,0.00422875657993489,0.00446946946946947,0.00847702697338951,0.00634059037549011,0.00301189355694361,0.00695607667969477,0.00578931912572891,0.0031937421967152,0.00466514846669173,0.00739337197206122,0.00237780120684627,0.00545263434502693,0.00646081771720613,0.00453069013693438,0.00491722471356265,0.0226518053233991,0.00553460468386028,0.00749991065457015,0.0128546717629663,0.0104941071552128,0.00992388476731863,0.00197622879083029,0.00622205195611538,0.00814199717041324,0.00528639479493435,0.00761430478871207,0.0077398019314324,0.00744794420776422,0.00188092353954505,0.0068873392176155,0.00897440436152512,0.00560358629522895,0.00549971820402029,0.00753865575561146,0.00744608944028955,0.0049964279134971,0.00185184145992447,0.00527585697503465,0.00990431751586607,0.00434652115584194
4,TRBV10-3,0.0152336089602329,0.0226432305715491,0.0312896609965014,0.0206926727474673,0.0232865746904041,0.0167766961321845,0.0145066295296951,0.0184880284064986,0.0380554225172441,0.016011407013531,0.0145481144343302,0.017131264557818,0.0153484203450594,0.0181357280584659,0.0166195136280012,0.0174606468443364,0.0143675575152224,0.0212454030414472,0.0128210589087192,0.0186935353693145,0.0236501713183516,0.0150633373474261,0.0213647373256493,0.0188990309220314,0.0172670789120264,0.0202072538860104,0.0233024330182247,0.0217465384891312,0.0203445121105988,0.022564450392728,0.0127468331775608,0.0169342403628118,0.020225378168323,0.0158305588208381,0.0167729742499409,0.0172185016937511,0.0167957802001048,0.0135814496256896,0.0120986126489937,0.0131428103504749,0.0134108896580282,0.0215829222508403,0.0237637907770458,0.0223318032322464,0.0199621838227151,0.0165718474049771,0.0214000305582436,0.0159162729826353,0.0124274719074953,0.0189039039039039,0.0198288717899286,0.0154010997421376,0.0110778357719403,0.0150521124139214,0.0145432171274349,0.0248463485800608,0.0157863317782838,0.0190539880687005,0.0120774355638305,0.0279504361096793,0.0150809199318569,0.0159896340630331,0.0136215540353703,0.0161043692049381,0.0150190940882797,0.0220504520878751,0.0155120944117401,0.0142266265866091,0.0213170825705752,0.0192164723375022,0.0160042801376514,0.0102873047723847,0.0196683762386098,0.0108878887703181,0.0140078687986303,0.0180386913967016,0.0175613735002831,0.021868558829655,0.0211703897759054,0.0169991147275433,0.0148271651324441,0.0206417705992426,0.0128480474456534,0.015169011363279,0.0180077552875685,0.0228409434639167,0.0121151522726326,0.0184889872461064
5,TRBV11-1,0.00293148413965995,0.0038498886720091,0.0032525033176499,0.00336575679041432,0.00293222493803802,0.000186490619521838,0.0013418632314968,0.00418063517883002,0.00322275984620273,0.00377263207925498,0.00245073522056617,0.00473363889097603,0.00375738982057602,0.00489462400388333,0.00214894176213225,0.00489135268135061,0.0034794085005549,0.0024599940363781,0.00354602376794309,0.00269902019491959,0.00470095618418055,0.00588686972101357,0.00457139675380718,0.0053279182918493,0.00341652031464454,0.00404145077720207,0.00445697190479582,0.00394576368462587,0.00516583341804437,0.00469941317894711,0.00331099488933522,0.00393650793650793,0.00273544573665272,0.00475831825828658,0.00361272925273547,0.00379337797967499,0.00209565761430744,0.00195360322578964,0.00368006252849606,0.00271249590566656,0.0129343010945911,0.00350547867464093,0.00512739106278276,0.0023903218524109,0.00189491040190967,0.00162647028026945,0.00250484996365421,0.0032758235444331,0.00310039803106609,0.00461961961961961,0.00481971433269638,0.00339106783313121,0.00341119762699295,0.00490880327563745,0.00384556222119674,0.0016968911023584,0.00339752518664279,0.00469715304757658,0.00569775006168823,0.00176364169269175,0.00341567291311755,0.00355227261709057,0.00366086778797023,0.00480095344461851,0.00338391330509433,0.00660645635603388,0.00310381385486706,0.00266773273469513,0.00444406975623855,0.00479941277773072,0.00309781567666466,0.00205746095447695,0.00455609221729821,0.00148986735540811,0.00296692407371575,0.00377136357740774,0.00343922912570535,0.00266444509878555,0.00299146812050837,0.00388013034224256,0.00448525267706181,0.00248900985755342,0.00367398556570656,0.00476727519444282,0.0341131643481237,0.00430509929162827,0.000927661820050272,0.00433567293332321
6,TRBV11-2,0.019155732567778,0.0237467018469657,0.0254602485221378,0.0287570260173,0.0122939416380222,0.0239453955466041,0.0213900252415354,0.0206155402590705,0.0292734019363415,0.0182987508726068,0.0238258977693308,0.0168119317754902,0.0237939295747944,0.0200639132721168,0.0258955212343274,0.0200990128360952,0.0229610966135756,0.0375708180101382,0.020381650125655,0.0227464049224575,0.0316660285643668,0.022670532503661,0.0290319886411092,0.0205778278177651,0.0223586534630086,0.0214696184644371,0.0228241734759292,0.0231903292919148,0.0235096247146777,0.0269368425514906,0.0281434565593493,0.020498866213152,0.0264915229382635,0.0219966635460734,0.0216936613023111,0.0233027365397524,0.0279505791034451,0.0256937896255854,0.0388645541587963,0.0254872256796594,0.0186142992194885,0.0316497140612041,0.0170807206921184,0.0223273767102974,0.0262662472160813,0.0203483299012251,0.0220528657613402,0.0231103166496425,0.0292338031376649,0.023988988988989,0.0296497485243169,0.0116273593236704,0.0142551553007615,0.0251314442583287,0.0243039532379634,0.0195487373336736,0.0150198618880217,0.0260121436001953,0.0226384620561251,0.0234882710247314,0.0248253833049403,0.0216970695954551,0.0198612597232408,0.0195973345526231,0.0198745330735823,0.0264666690492115,0.0187833049688921,0.0310171980349496,0.0336978514307737,0.0184353914344598,0.021843233353369,0.0193077684177432,0.0234941658782718,0.0270599091644885,0.023735392589726,0.0250226980215307,0.0143230197040437,0.0239656423036319,0.0236485290473325,0.0240530410050668,0.0182791658839,0.0242499395654082,0.0126245557421015,0.02418684483665,0.00953417769821718,0.00174455003974479,0.0175978002749656,0.0194689433469659
7,TRBV11-3,0.00419000060651396,0.00799894066757561,0.00534201954397395,0.00545925751405203,0.00492699401997337,0.0074074074074074,0.014412336437752,0.0064271686735038,0.0138847236707234,0.0255172516226774,0.00481394418325497,0.00668720414756931,0.00840241989693032,0.00776667610533554,0.00621492509623857,0.00690718287730116,0.00469420198566244,0.0085727064904085,0.0114473740256421,0.00604025098284257,0.0189782932136609,0.0164647731897771,0.00881427656671956,0.00819293095822108,0.0170014315441491,0.006547338671691,0.00779461296592146,0.017899418896621,0.00525362486253709,0.00685532953423728,0.00784496987292938,0.00686621315192744,0.00576417637702902,0.0176254865661977,0.00845851123287987,0.00773115409232114,0.00572745260609266,0.00456361713544462,0.0158519507588094,0.0161112020962987,0.0230129772721946,0.00705461212729733,0.0080800063497103,0.0083351408297958,0.00573394965772668,0.0141984572964294,0.0071395169019497,0.00614865296220634,0.00794509345189725,0.0053003003003003,0.00629965014544197,0.0131109515006653,0.015207780725022,0.0196410292201749,0.00747437457174421,0.018038090376696,0.00566008534347431,0.0151211175508991,0.00699881109939658,0.00699897921025236,0.00705281090289609,0.00877931396184171,0.0143609411255516,0.00697468724467998,0.00409286697288699,0.0106806079573593,0.00512652400747705,0.00758804671223082,0.014259562578283,0.0183224640749837,0.0045773694326836,0.0245277086820229,0.00849806635794785,0.00474283033555524,0.00584003236644445,0.00651009188957288,0.0116203334530469,0.00659288571613246,0.00592393292503039,0.00651711212823266,0.00340973135449934,0.0163441996221719,0.0160750496042562,0.00431795613747366,0.00350166385149354,0.0195488087114951,0.00365232123762308,0.00671504973910025
8,TRBV12-1,0.0337120676060895,0.0307696834753951,0.0367716250452406,0.0281915788765104,0.036449482258969,0.038983999104845,0.0353454028491021,0.0356569002797008,0.0272636530878068,0.0319336967338512,0.031278133440032,0.0434292583965737,0.0349540667712302,0.0298801289052492,0.0370421903745961,0.0253461002579077,0.0328894088005039,0.0325514362389425,0.0387613408868254,0.0650715544099907,0.0351796298360481,0.036441527816823,0.0344441660402572,0.0366218987494471,0.0383860446582742,0.0310598210080075,0.0283038067424419,0.0365072817275271,0.0545600724510448,0.037177445239119,0.0316980531747768,0.0248707482993197,0.033834925719958,0.0395517607889236,0.0275362569359215,0.0233846922368441,0.0291357446960025,0.0291946466062005,0.0369756725070019,0.0281075990828693,0.0873289945543896,0.0405552887763566,0.0233272481943011,0.0410161523785916,0.0346251809803495,0.0266308331297336,0.0348086174246809,0.0391143705311542,0.0309781005274299,0.0352002002002002,0.0373556212044749,0.0311848720696111,0.0244317047431619,0.038217708914945,0.044447707345723,0.0365176483572576,0.0383308644158983,0.0311285905356347,0.0304762332039749,0.0518884610331201,0.0258006814310051,0.0242577028343257,0.0352020390252113,0.0364475193199961,0.0437763995877345,0.0301987552905258,0.0645802527690205,0.0455052163016152,0.0296512188072069,0.0295869681827165,0.0276095299114249,0.0617746872196999,0.0339673687530084,0.0343906751831402,0.0355972253982774,0.0415398736892517,0.0307521868018821,0.0407494918881651,0.0376264146045008,0.0417537812435252,0.0225014089798986,0.0366815589438719,0.0411115714192268,0.0278218360075306,0.0160661275750417,0.0415385805834395,0.0178949853490536,0.0377662786619079
9,TRBV12-2,0.000945150920890363,0.000662082765249974,0.00114368440101339,0.000686614385244522,0.000629251191082611,0.000731043228525605,0.000594771810717499,0.000867866140326516,0.000640075913898599,0.000906025814309267,0.000650195058517555,0.000601097002028702,0.000775607990485876,0.00110567263999569,0.000865760709923782,0.00108202650223816,0.000884849575572153,0.000969088559785309,0.000596328321335776,0.000963315889505064,0.000746337373570934,0.000918905537349943,0.00100225507391631,0.000794161405766215,0.000892870319809914,0.00083843617522374,0.000600368361604916,0.000887796829040821,0.000651504930182698,0.000847832274552315,0.000820291526637103,0.000743764172335601,0.000896774994077901,0.000746126827482807,0.0010198613679971,0.00074540657831062,0.000712116665055927,0.000458445556985304,0.000573992053670293,0.000634621683589912,0.000773479799676545,0.000886191993713712,0.000638939598380823,0.000686110902080908,0.000709566016299511,0.000600328086279712,0.000319472546196193,0.000750127681307456,0.000807449236805193,0.00073073073073073,0.000952602362227048,0.000688810653604775,0.000564730041926926,0.000843337055648613,0.000978870383577352,0.000434569672555201,0.000508523292577771,0.00077489756491094,0.001000471073824,0.000520501703000718,0.000685689948892675,0.000625834629810002,0.000823544970364404,0.0109061471692739,0.000577886603158716,0.000975141548688153,0.000683536534330274,0.000849522960183896,0.000879179111667791,0.000526994344221412,0.000363283288308223,0.000906207521522428,0.000738601470563826,0.000742356052521691,0.000627393035350959,0.00152650430514123,0.00036522787175632,0.000761270028224446,0.000631335481054035,0.000645118758358291,0.00067161375164381,0.000429757097707067,0.000746789350892876,0.000539182868362996,0.000168349223629497,0.000794895784238553,0.000247191323306808,0.00118245625454269
11,TRBV12-4,0,0,0,0,0,0,0,0,4.47605534194824e-06,0,6.2518755626688e-06,0,0,0,0,0,0,0,0,0,4.84634658162944e-06,4.19591569566184e-06,0,0,0,0,0,8.96764473778608e-06,4.62060234172127e-06,0,0,0,0,7.03893233474346e-06,0,7.80530448492796e-06,5.08654760754233e-06,5.20960860210572e-06,0,0,7.81292726946004e-06,0,0,0,0,0,4.6300369013941e-06,0,0,0,0,0,0,5.81611762516285e-06,1.39838626225336e-05,0,0,1.06150351357663e-05,0,0,0,4.40728612542255e-06,6.01127715594456e-06,3.7478168966577e-06,1.19151876939941e-05,1.02109062689859e-05,0,7.68799058989952e-06,0,0,0,0,0,0,0,0,0,0,5.90033159863585e-06,0,0,4.47663643444861e-06,0,4.49319056969163e-06,0,0,0,0
12,TRBV12-5,0.00621676808927885,0.00444331100234426,0.00977681264326216,0.00776816667227626,0.0102563663526118,0.00688523367274626,0.00483070763338846,0.00512288984547024,0.0043417736816898,0.00463409924695887,0.00568295488646593,0.00465850176572244,0.00598941725986315,0.00365411323705891,0.00558106457647295,0.00583997865591557,0.00539908215603347,0.00385150581453136,0.00514333177152106,0.0028899476685152,0.00612093573259798,0.00622254297666651,0.00697680893120632,0.00606176364148136,0.005681902035154,0.00556759302873292,0.00302728114538072,0.0047618193557644,0.0052998308859543,0.00449351105512727,0.00537912382922028,0.00272108843537415,0.00808789522960824,0.00719378884610783,0.00463835254936532,0.00246647621723724,0.00368774701546818,0.00286007512255604,0.00420520419461995,0.00363372093023256,0.00613314790652613,0.00752171825206268,0.00269465830621478,0.00744540991806508,0.00589390962671905,0.00624061987365189,0.0078525425847644,0.00305238125638407,0.00530535556234181,0.00489489489489489,0.00488208710641362,0.0051807980783949,0.00492855309318045,0.00528103480364787,0.00555159346114584,0.00466989949714081,0.00441457177179833,0.00485637857461308,0.00272774176181611,0.011476304538977,0.00278534923339012,0.00371974948985663,0.00613150269906345,0.00288207119352977,0.00250814700958576,0.00343596995951376,0.00433836453421868,0.00735356299923889,0.00360102129299548,0.00764141799121049,0.00784691902745761,0.00529391638848562,0.0101080515859184,0.00595431417126773,0.00915876561886166,0.00931866026798631,0.00126612328875524,0.0112610509835465,0.00949953387380371,0.00412970183270234,0.00452752207401841,0.00679553410749299,0.00716263654797985,0.0152274228406849,0.000897862526023984,0.00907447399705959,0.00309961254843144,0.00262526984953515
13,TRBV13-1,0.00679801063421142,0.00427165991505724,0.00637471347569067,0.00586314832890175,0.00666064526071118,0.0080862332624669,0.00749992746685235,0.00657098649104363,0.0062620014233856,0.00570350676548784,0.00639566870061019,0.00557893155007889,0.00643754632103277,0.00734867791216644,0.00579750475395389,0.00758900779651973,0.00721377365847806,0.00586422820793162,0.00905141202027516,0.00336726635250418,0.00902874368157564,0.00630226537488409,0.00876416381302375,0.00604165828943665,0.00878112132705618,0.00492699010833727,0.00815585155637865,0.00761353038238038,0.0218693108833667,0.00792723176706414,0.0071688507964285,0.00447165532879819,0.00752952589367295,0.00760204692152294,0.00770369858198937,0.00547542109617696,0.00496447046496132,0.00502727230103203,0.00506822770793982,0.00512815263675074,0.00644175853366981,0.0132841489501026,0.00663147868878482,0.00613073289923909,0.00545504509640665,0.00471187742138146,0.00768586125631421,0.00688282048008172,0.00770182348952645,0.0552752752752753,0.0097868552214517,0.0255625287004439,0.00860785488149226,0.00764237855946399,0.0185915453566584,0.0035800263500976,0.00854908723753934,0.0090705475235123,0.00800825500796339,0.00516458971326925,0.00873083475298126,0.0164656209645786,0.00654026954566767,0.00704214794881981,0.00552268949616629,0.00490123500911324,0.0100159026867171,0.00792631829818641,0.00810530879660853,0.00668153543566434,0.00757610784890057,0.00643129929815152,0.0136018855084732,0.00834119509013956,0.00423930060335274,0.0055323309620968,0.00957505737121152,0.00584597927334621,0.00519229180679955,0.00541993934941893,0.0144232575615255,0.0148713862352383,0.008094760482306,0.00600739579167772,0.00172277372180852,0.00697116568301244,0.0021052923940063,0.00739487168360797
14,TRBV14-1,0.00868325819299274,0.0152180949671901,0.014240559778019,0.0117936117936118,0.0160523263031279,0.010853754056171,0.015036121507529,0.0115550177540616,0.0090729641781291,0.0101593714260252,0.0103218465539662,0.0102186490344879,0.0116255019907272,0.0109218882731281,0.0100490082401868,0.0091305250051878,0.00953837847565914,0.0160769307225922,0.0127145717084806,0.0159250870021783,0.00929044639698363,0.00915548804793414,0.00903143183273476,0.00809240419799751,0.0114523531929338,0.00997644842204428,0.0120938609791092,0.0105280149221608,0.010858415503045,0.00896885427579984,0.00922206534492016,0.011718820861678,0.0101183291784639,0.0129094019019195,0.0115930004090969,0.00752821617571302,0.0100103256916433,0.0394471563351446,0.013348368397056,0.00841385522436948,0.00944192260514247,0.0104553193347012,0.0111953329629336,0.0108626848626229,0.0128542190467206,0.0107151582841786,0.00909802251123942,0.0080519024514811,0.00874219077541007,0.0104254254254254,0.0103652209413753,0.00740618634388725,0.00946921080402726,0.0121731341894658,0.0117114849463719,0.00882935207731201,0.0112906910757847,0.00944207375326412,0.00965925660064156,0.0103140191827618,0.0108177172061329,0.00924648629113651,0.00993062986162039,0.0140955393483296,0.0079474301918941,0.0129065855239982,0.0125129034958012,0.0135077994664534,0.0111161961653338,0.0104834232046902,0.0195182203081963,0.0100468823687155,0.0108300552706269,0.00911448264484965,0.0145238555940591,0.0564557164094224,0.0467796032407887,0.012611228014737,0.0122372877355707,0.0109199299316268,0.00895641555513809,0.0113930397256717,0.013104245252164,0.009718771202243,0.00792924843294931,0.0119164022876116,0.00518824035884404,0.0131552778410591
15,TRBV15-1,0.00632796231526595,0.0152671381349865,0.0138110749185668,0.0130995254282926,0.0131800300499548,0.0106448845623065,0.0185177125946558,0.0157306936978041,0.014708317853642,0.0119268644080384,0.0128788636590977,0.0184273799684424,0.0137282614316,0.00991060232191254,0.0165576735772923,0.016423087184656,0.0202165631842587,0.0134678461385548,0.0147271797929888,0.0149704496342003,0.0179072506191208,0.0175095561979969,0.0131740861382555,0.0124753709437452,0.0151418999690078,0.0136599152143193,0.0165253935465489,0.0130927613171677,0.0308517618356729,0.0162057083335857,0.0180314991946229,0.0166077097505669,0.016559316871778,0.0139300470904574,0.0149349190160931,0.0150798482648808,0.0184031292440882,0.033654071569603,0.0359538852341562,0.0131530461840812,0.0113365574679865,0.0146636399353909,0.0137034685292483,0.0116550322914776,0.0130223820910459,0.0229660395797704,0.0117001032498229,0.0118584014300306,0.0202638702698226,0.0106206206206206,0.013551902653111,0.0126281953160876,0.00990844528108153,0.0146740647682859,0.012606452154214,0.0110159963027088,0.0165749113769189,0.0141392268008407,0.014567397204962,0.0138160354951841,0.0120357751277683,0.0152359881355857,0.0122389602895031,0.0134958886448643,0.00942491346594937,0.0154797339037826,0.0142496442820077,0.0159256725069768,0.0103935831968398,0.0147276097983305,0.00900942555004393,0.0132555967561469,0.0180002987601454,0.00859380235801152,0.0131400728245,0.0148210597731196,0.0107437865608317,0.015088946502826,0.0102488759868305,0.0116686444030062,0.0110604922036446,0.0106006750767743,0.0140091141006912,0.00973225077395207,0.00948928457191598,0.0134710214762551,0.00651585218514352,0.0144932252850371
16,TRBV16-1,0,0.00107894969151847,0.000554952346483291,0.000794318602537781,4.28062034750075e-06,0.000626608481593375,0.00114602373284591,0.000967050842078117,0.000769881518815098,0.000757496992291354,0.0010628188456537,0.0012585468479976,0.000835933056412554,0.000903415449752571,0.000788460646537729,0.000637358076660836,0.000824859773838447,0.00141636020276314,0.00166120032372108,0.00191795325748305,0.00114373779326455,0.00125457879300289,0.00115816141874774,0.00124653182677229,0.000922386694018507,0.000781912388130005,0.00121091245815229,0.00121063203960112,0.00091487926366081,0.00142920297710247,0.00135223815300177,0.00114285714285714,0.00115621933198723,0.00133035821126652,0.000864289294912793,0.000788335752977723,0.000946097855002874,0.000489703208597938,0.00716879437243536,0.00126924336717982,0.000753947481502895,0.00116994805081416,0.00114691642193825,0.00104023265799363,0.000783393694295992,0.00139611182855747,0.000995457933799733,0.00132070352400409,0.00126293342166966,0.00117617617617618,0.00124745547434494,0.000435658020228662,0.000895581985682097,0.00100037223152801,0.00195774076715471,0.000993302108697602,0.000810689307008041,0.000902277986540136,0.00158819174947845,0.000752958774243756,0.00402470187393527,0.000974010233718383,0.000955793067795183,0.0010718756324441,0.00104257892322449,0.001087461517647,0.000948581312948135,0.00110322664965058,0.000843048463243087,0.00172214223200926,6.60515069651313e-06,0.00126221761926338,0.000705405898853093,0,0.00029317431558456,0.000838080794979497,0.00096176672895831,0.00101263277339289,0.000507428517482683,0.00053210525324443,0.000371031373285742,0.000747598284552918,0.00064867104201644,0.000404387151272247,0.00234005420845001,0.00110441272677392,0.000708244802732992,0.000777455947176389
17,TRBV17-1,7.07599619917919e-05,0,5.30823983592713e-05,4.03890814849719e-05,7.70511662550136e-05,0,1.45066295296951e-05,0,1.34281660258448e-05,1.48528822017913e-05,0,0,0,0,0,0,0,0,3.19461600715593e-05,0,1.93853863265177e-05,0,0,0,3.68954677607402e-05,0,5.08786747122811e-06,2.69029342133582e-05,4.62060234172127e-06,0,0,0,0,1.4077864669487e-05,0,0,0,0,8.14173125773465e-06,0,3.90646363473003e-05,0,3.96856893404239e-06,0,0,0,0,3.99004085801839e-06,0,0,0,5.88727054363056e-06,1.71130315735432e-05,2.32644705006514e-05,0,1.37958626208e-05,0,4.77676581109484e-05,0,5.05341459223997e-06,0,4.40728612542255e-06,0,3.7478168966577e-06,0,0,0,3.0751962359598e-05,0,0,3.30257534825657e-05,3.69880621029562e-05,8.29889292768344e-06,5.67077540120736e-05,0,0,0,1.4363585438197e-05,2.95016579931792e-05,9.41779209282175e-06,4.69659966184482e-06,3.13364550411402e-05,3.81571201186141e-05,8.98638113938326e-06,0,7.03447596671287e-06,0,3.61607417291344e-06
18,TRBV18-1,0.0358045407678466,0.0328442094731783,0.0200603209072264,0.0261923193430043,0.0429817089092551,0.0248256312707471,0.0349392172222705,0.0258971256273433,0.0208897502808725,0.0249528420990094,0.0274332299689907,0.0291719888797055,0.0384270669952947,0.0253495678438036,0.0317703260516674,0.0238045830492396,0.0233360328744113,0.0545422920186859,0.0379733356050603,0.0348095498450884,0.0334204060269166,0.0379982125399136,0.0279740527297531,0.0296453415899312,0.0187724139966647,0.0333678756476684,0.0295655978753065,0.0303823803716192,0.0225023334041826,0.0295893463818757,0.028252828762901,0.0230204081632653,0.0269145300109418,0.0299084234903249,0.0204836562894332,0.0382928238030566,0.0316739319521661,0.0210572379697114,0.0232609262033479,0.0303594824762529,0.0305329197690499,0.0298380407735627,0.0284030478609414,0.0388205974919327,0.0285426006209728,0.0678021709538934,0.0252475912233021,0.0289956269152196,0.0297876304988069,0.0236586586586587,0.0283172392676302,0.0515842645032909,0.0147685462479679,0.0238693467336683,0.0306316510746598,0.0282608245787089,0.0433350284109752,0.0276309364583997,0.0263397563875367,0.0324934558281031,0.025954003407155,0.0355976500350379,0.0239789845750628,0.0266732128535128,0.0464692320065772,0.0353195247844222,0.0249351337778646,0.0268464631399292,0.029506696213508,0.0239594214354949,0.0217639715450108,0.0306584799755878,0.025353117894073,0.0362259443129856,0.0255296194011034,0.0266290195452414,0.0270268625099677,0.0298188033696971,0.0283923956526357,0.0262850577310655,0.0263291377043021,0.0300292772022812,0.0362383620783639,0.0257145296303453,0.0316777122462837,0.0318661761292093,0.015920232193198,0.0221448382349219
19,TRBV19-1,0.0416927804621636,0.0582387617580994,0.065551936301122,0.0612096529904749,0.0542012148400546,0.0543060684047592,0.0571343604027041,0.0565997500545516,0.0514433040450112,0.0500987716666419,0.0719028208462538,0.052671124802765,0.0649959496027164,0.0672437738494937,0.0604795695932471,0.0486170811964544,0.0620744473439515,0.0588162210515853,0.0641159432636197,0.0594131583743394,0.0664337189409764,0.0614785567728374,0.0540215484840892,0.0553801922071655,0.0713115600879588,0.0603203014601978,0.0549489686892635,0.0667013415596528,0.0265777046695807,0.0582157975376528,0.0494113786863405,0.0576961451247165,0.0635187420333667,0.0628365489522549,0.0607192039319402,0.059644234221577,0.0671780342528116,0.0507415877845097,0.0849508239432033,0.0554679823124795,0.06634347190862,0.0612214606888724,0.0549686483054211,0.0757422170677834,0.0609816620250932,0.0485846916337999,0.0592829924854501,0.0538416113381002,0.0483641389019726,0.0595645645645646,0.0537936822050477,0.0495825925184566,0.0590684806480135,0.0560441094360693,0.047747898924641,0.0538521497402929,0.0733305327702728,0.0516686835233425,0.0544606204715225,0.0609947141283365,0.0550383304940375,0.0752103377303358,0.0516609158781875,0.0505468064852223,0.0786461963742084,0.0591926236413113,0.0663030438300365,0.0610311132979173,0.0598203102418345,0.0540075096694051,0.0613090087650349,0.0430171162257381,0.0611047486265332,0.0683328435845487,0.0981019894809055,0.0575332488601103,0.0473944034915785,0.0678966683663576,0.0617115681901323,0.0780216985929819,0.0515170016907759,0.0585275447439812,0.0565761071015852,0.0453048405142008,0.0356114724384263,0.0565079454406043,0.0406004804954936,0.0639647360446658
21,TRBV20-1,0.0585538685482077,0.0945503231944758,0.0737266256484498,0.0659957591464441,0.0941094383398041,0.0982283391145425,0.0841964777903502,0.0975630318779631,0.0789799965086768,0.0880924443388239,0.0690582174652396,0.0936772109099105,0.0788362432996087,0.077707212491404,0.0836077485583538,0.089482109507011,0.10102282611956,0.0742967895835404,0.0889807045193167,0.070486951842884,0.083362007550608,0.0828189840009734,0.0867396085637128,0.0840403715469058,0.0798270340471377,0.0787376354215732,0.0934081589042769,0.0813813759954086,0.0588849562428959,0.0934250607108469,0.0805327420605724,0.115963718820862,0.0959887649321497,0.0910415508175721,0.120464641924945,0.0875794189731342,0.106247806426344,0.137017915843982,0.0636561258385984,0.068027350147396,0.0785511707671513,0.0938010215218056,0.0893880466703706,0.0820411578010809,0.0913945638219768,0.0889253429199679,0.094397192345623,0.0704361912665986,0.075646606384025,0.0673773773773773,0.075663844771177,0.0680509602138256,0.0556858047403097,0.0692815931509399,0.0959153137279579,0.0750356967945314,0.0627252426540494,0.0798887544317771,0.0816258776553983,0.0714047481883509,0.102108177172061,0.0635839169314711,0.0696105894658379,0.0841947065834152,0.0654262956277218,0.0902542005115664,0.0820522835700137,0.0811428966810945,0.0801618653049427,0.0858153825884833,0.118152935659227,0.0726584244934947,0.0843416488240468,0.0659253416642179,0.0899341530487197,0.0835935707230443,0.0978871567618897,0.103697905071064,0.138769898868316,0.0736047541014484,0.0869152733421003,0.0645844338397901,0.101432527309596,0.0654343342664193,0.0457012025746208,0.118221403096576,0.0712633143079337,0.0910021226355396
23,TRBV21-1,0.00839010977902674,0.00603721395572383,0.00899987935818555,0.0140688633839318,0.0079405507446139,0.0065644698071687,0.0079641396118026,0.00805875701731764,0.00962799504053067,0.00626791628915591,0.0062331199359808,0.00587948005109325,0.00699770764749479,0.00695764734436309,0.00777638637663682,0.00770758604334035,0.00802363598188309,0.00665937779544777,0.00660220641478894,0.00680396087722496,0.00724044179295438,0.0104436341665023,0.0234472006458977,0.00683581969520286,0.0086925722044304,0.00793217145548752,0.00554577554363864,0.00664502475069948,0.00606685087468003,0.00712179110623944,0.00649273171992761,0.00617687074829932,0.00658763014517603,0.00627168871025643,0.00662045599903199,0.00576421736211929,0.00635818450942792,0.00367277406448454,0.0176838402917996,0.00459588928922372,0.00724258357878947,0.00683633823722006,0.00662751011985078,0.00575890505553072,0.00744839240231163,0.00635230881993649,0.0040096119566073,0.0104898174157303,0.00665628024699665,0.00751251251251251,0.00705379368220505,0.00807733518586113,0.00422691879866518,0.00721198585520193,0.0086979625512159,0.00740837822736962,0.00516630185647852,0.00581703925439994,0.00655914219699858,0.0070798338437282,0.00678449744463373,0.00501549161073086,0.00629981845942989,0.00468477112082212,0.00730401005641841,0.00854142309400671,0.00493122785481127,0.00745735087220253,0.00700934579439253,0.0051005524030001,0.00671083310765735,0.00737911838953977,0.00648973426944846,0.00880001237260087,0.0115745219792784,0.00593640563110477,0.00844285096876692,0.00734697395163781,0.00755832477785252,0.00534930590872275,0.00707777569040015,0.00447663643444861,0.00692824281010836,0.00872128289577146,0.00244106374262771,0.00773088908741744,0.00306906081184297,0.00644384417613174
24,TRBV22-1,0,1.96172671185177e-05,0,0,8.56124069500152e-06,0,0,0,0,0,0,0,8.61786656095417e-06,0,0,2.96445617051552e-05,0,0,0,8.67852152707265e-06,4.84634658162944e-06,8.39183139132369e-06,0,1.00526760223572e-05,2.95163742085922e-05,0,0,0.000358705789511443,0,1.81678344546924e-05,0,0,1.12801886047535e-05,1.4077864669487e-05,5.76192863275195e-06,0,5.08654760754233e-06,5.20960860210572e-06,0,0,3.90646363473003e-06,8.73095560309076e-06,3.96856893404239e-06,4.42652194890909e-06,0,0,0,1.19701225740552e-05,1.03519132923743e-05,1.001001001001e-05,0,5.88727054363056e-06,0,5.81611762516285e-06,0,1.37958626208e-05,0,5.30751756788315e-06,0,2.52670729611999e-05,4.25894378194208e-06,4.40728612542255e-06,3.00563857797228e-05,7.49563379331539e-06,0,5.10545313449296e-06,0,7.68799058989952e-06,0,0.000188212265793362,0,0,8.29889292768344e-06,0,5.86348631169121e-06,0,6.08713119593867e-06,2.87271708763942e-05,5.90033159863585e-06,4.70889604641088e-06,0,4.47663643444861e-06,5.45101715980202e-06,4.49319056969163e-06,5.6116407876499e-06,0,5.55486119790582e-06,0
25,TRBV23-1,0.00214301599175141,0.00186364037625918,0.00256725781155748,0.00219447342735014,0.00253412724572045,0.00208123531386371,0.00242260713145907,0.00227628890519926,0.00183518269019878,0.00246557844549735,0.00173802140642192,0.00199113381922008,0.0022751167720919,0.00287205210145221,0.00301470247205602,0.00302374529392583,0.00247457932151535,0.00228605506410893,0.00191676960429356,0.00192663177901013,0.00210816076300881,0.00259727181561468,0.00262813552715833,0.00230206280911979,0.00215469531722723,0.00216674517192652,0.00182654442217089,0.00217913767128201,0.00185286153903022,0.00214986041047195,0.00175492672062362,0.00210430839002267,0.00282568724549074,0.00233692553513483,0.00228172373856978,0.00185766246741285,0.00173959928177947,0.00129719254192432,0.00255650361492867,0.00157631837536849,0.00271889868977209,0.00258872833631641,0.00173823319311056,0.00144747267729328,0.00248553182588153,0.00215699277512129,0.00156495247267121,0.00211871169560777,0.00180640886951931,0.00230730730730731,0.00281811532158835,0.00361478411378917,0.000456347508627819,0.00230899869718965,0.00246115982156591,0.00226252146981121,0.00191617472565537,0.00192662887714158,0.00228807285941811,0.0021628614454787,0.00216354344122658,0.00420895824977854,0.00196568762999387,0.00155159619521628,0.00237112235110483,0.00289989738039199,0.00163211784727841,0.00269079670646484,0.00173427112438578,0.00151510873963657,0.000911510796118813,0.00294979795271077,0.0023568855914621,0.00201054764224624,0.0020053123185984,0.00157140149058656,0.00148526001180904,0.00372016862849304,0.00263744822459022,0.00188826731461077,0.0017189554762352,0.00124002829234226,0.00231123127575605,0.00157710988996176,0.00113355143910528,0.00265199743945074,0.00110541737838326,0.00272290385220382
27,TRBV24-1,0.0231182904393182,0.0283126207688007,0.0200941006152733,0.0215408434586516,0.0286159470230426,0.0212524710007087,0.0157687062987786,0.0215925095713237,0.0110916651373477,0.0233932894678212,0.0101592977893368,0.012303704260275,0.0122632241162378,0.0198212046438251,0.0111466691402687,0.0139625885631281,0.0170521011428057,0.0102623993638803,0.0187736934020531,0.01924028222552,0.0174953111596822,0.0158102103412538,0.00853587237952059,0.0148779605130886,0.0278560781593589,0.0148845972680169,0.0138440873892117,0.0193701126336179,0.020820434151796,0.0174047854075954,0.0154015948455864,0.0159546485260772,0.0127973739720928,0.00697558194373078,0.0175508346153625,0.0186078458920682,0.00931346866941001,0.00852291967304497,0.0186119976551814,0.0166741729446446,0.0292828514059363,0.0086392805692583,0.0202793872529565,0.0089194417270518,0.0150731509242815,0.0127395204355869,0.00572735564702451,0.0133945671603677,0.0156572688547161,0.0107357357357357,0.0121059883533021,0.0263043247889414,0.0164171016228859,0.0201644798064396,0.0131727985904267,0.0171551551689649,0.0180415220323244,0.0196325074835998,0.0140963233809641,0.0129316879415421,0.0140800681431005,0.0108287020101632,0.0202159250754415,0.0122553612520707,0.0233597254740755,0.0202533325845335,0.00883715090812711,0.0192007564982741,0.024508623181424,0.0164497520303398,0.0243730060701335,0.0281849033224527,0.0524407044100317,0.0267454388922399,0.0200062152954904,0.00719851539973461,0.0118455573072966,0.0254594551892043,0.022993592239884,0.016434047201974,0.0282923163629532,0.024308135839056,0.0357477705339817,0.00960644143800072,0.0338774754350425,0.0228268745119832,0.00798789040258856,0.0218989451911637
28,TRBV25-1,0.0066008935972343,0.0132956027895754,0.0111762576909157,0.0110733398404631,0.0149522068738202,0.00951848122039461,0.00905213682652973,0.00853484358572534,0.00882230507897999,0.00793143909575653,0.00775857757327198,0.00668720414756931,0.0105741222702908,0.0135781993716544,0.00797736654144057,0.00819672131147541,0.00808362578361678,0.00822482854587018,0.0104357456233761,0.0100757634929313,0.0102839474462177,0.0132716813453784,0.0126785266850413,0.00697655715951586,0.0107587183990319,0.00796043334903438,0.0109032999908418,0.00786462443503838,0.0117548123573389,0.00823002900797568,0.00790462743850298,0.011546485260771,0.0115565532255699,0.00948848078723419,0.010475186254343,0.0075399241324404,0.00272130297003515,0.00897615562142817,0.00700595974728066,0.00394079593842122,0.014426570203058,0.00858252935783821,0.00771886657671244,0.012757236256756,0.00853940142159295,0.00972391888590276,0.0108296563123608,0.0101027834525026,0.00814177980445235,0.00941941941941942,0.00673058930930658,0.0088426803565331,0.0131085821853341,0.0150230318257956,0.0129350729258436,0.00811886515234081,0.00959561343385881,0.00755259749909772,0.00755512685345118,0.0623692428974257,0.0100170357751278,0.0104805264062548,0.00884258869639443,0.00996544512821282,0.00845978326273585,0.0104304407537691,0.0121920598164216,0.00883734518308949,0.00800896040080933,0.00927886470361274,0.00823662291855189,0.0238804175952211,0.00687148334412189,0.0073771632719343,0.00882454689909527,0.0119326741761367,0.00693932956337008,0.0167694859990951,0.0143673074426783,0.0197679456028329,0.0204724779259816,0.0117422173675587,0.0186043215664043,0.00910320409419524,0.00382152737638958,0.0133232974809541,0.00521045980363565,0.00930415884690627
30,TRBV26-1,0,0,0,0,0,0,7.25331476484753e-06,0,0,0,0,0,0,0,0,0,0,0,0,0,0,0,0,0,0,0,0,0,0,0,0,0,0,0,0,0,0,0,0,0,0,0,0,0,0,0,0,0,0,0,0,0,0,0,0,0,0,0,0,0,0,0,0,0,0,0,0,0,0,0,0,0,8.29889292768344e-06,5.15525036473396e-06,0,0,6.08713119593867e-06,0,0,0,0,0,0,0,0,0,0,0
32,TRBV27-1,0.0433505852859714,0.0480230699061313,0.0521365665339607,0.0421258119888257,0.0289498354101477,0.0280108910521801,0.0414454405663388,0.0433536331356251,0.0340762093182521,0.0379639669077785,0.0430691707512254,0.0427154557066647,0.0369965011461763,0.0546633766163721,0.0350169287138815,0.0463048053834525,0.0516212243918534,0.0397823278004174,0.0388039357669208,0.0302446475218482,0.03212158514304,0.0359757811746046,0.032061026197834,0.0388535928264104,0.039972549771986,0.0442863871879416,0.0379046126606494,0.0422465743597101,0.0376348060733197,0.0359480884410181,0.0302165569630322,0.0628027210884354,0.039373498324892,0.0252838449463985,0.0284235939453653,0.0296445464337564,0.0355905736099737,0.0246622871223685,0.0293061616622159,0.0230920406157878,0.0320330018047862,0.0362291002750251,0.0388126041749346,0.0302906896963848,0.0476598676843949,0.0307423824648354,0.0495645450294239,0.0449797305924413,0.0296634075392984,0.0292292292292292,0.041653672338809,0.0210234431113047,0.0259262428339181,0.0430857993672065,0.039259694312763,0.0236461085320513,0.0645529785462129,0.032614695454642,0.0365149509858903,0.0213809971397674,0.0378449744463373,0.0445312190112695,0.0485110066484725,0.0432348157198433,0.0358825877404633,0.0421250938127013,0.0496679965404682,0.0464623711300577,0.0458738799498988,0.0759154174077524,0.0269952508966492,0.018961005335528,0.0301913724709124,0.0448042809199028,0.0404463285780459,0.0408664159075716,0.0278060153030478,0.0321887949669997,0.0319502956066132,0.0470512892957375,0.0332190494082284,0.0281222300812062,0.0249765606262128,0.0245013681765285,0.0156171963120297,0.0262034229760055,0.0246469191351081,0.0436207027478548
33,TRBV28-1,0.0143238380203384,0.0493374268030721,0.0558909397997346,0.0452963548853959,0.0447453244924254,0.00820558725896087,0.0245524704790089,0.0777508877030806,0.0826951224424939,0.0358845633995277,0.0461263379013704,0.0781426102637313,0.0441493303917682,0.0434178768388549,0.0428706151539045,0.0615421100999022,0.089459791835388,0.0370490010933307,0.043862077778251,0.0882692424518559,0.0595325214087361,0.0513118530422487,0.015234277123528,0.0335457798866058,0.0447173069260173,0.0697126707489402,0.0817111515879235,0.0533036803214003,0.0418025893855523,0.00796356743597352,0.0167538329985881,0.0799365079365079,0.0572131166033096,0.0515109068256527,0.0416760298006949,0.0643391248692612,0.0804284907704594,0.0132792923267675,0.053389402722595,0.143199312151981,0.00864891048729227,0.0177238398742742,0.0729343598698309,0.0146429346069913,0.0448954312971934,0.0475864716763813,0.0111398687847542,0.079657175689479,0.0164905978747522,0.0421021021021022,0.03610816573013,0.0170142118710924,0.0827700293773708,0.0525777033314722,0.0145921606466137,0.0604465720730353,0.0599025698851033,0.0794535379912107,0.0645864644787905,0.00290065997594575,0.040954003407155,0.0638880196741252,0.044874183969126,0.0902586743222073,0.0863493652183756,0.0913518729354824,0.0113829757553776,0.0135308634382231,0.0861113787455439,0.046667231303464,0.00372530499283341,0.00642667579038865,0.00248136898537736,0.0585120916397305,0.0443045025711388,0.00475411308104441,0.106780455439156,0.0268096322203949,0.0343399299040607,0.0421257840311917,0.0757749389442044,0.0189630319363243,0.015802498746266,0.0925192870205204,0.0304992676808772,0.00391116863749235,0.0124734408198975,0.0570399540035365
34,TRBV29-1,0.0215464084265006,0.0170817353434492,0.0225986246833153,0.0168826360607182,0.0204528040203586,0.0258550594905077,0.0338947398961326,0.0232439348554879,0.0240543214076299,0.0426129190369391,0.0272081624487346,0.0221654519498084,0.0235267757114049,0.0219516470477192,0.0224788584326639,0.0205436812616725,0.0300848855694532,0.0186363184574097,0.0231503173318567,0.0233886155154607,0.0215371642087612,0.0215879862541801,0.020373618419221,0.0213016204913748,0.0253914609129414,0.0244559585492228,0.0242386006329308,0.0252887581605567,0.0180480727467632,0.0213472054842637,0.0217650685067711,0.024952380952381,0.0273939380266438,0.0253049617434027,0.0233300490340126,0.0199269423500211,0.0200359110261092,0.0227295223309872,0.0227154302090797,0.0161419095971176,0.0204933082277936,0.0198498275636269,0.0232518453845544,0.0324154202318613,0.0215248696736406,0.0165229834909776,0.0230159134368301,0.0219093143513789,0.0214491643417994,0.0201651651651652,0.0225449225727068,0.0179620624286168,0.134063489347138,0.0277254327191513,0.0221784061193383,0.0204592642666465,0.0205251792728854,0.0212831454472114,0.0182328001974024,0.0247617315019758,0.0314097103918228,0.0227988911268109,0.0252173076691874,0.0221421022254537,0.0146735536451537,0.0260020728139727,0.0245724409229138,0.0234868112521431,0.026700549185856,0.0249004827644618,0.0211034564753595,0.0258222908556264,0.0199588374910787,0.0243070054697207,0.0124657718986555,0.0208722026559179,0.0221875932091964,0.0226729196141942,0.027513246244439,0.0190521934037784,0.0307486379860981,0.0275313140718589,0.0250910319865687,0.0634663167968943,0.0135689474245375,0.0247754243547627,0.0162507464344734,0.0233706873795395
36,TRBV30-1,0.0287386531346664,0.0298231503369266,0.0295138134877549,0.0199925953350611,0.033542941043016,0.0291522136436538,0.0325021034612819,0.0234075896133781,0.0288571287895403,0.0280719473613855,0.0325785235570671,0.0145953865805094,0.0356262603629846,0.0367029381227836,0.0349860086885271,0.0263243707941778,0.0256756351420258,0.0152569327104661,0.0336925501554713,0.0306004669044581,0.000799647185968857,0.0183277597586509,0.0218435925276316,0.0249708472395351,0.0372422851576912,0.0264154498351389,0.0304559746827714,0.0175855513307985,0.012069013316576,0.000932615502007546,0.0294608944657665,0.000761904761904762,0.0361191639124206,0.000865788677173446,0.0434103703191533,0.019614730170624,0.00108343464040652,0.0301636338061922,0.0136658959161076,0.0245250573206682,0.0138562265123874,0.00110446588379098,0.0273275656798158,0.0194501374435066,0.0387677340234854,0.0255418659034589,0.0189368509267019,0.0162035559244127,0.0294046097069891,0.0234634634634635,0.0274780419485254,0.0237021512086566,0.0210832548986053,0.0337044016378187,0.00103480583406749,0.0308130591635569,0.0250281898781755,0.0373490011251937,0.0360573364140065,0.0454958915739365,0.0322785349233391,0.0450204277711913,0.0265097322577155,0.00851503998920629,0.0229486514986327,0.0196866272866048,0.0322517646402366,0.0334619790425376,0.0199200308314866,0.0371060482011613,0.0305620322727663,0.0439741823326521,0.0359342063768693,0.0269516489068292,0.0302321354230798,0.0426423490207425,0.0201605785209488,0.0270179042092487,0.0269173127529767,0.026440451300597,0.0307439413864363,0.0328450815195495,0.0391383032073786,0.0326475226793794,0.019298432668728,0.0358758274302355,0.016164646085906,0.0174222453650969
