CASSIGETQYF	4.0280060821456505e-07
CASSVGETQYF	7.500977977243163e-07
CASSGGETQYF	3.5437790508151857e-06
CASSTGETQYF	1.566829507023746e-06
CASSFGETQYF	5.00742489017941e-07
CASSEGETQYF	1.2057740732346587e-06
CASSRGETQYF	3.799582853898479e-06
CASSAGETQYF	1.3137090741600203e-06
CASSLGETQYF	2.4559928158563386e-06
CASSLEQGARTDTQYF	3.9752250637121364e-09
CASSLEQGARSDTQYF	3.3372942582263507e-10
CASSLEQGARADTQYF	6.321890182715173e-10
CASSLAGANTGELFF	3.500532537272815e-07
CASSLAGDNTGELFF	5.1434608479307256e-08
CASSLAGGNTGELFF	4.288290897152792e-07
CASSLAGTNTGELFF	2.2093355486335298e-07
CASSLGGGEQYF	1.2843417903411003e-06
CASSLGGGEVFF	1.611377404141857e-10
CASSLGGGEQFF	6.190296205523e-07
CASSLGGGKQFF	1.9989089733337455e-08
CASSIGSSGELFF	7.296114707257923e-09
CASSHGSSGEQYV	2.4213237201472888e-15
CASSFGSSGELFF	1.1734766077012506e-08
CASSLVGVNTEAFF	1.7048032820574878e-07
CASSLTGVNTEAFF	4.329075795259209e-07
CASSLPGVNTEAFF	2.780431952244876e-07
CASSLLGVNTEAFF	1.534652456295555e-07
CATSDYNEQFF	7.616311756861153e-08
CAISDYNEQFF	2.165248971037979e-08
CAWSDGNEQFF	8.014860996738193e-09
CASSDWNEQFF	4.811561250108625e-08
CASSNQETQYF	1.6334740516755246e-07
CASSIQETQYF	3.0954388730163666e-07
CASSSQETQYF	1.162382642893691e-06
CASSEQETQYF	4.7188063448721455e-07
CASSDQETQYF	6.102169135037877e-07
CASSPQETQYF	8.457013626347663e-07
CSASLREGPTDTQYF	2.2399677665799062e-10
CASSLREGLTDTQYF	1.3748296147751461e-08
CASSAGQGIADTQYF	9.772847505775547e-10
CASSAGQGIIDTQYF	1.0951152367794884e-10
CASSQVGGLGTEAFF	2.3509770875908197e-09
CASSQVGGGGTEAFF	7.194305120512261e-09
CAWNQGEETQYF	1.906269732157332e-09
CASNQEEETQYF	3.238754130202895e-09
CASSSTGTGTGELFF	2.121436745936313e-08
CASSSTRTGTGEAFF	7.769041687645655e-11
CASSPEQGARSDEQFF	4.188718615029655e-12
CASSPEQGARSDTQYF	7.184225703817711e-11
CASSDLQGGQETQYF	7.95799803756136e-09
CASSDLAGGQETQYF	3.4219793652512276e-08
CSARDQGGENTQYF	5.901150353069092e-11
CSARDQGGLNTIYF	2.686341198253974e-10
CASRLTSGGAPTGELFF	2.2924237873288253e-10
CASRLTSGGANTGELFF	2.115013255572799e-09
CASSPSRGGSGNTIYF	1.599005643233447e-08
CASSPSRGGSGNEQFF	3.380412223511616e-10
CASSPEQGARSDTQYF	7.184225703817711e-11
CASSLEQGARSDTQYF	3.3372942582263507e-10
CASSPGTGGNGELFF	3.55718196629572e-09
CASSPRTGGNGELFF	1.8683983491308807e-09
CASSQAPKETQYF	1.978915009707157e-08
CASSQAIKETQYF	7.405875744286378e-09
CASSSPDYNSPLHF	1.154293261160765e-08
CASSFPDYNSPLHF	1.0515610130914955e-08
CASSLEGSWNGYTF	2.2627017376617248e-10
CASSLEGGWNGYTF	1.327813585216543e-09
CASGRGLNNEQFF	4.47644344374246e-09
CASGRGLNNEQFF	4.47644344374246e-09
CASGRGQNNEQFF	2.163228615170924e-09
CASSFTGGPGETQYF	3.3796755163260347e-09
CASSMTGGPGETQYF	7.482611300595963e-10
CSPSEGLAGEETQYF	2.661271573913382e-12
CASSEGRAGEETQYF	2.026478704948593e-09
CASSGRGLGETQYF	2.564159884614846e-08
CASSGRRLGETQYF	5.267261474020944e-09
CASSSPGLAGGTGELFF	1.7368748968532568e-08
CASSSPGLAGETGELFF	3.244276840466752e-09
CAISENGGAGYGYTF	3.698649407922256e-11
CASSEGGGAGYGYTF	2.8841215736552676e-09
CASSVGAPNTGELFF	2.1027053306968394e-08
CASSVGAPNTGELFF	2.1027053306968394e-08
CASSVGAPDTGELFF	3.594093144712635e-09
CASSMAPGQGEKLFF	6.489559118784468e-10
CASSLAPGQGEKLFF	4.840928399744999e-08
CASSPEQGARSDEQFF	4.188718615029655e-12
CASSFEQGARSDEQFF	2.689220173742883e-12
CASSEGTGSYEQYF	2.2402259370405646e-07
CASSEGTGSDEQYF	6.6560905952743015e-09
CARVTGSDYGYTF	5.640833755637557e-10
CSAVQGSDYGYTF	7.388799088978118e-10
CASSPGTGGWDEQFF	7.87835848929422e-10
CASSPTTGGWDEQYF	2.355257838947233e-10
CASSDLAGGQETQYF	3.4219793652512276e-08
CASSDLAGGQSTQYF	1.7113186018260662e-11
CASSSGGEGEKLFF	1.2310244446664852e-08
CASSAGGEGEKLFF	6.670643333737602e-09
CASSLEYGDEQYF	5.502896039640532e-09
CASSLEYGYEQYF	2.4877841160549465e-08
CASSQVTRVGGELFF	1.4495331124504875e-10
CASSQETRVGGEQFF	5.825845566967823e-11
CASSMTGDYGYTF	5.8557778657374054e-08
CASSLTGDYGYTF	5.155729988234291e-07
CASSDTGDYGYTF	7.351338367220002e-08
CASSRTGDYGYTF	4.574597039163057e-07
CASSGGFGQYF	3.3196677224303006e-09
CASSEGFGYTF	7.332680237480395e-08
CASSAGFGYTF	7.422561140965233e-08
CAWSVSGYGYTF	1.552748361403204e-08
CASSYSGYGYTF	2.3397574257236724e-07
CATSNSGYGQYF	2.8166116377889068e-12
CASSPSGYGYTF	3.3988577991843057e-07
CASSLRRGNEQFF	2.163707622810131e-07
CASSLARGNEQFF	3.1467046318816343e-07
CASSLGRGNEQFF	4.475084699665075e-07
CASSLVRGNEQFF	2.105088421202463e-07
CASSSPTGELFF	2.0495530276770247e-07
CASSSLTGELFF	2.926415930710043e-07
CASSSYTGELFF	2.8320680213827e-07
CASSSGTGELFF	1.2132962443869848e-06
CATSDQGLEQFF	2.2855594996981684e-09
CASSAQGLEQYF	3.6230357918606946e-08
CASSPQGLEAFF	5.1859067888096164e-08
CASSPQGLEAFF	5.1859067888096164e-08
CASSLGGGEQFF	6.190296205523e-07
CASSLVGGELFF	9.46398668197792e-08
CSASLAGGEQFF	1.525450497409601e-08
CASSLGGGEQYF	1.2843417903411003e-06
CASSLGGGEVFF	1.611377404141857e-10
CASLGETQYF	3.8850699328270797e-07
CASLGETQYF	3.8850699328270797e-07
CATGGETQYF	5.432232549720754e-07
CSARGETQYF	6.854415772530961e-07
CSCSGETQYF	1.8022469354153377e-09
CSAMGETQYF	2.7459318418267642e-08
CASSLAGGDIQYF	2.794962358115469e-08
CASSTAGGDIQYF	2.257724135437607e-09
CASSLGGTAYEQYF	2.7163721703137265e-07
CASSLGGTAGEQFF	2.1457972314960348e-09
CASSSSGTYLYNEQFF	1.4156438183751206e-10
CASSSSGTGLYNEQFF	2.8456292052183413e-09
CASSIGQGGYEQYF	8.433545016873688e-08
CASSIGQGGYGYTF	5.115672283540498e-08
CACSDRAYGYTF	3.849862115869948e-10
CASSDWAYGYTF	1.8917661159385434e-08
CASSTYTGELFF	1.3129036505422788e-07
CASSTYRGEQYF	2.01482476259826e-08
CASSSGGEGEKLFF	1.2310244446664852e-08
CASSSGTEGEKLFF	1.3726956182979338e-08
CASSSGQGGNNEQFF	9.091233116649167e-09
CASSSGQGGNTEAFF	1.958890026068134e-07
CASSEAGGNEQFF	1.293324310480858e-07
CASSEAGGNIQYF	1.8168256320136135e-08
CASRRSGTQNTGELFF	1.6930932148812103e-10
CSARRSGTGNTGELFF	5.400355425347493e-10
CASRGDRPGELFF	1.0208132014407103e-08
CASRHDRPGELFF	4.720361010498674e-10
CASSPSSGNTIYF	3.492701478155094e-07
CASSWSSGNTIYF	6.252843666619689e-08
CASSKSSGNTIYF	6.186547982592815e-08
CAWSGSSGNTIYF	1.4452326539014492e-08
CATSRGGTGSYGYTF	1.7906714941405998e-09
CASSRAGTGSYGYTF	1.1186393209523357e-08
CASSIKTYNEQFF	1.1289854244033705e-08
CASSIDTYNEQFF	1.7763736508297485e-08
CASSPGGDSNQPQHF	2.987788690891827e-07
CASSPGGDSYQPQHF	1.2597231822964213e-09
CATSDGGTGNQPQHF	9.846254376164858e-09
CASSDGGKGNQPQHF	6.9681905174800786e-09
CASSFSGDGEKLFF	2.180248466641834e-09
CASSFSGKGEKLFF	2.750248711449984e-09
CASSRSGSSEKLFF	2.5405955953363718e-09
CASSRSGDSEKLFF	2.183306592021487e-09
CASSRQWEQYF	1.298751387019837e-08
CASSPQWEQYF	8.637340260829268e-09
CASSLTSSGGGELFF	1.354483024262729e-09
CASSLTSGGGGELFF	8.809178998676182e-09
CASSWGRAGGETQYF	8.108010983707377e-10
CASSWGLAGGETQYF	3.679260157214703e-08
CASSLEQLARADTQYF	3.169214195715328e-11
CASSLEQGARADTQYF	6.321890182715173e-10
CATSRDRQGSTLHF	1.3099012842827762e-11
CATSRDRQGETQYF	7.855743674674521e-09
CASSQAPKETQYF	1.978915009707157e-08
CASSAAPKETQYF	4.800791340925413e-09
CASSRTQGPSYEQYF	4.358561637150779e-09
CASSVTQGPSYEQYF	3.0151238144598676e-09
CASSSRTSGGETQYF	4.3713625763199946e-08
CASSSRTGGGETQYF	1.9967667089739723e-08
CASSLGGGEQFF	6.190296205523e-07
CASSLGGNEQFF	1.8934972715301972e-06
CASSLGGTEAFF	2.134339739369543e-06
CASSLGGGEVFF	1.611377404141857e-10
CASSLGGGEQYF	1.2843417903411003e-06
CASSLGNQETQYF	1.3939242069691393e-07
CASSLVNQETQYF	3.9933304529995876e-08
CASSLENQETQYF	3.7379476487060944e-08
CASSRRPQERNEKLFF	1.2699680478327736e-11
CASSERRPQGVIPLHF	1.9731397793983297e-14
CASYVRRPQETQYF	1.994261529836962e-11
CASSRRPQGVNDGYTF	6.753504216539984e-13
CASSGIAARESYEQYF	1.1831112325109014e-11
CASSREGIAASYEQYF	1.956118023853527e-11
CASSVGGIAAQETQYF	3.845299143144735e-11
CAWSPDRGIAAQHF	1.508619455905275e-13
CASSQWLNTEAFF	1.5076076968596432e-08
CASSQELNTEAFF	9.871932474612596e-08
CASSQGLNTEAFF	9.291302967273599e-07
CAWRRDRRYETQYF	8.835416301676843e-12
CASSVGTRYETQYF	1.0907749589247447e-09
CASSSRYETQYF	3.802529952262526e-08
CASSADTFSGNTIYF	7.263926567527993e-10
CASSADTVSGNTIYF	8.384594252719055e-10
CASSLGNSGGELFF	1.8983875567581257e-09
CASSLGNLGGELFF	1.0755640500914825e-09
CASSYGGLSGNTIYF	2.164483190583533e-08
CASSYRGLSGNTIYF	4.982387767373088e-08
CASSPRDGPNEKLFF	3.607814599613427e-09
CASSPRQGPNEKLFF	3.015271326387299e-08
CASSPGTGVYGYTF	1.0701647362360631e-07
CASGPGTGVYGYTF	3.3375644381874886e-09
CASSLDSKNTEAFF	3.5249796626555336e-08
CASSLDGKNTEAFF	2.555885482452285e-08
CASSDTGGSNQPQHF	6.710519798650348e-08
CASSDTGSSNQPQHF	1.924645086415138e-08
CASSPRTGGTFEQYF	2.3036973161602147e-10
CASSPRTGGTGELFF	5.641087261490593e-08
CASSSTRGDEQYF	3.818435839368293e-08
CASSLTRGDEAFF	9.226382258758611e-09
CASSPRDGPNEKLFF	3.607814599613427e-09
CASSPRDGKNEKLFF	6.374547233419703e-10
CASSLDITPYEQYV	1.7590058674171514e-17
CASSLDNTPYEQYF	2.0942199520538243e-09
CASSLRDSVDTQYF	4.041454206588698e-09
CASSLRDSTDTQYF	2.4994573990391877e-07
CASSLRDSTDTQYF	2.4994573990391877e-07
CASSLSDIQYF	3.0833986203675933e-08
CASSLSQIQYF	7.476400008325106e-10
CASSRQRGTDTQYF	4.4753889691546854e-08
CASSRQGGTDTQYF	3.241048221959427e-07
CASSLGARAGETQYF	2.4268371898043097e-09
CASSLGGRAGETQYF	8.968093321702474e-09
CASSRGDITDTQYF	1.2792141843278186e-08
CATSRGGITDTQYF	8.143303969847159e-09
CASSQQGAGTQYF	2.7054919999943207e-09
CASSQQGAGGYTF	1.9413055228538662e-08
CASSLVQLAFF	5.939087727213109e-09
CASSLVQEQFF	1.3777728277371783e-08
CATSQGSDGYTF	1.9085687429107753e-09
CASSQGSDTQYF	2.5627855435394416e-07
CASSLVAGRNEQFF	3.822055241780692e-08
CASSLQAGRNEQFF	4.537072783848141e-09
CASSLAGGPRDTQYF	1.4186196802076449e-08
CASSLAGGPRNTQYF	5.033462370932945e-10
CASSLGLDTYNEQFF	7.729147577467954e-09
CASSLGLDLYNEQFF	6.731127209879269e-09
CASSARGETQYF	5.786851041382494e-07
CASSARGDTQYF	2.4461557222516026e-07
CASSSTGAGANVLTF	6.053210455242772e-08
CASRSTGAGANVLTF	8.273444226326886e-09
CASSTGTGGVETQYF	6.052109235882043e-09
CASSGGTGGVETQYF	7.201053552250648e-09
CASSGGLVYEQYF	1.2730722177494793e-07
CASSGGLVYGYTF	3.786358938754598e-08
CASSKGQDSTF	6.484165858644802e-11
CASSIGQDVYF	4.9012406133092275e-11
CASSIGQDVYF	4.9012406133092275e-11
CASSPGGLATDTQYF	1.7599631916387403e-08
CASSPGGLGTDTQYF	7.845879937725155e-08
CASGTGTGEETQYF	3.6225793532755363e-09
CSATTGTGEETQYF	8.547791864053842e-10
CAWSVGDTIYF	2.4898870184175997e-09
CASSVGTTQFF	1.3594995758671582e-09
CASSVGETQYF	7.500977977243163e-07
CASSPGGVSYNEQFF	1.0590545751603983e-07
CASSPGGFSYNEQFF	5.0688794721970947e-08
CASSPGGSSYNEQFF	5.574400258455573e-07
CAISEVIQRDANTGELFF	1.1301329907469734e-13
CASSYSIQRDENEQYF	4.2032814994895325e-12
CASSIQRDGYTF	1.299729021066239e-08
CASSIQRDGYTF	1.299729021066239e-08
CAISDYNEQFF	2.165248971037979e-08
CSASPYNEQFF	7.079966935098474e-08
CASSFYNEQFF	3.6073854948236056e-07
CASSLYNEQFF	1.394730151494883e-06
CATSDYNEQFF	7.616311756861153e-08
CASSFQGYTEAFF	8.009353352623496e-08
CASSFQGYTEAFF	8.009353352623496e-08
CASSFQGGTEAFF	1.569332048142994e-07
CAWSFQGDTEAFF	1.0887996105780834e-09
CASSLGQGGQPQHF	3.3321534272860065e-07
CASSLGQGNQPQHF	1.3865117459835238e-06
CASSLGQGNQPQHF	1.3865117459835238e-06
CASSLGQGIQPQHF	6.979772884584368e-08
CASRTNLALTGELFF	1.7291149241261016e-11
CASKELTNLAEAFF	1.3813414808608623e-13
CATSREKTNLAKNIQYF	2.7893322011205117e-12
CASSKGATDTQYF	1.1320310809579551e-07
CASSQGATDTQYF	3.0828586900553643e-07
CASSDGATDTQYF	7.189337124252449e-08
CASSLDRGNTIYF	3.172436109776687e-07
CASSLDRGKTQYF	2.7494558402847778e-08
CASSRQRNTEAFF	2.337751532406711e-07
CSVARQRNTEAFF	2.1831718577231895e-09
CASSPRREMNTEAFF	1.5334434698726133e-08
CASSPRRGMNTEAFF	5.7817505302026114e-08
CATSPTATSTDTQYF	1.4144627141193606e-10
CASSPTGTSTDTQYF	6.340623404410443e-08
CASSRTVNTGELFF	7.406503873719595e-08
CASRRTVNTGELFF	1.9245934453139804e-08
CATSRGQGREKLFF	5.167081249478781e-09
CASSRGQGRETQYF	8.751824571517365e-08
CSARPGLANEQFF	1.0176232761720183e-08
CASRGGLANEQYF	5.892929107437815e-09
CASSPGASGNEQFF	1.009773743912226e-08
CASSVGASGNEQFF	9.067447962567346e-09
CASSDRGDSPLHF	1.2250238184940954e-07
CASSDRADSPLHF	3.424094270701678e-08
CASSQGGTYYQFF	1.6025943863007428e-14
CASSQGGTYEQYF	6.861784789952555e-07
CASSIGGGGNQPQHF	4.172775798093398e-08
CASSIGGGLNQPQHF	7.198638723710222e-09
CASSFGGGYSEQYF	4.726904090666799e-10
CASSFGGGYNEQFF	2.3525633322401564e-07
CASSSVYNEQFF	3.155944706118722e-07
CASSSVYGELFF	8.95764751571904e-09
CASSLNTGREAFF	2.752872399557614e-09
CASSLNLGRELFF	4.910434275869429e-10
CASSLTQGVGGYTF	1.90314260004995e-09
CAWSLEQGVGGYTF	4.034152085461396e-12
CSARDRRSYGYTF	1.248232160184653e-08
CSARDRRNYGYTF	3.497215179229985e-08
CASSSERESDTQYF	3.5196001937123646e-09
CASSLERESDTQYF	1.3682678884144075e-08
CASSSRDRGTTGELFF	6.00857413377455e-09
CASSSRDRGITGELFF	4.934130022493813e-09
CASSPRAASYNEQFF	1.1048938659340515e-08
CASSPRLASYNEQFF	3.620826116484511e-08
CASSESGQYNEQFF	1.571725349946755e-08
CASSQSGQYNEQFF	8.804643588562525e-09
CASSGTGTNTGELFF	8.631557142717032e-08
CASSGRGTNTGELFF	7.101628945462176e-08
CATSGFGGETQYF	1.6532129971627228e-09
CASSYFGGETQYF	2.7910586168685852e-08
CASSLTTNSYEQYF	1.021412600508419e-08
CASSLSTNSYEQYF	1.347156892356137e-08
CASSLRDIQYF	9.25140653867897e-08
CASSLSDIQYF	3.0833986203675933e-08
CASSLIRGSPLHF	2.973557790079668e-08
CASSLVRGSPLHF	8.30775496456248e-08
CASSREGQNEQYF	6.1553709705071204e-09
CASSLEGQNEQYF	2.547929738696043e-08
CASSLAGGGEQYV	2.3359150982589147e-13
CASSLAGGNEQFF	9.846402024472107e-07
CASSLAGGAEQFF	6.146823226364305e-08
CASSLAGGTEAFF	6.45874143525339e-07
CASSLARGNEQFF	3.1467046318816343e-07
CASSLARGTEAFF	4.0988269563761194e-07
CASSLARGPEQYF	6.513336095857805e-08
CASSLGGYQPQHF	4.044598950450015e-07
CAWSLGGVQPQHF	1.3796189921637848e-09
CASSLGGNQPQHF	2.8673197276663445e-06
CASSLRGGPYEQYF	4.931821931760973e-07
CASSLAGGPYEQFF	2.5933389117608463e-08
CASSLVGGPYEQYF	2.755447663551557e-07
CASSLGVNTEAFF	1.0002407005060975e-06
CASSVGVNTEAFF	3.166971282414233e-07
CASSRGVNTEAFF	1.1792538975601084e-06
CASSIGVNTEAFF	1.611105320839064e-07
CASSLFGLETPYEQYF	2.763736524662592e-11
CASSLFGLAGGSGQAYEQYF	8.429065763874978e-14
CASSLFGLRATEAFF	1.1034307191046082e-10
CASSLFGLADNEQFF	4.512625402412532e-09
CASSLRATDTQYF	2.9615957912526604e-07
CASSLPATDTQYF	1.0953408188855977e-07
CASSLSATDTQYF	1.0646835143732209e-07
CASSPGQGPYEQYF	5.172604888360988e-07
CASSPGQGVYEQYF	2.3799552956858828e-07
CASSPGQGTYEQYF	4.645260026173702e-07
CATSPGQGSYEQYF	3.7998317871457055e-08
CASSQGQGPYEQYF	2.00962509174983e-07
CASSQGQGSYEQYF	4.784972916841653e-07
CASSQGQGRYEQYF	1.2385124782771312e-07
CASSPGQHTDTQYF	1.871143651030721e-08
CASSPGQTTDTQYF	3.535749689261492e-08
CASSPGQYTDTQYF	2.5349897782649287e-08
CASSLGGNGELFF	6.54941677617093e-08
CASSLGGNTEAFF	2.3719519630607994e-06
CASSLGGNTEAFF	2.3719519630607994e-06
CASSLGGNNEQFF	4.721660672274345e-07
CASSLGQPDEAFF	2.4686787313216706e-09
CASSLGGPDEQYF	1.943383928375324e-07
CSAAGLAGWNEQFF	3.228229602089439e-10
CSVAGLAGNNEQFF	3.0533748075025824e-09
CASSLAGGKQFF	1.4480115055362968e-08
CASSLGGGKQFF	1.9989089733337455e-08
CASSFSHQPQHF	6.533087636816718e-08
CSASFSNQPQHF	1.573312770771545e-08
CASSLSSVSEQYF	3.6386330513363653e-09
CASSLSSVAEAFF	2.5990336404220383e-09
CASSPTGGGPYEQYF	3.31797314287331e-08
CAISETGGGPYEQYF	1.3245666230888942e-09
CASSQGTGGNTIYF	9.820482625790123e-08
CASSQGTGGETQYF	1.113630313793685e-07
CASRGGAGYTQYF	1.528968497043114e-09
CASRGGAGETQYF	9.171999212528777e-08
CATSRGGRAYNEQFF	6.3875876063418225e-09
CATSRSGRAYNEQFF	1.364583932390074e-09
CSVGTGPGEQYF	1.2619053425557002e-09
CASSTGPGELFF	1.9309374697543054e-07
CASSVTSAEQFF	4.9540538492974175e-09
CASSVTSREQFF	6.369763705695262e-09
CSAKGGGGNTIYF	6.339704410465603e-09
CSVEGGGGNTIYF	1.0770353243812035e-08
CSVEGGGGNTIYF	1.0770353243812035e-08
CASSLWGPDTQYF	6.898308258259651e-08
CASSLWGTDTQYF	2.3543581562964028e-07
CASSMTGGGQETQYF	8.445529268614558e-09
CASSHTGGGQETQYF	1.1235244109373058e-08
CASSQNDRVNTEAFF	3.6405838221799534e-09
CASSQVDRVNTEAFF	3.1090762792505275e-08
CASSEDRANTF	8.462099028815016e-10
CASSEDRFQHF	1.587422521681585e-10
CASSPRGGPTDTQYF	7.122673773672765e-08
CASSTRGGPTDTQYF	2.1402610236506728e-08
CASSLGQGGQPQHF	3.3321534272860065e-07
CASSLGQAGQPQHF	2.609228819387238e-08
CSASFSNQPQHF	1.573312770771545e-08
CAGGFSNQPQHF	1.3812964281330634e-08
CASSKGVPDTQYF	1.5889013694764734e-08
CASSKGQPDTQYF	1.2619645445572157e-08
CASSESFNQPQHF	1.4226606108635512e-08
CAISEGFNQPQHF	3.418408560280141e-09
CASSFGETQYF	5.00742489017941e-07
CASSFGEKLFF	1.7364990763505414e-07
CASSLGGTVETQYF	4.0689623322523986e-08
CASSLGGTQETQYF	2.1479822507130878e-07
CASSLYEGDTQYF	7.372904955608867e-09
CASSLYPGDTQYF	1.2949757929921233e-08
CASSLGGRSYEQYF	7.576467862147785e-07
CASSLGGRSGELFF	7.090266865582999e-08
CASLGETQYF	3.8850699328270797e-07
CASLGETQYF	3.8850699328270797e-07
CASLGELQYF	8.374536121642365e-10
CASSLSQDTQYF	4.352632752611227e-08
CASSLSQETQYF	5.797791615264615e-07
CASSPPGTTGEQYF	1.5192470842811414e-09
CASSPPGPTGEQYF	1.0839571866034235e-09
CASSFGTGGQETQYF	4.953537160383731e-08
CASSFGTGYQETQYF	1.1986124519681112e-08
CATSGQGDYGYTF	3.405222476408122e-08
CASSGQDDYGYTF	2.155972606126788e-08
CASSLAGTEAFF	8.941694225296735e-07
CASSLKGTEAFF	2.8434528687648436e-07
CASSLGGTEAFF	2.134339739369543e-06
CASSLQGTEQYF	1.017489282737936e-07
CASSLEGGNEQFF	3.0320402324097817e-07
CASSLEGQNEQYF	2.547929738696043e-08
CASSLEGYNEQFF	4.618306883816587e-07
CASSLGRGNEQFF	4.475084699665075e-07
CASSLGQGNEQYF	3.162334215724363e-07
CASSLGWGNEQFF	5.285853679588481e-08
CASSLGVNTEAFF	1.0002407005060975e-06
CASSLGGNTEAFF	2.3719519630607994e-06
CASSLGGNTEAFF	2.3719519630607994e-06
CASSLGQNTEAFF	7.66260926069616e-07
CASSLGANTEAFF	8.276805892318458e-07
CASSLGNTEAFF	1.748698042549356e-06
CASSLGGTEAFF	2.134339739369543e-06
CASSLGFTEAFF	1.709010471627441e-07
CASSLGATEAFF	7.187903411914718e-07
CASSLGGNGELFF	6.54941677617093e-08
CASSLGGIGELFF	5.027568960281756e-08
CASSLGGRGEQYF	1.9906814384337025e-07
CASSYGTGAREQYF	2.0666030700509313e-09
CASSLGTGAREQYF	9.175678482077248e-09
CSVGQGGTNEKLFF	4.552762912254022e-09
CSVGMGGTNEKLFF	1.458018938960369e-10
CASSWGLAGGTDTQYF	5.328164438094884e-08
CASSLGLAGGTDTQYF	3.4633131019982e-07
CASSPGLAGGTDTQYF	2.7907862676720864e-07
CASSYSQGQETQYF	5.1796021945900075e-08
CASSLSQGQETQYF	9.627657120073054e-08
CASSLGASGNTIYF	3.069204028642799e-07
CASSLGAWGNTIYF	7.90766785002274e-09
CASSLAAGSSYEQYF	7.22853032328834e-08
CASSSAAGSSYEQYF	9.343969722790683e-09
CASSSSGPGEQYF	1.7675290719079092e-08
CASSSAGPGEQYF	8.207914542641332e-09
CATSSRTGSNEQFF	7.414292102622948e-10
CASSLRTGSNEQYF	1.1341007211634662e-08
CASSLTRDTDTQYF	7.133235062462615e-08
CASSLTRHTDTQYF	1.869749709868447e-08
CASSIGQGNQPQHF	1.5609291734450832e-07
CASSIRQGNQPQHF	1.2234014228363267e-07
CASSLGGAGDTQYF	8.099305722855635e-08
CASSLGGAGNTIYF	3.2154737593336215e-07
CASSPGTSGGDTQYF	5.518229477175456e-08
CASSPGTSGGRTQYF	2.2071135294057167e-09
CASSPYTGGTGELFF	2.0929366551086614e-09
CASSPRTGGTGELFF	5.641087261490593e-08
CASSSTVNTEAFF	2.0954910975798685e-07
CASSSTENTEAFF	1.2487608967958562e-07
CASSSTANTEAFF	1.083016321610437e-07
CASSVGLAGGPSTDTQYF	7.521912656799645e-09
CASSEGLAGGPSTDTQYF	7.785762685284958e-09
CASSFSGSDEQYF	2.0140886986389347e-08
CASSLSGSDEQYF	4.481791112030542e-08
CASSDGGRETQYF	1.0833425092676548e-07
CASSDGGQETQYF	2.749317774750194e-07
CSVSTGTSGSEQFF	4.745233176388522e-11
CASSPGTSGSEQYF	6.362106198433666e-08
CASSLARGNEQFF	3.1467046318816343e-07
CASSLAGGNEQFF	9.846402024472107e-07
CASSLASGNEQFF	3.5342722029804255e-07
CASSSTGVHGYTF	1.4440652826080717e-08
CASSLTGVHGYTF	2.8743437423792618e-08
CASSPQGNTGELFF	2.921219092236421e-07
CASSPQGNTGELFF	2.921219092236421e-07
CASSGQGNTGELFF	4.799971674630313e-07
CASSAQGNTGELFF	1.0706454183145158e-07
CASSLRAADTQYF	9.983544392406963e-08
CASSLRATDTQYF	2.9615957912526604e-07
CASSVGRNYGYTF	1.6266825079371523e-07
CASVVGRNYGYTF	1.2534260229196164e-09
CATSQGSKNIQYF	2.62157351026016e-09
CASSQGAKNIQYF	3.74561917201477e-07
CASRDRGNTIYF	2.707648001873559e-07
CASRDRGYTIYF	9.886773522170235e-09
CASSLSDIQYF	3.0833986203675933e-08
CASSLSDTQYF	4.816414726003673e-07
CASSLGGGTPYEQYF	3.377231772950663e-08
CASSLGGGTSYEQYF	1.0921840371936383e-07
CASSLRGPNTGELFF	1.7567446853043339e-07
CASSRRGPNTGELFF	8.914331302004125e-08
CASSVVQGGTDTQYF	1.2213916253374951e-08
CASSVVTGGTDTQYF	1.6027492000726585e-08
CASSPGQGRLAFF	4.2310646987520706e-09
CASSPGQGREQYF	1.3295104617671168e-07
CASSPRTGGNGELFF	1.8683983491308807e-09
CASSPRTGGTGELFF	5.641087261490593e-08
CASSLGPGTGEAFF	1.2390460464287301e-08
CASSLGPGTSEQYF	1.1228657618533783e-08
CASSLTGATEAFF	2.0728403578484626e-07
CASSLTGLTEAFF	1.741390698028745e-07
CASSLTGGTEAFF	6.680170682923098e-07
CASSLGGGEQFF	6.190296205523e-07
CASSPGGGELFF	4.210907480469122e-07
CASSLGGGEQYF	1.2843417903411003e-06
CASSLGGGEVFF	1.611377404141857e-10
CASSLEVGEFAF	4.536650119805941e-13
CASSLETGELFF	2.2612295445454605e-07
CAWSLETGELFF	2.688655281664874e-09
CASSYRGNTEAFF	9.73291443024901e-07
CASSYTGNTEAFF	2.2946552294619876e-07
CASSYVGNTEAFF	5.8776299054642085e-08
CASSPDTYEQYF	3.428122338081069e-07
CASSPDSYEQYF	1.4328643143980075e-06
CASSPDTYEQFF	7.2460114263667504e-09
CSAGDGETQYF	2.241742066286685e-08
CSGGDSETQYF	2.875208000170355e-09
CASSYGTDTQYF	4.897400183016304e-07
CASRYGTDTQYF	7.295753883108217e-08
CASSPRQTNYGYTF	2.1781138967599345e-08
CASSPRLTNYGYTF	1.7794290739708553e-08
CASSIGGGGNQPQHF	4.172775798093398e-08
CASSIGQGGNQPQHF	6.996330071187646e-08
CASSPGLAGGRTDTQYF	5.12576386978311e-08
CASSTGLAGGRTDTQYF	9.194755078416603e-09
CASSSGVGYTF	3.604836318336817e-07
CASSSQVGQYF	2.7029993737975508e-09
CASSFGQGANNEQFF	3.4247807676822996e-09
CASSRGQGANNEQFF	6.6465467718402385e-09
CASSLDRASPLHF	7.703297606901703e-08
CASSLDRNSPLHF	1.9617978774272597e-07
CASREGGVNEQFF	1.7526688092617403e-08
CASRTGGVNEQYF	1.1011938188258416e-08
CASTPGLMNTEAFF	1.9759413798719926e-08
CASTPGTMNTEAFF	1.8205194471427657e-08
CASSSYTGELFF	2.8320680213827e-07
CAILSYTGELFF	1.5322603555149219e-09
CASSPTSGRSYNEQFF	5.375809948285073e-08
CASSSTSGRSYNEQFF	4.11696673615984e-08
CASSTGEQFF	3.994725118389339e-07
CASSRGEQFF	1.1609108791059422e-06
CASSAGELFF	2.4230077873911884e-07
CASSDGEQFF	1.7892545873475022e-07
CAWSVRDRGNQPQHF	2.187109957099911e-08
CASSERDRGNQPQHF	1.1137819737164254e-07
CASSEGGQDTQYF	3.742771131363736e-08
CASSEGGTDTQYF	8.928681635014358e-07
CASSPPGTAYNEQFF	2.7527006385125662e-08
CASSPAGTAYNEQFF	1.4754399150874045e-08
CASSLAPLSSYEQYF	1.8857390015775572e-08
CASSLAPGSSYEQYF	9.81732953680975e-08
CSVGGDYEQYF	7.823033548556582e-08
CASGGDTEAFF	3.8208638239584344e-07
CASSPAGGPTDTQYF	2.3692476816833732e-08
CASSPRGGPTDTQYF	7.122673773672765e-08
CASRASGGSYEQYF	5.711863650978711e-08
CASRASGGSYEQYF	5.711863650978711e-08
CASRASGGSYEQYF	5.711863650978711e-08
CSARASGGLYEQYF	4.600142883873535e-09
CASSFSYGYTF	4.0478632296569735e-07
CASSFSYEQYF	1.3365617509086618e-06
CASSLNVDTQYF	1.0919278160439408e-08
CASSLNTDTQYF	2.226000457761896e-07
CASSSQDNQPQHF	7.451540208528103e-08
CASSSTDNQPQHF	8.335144171376379e-08
CASSLSEGDTQYF	3.8714412631062704e-08
CASSLYEGDTQYF	7.372904955608867e-09
CASSLAGNTGELFF	8.058361663068091e-07
CASSLAGNKGEQYF	3.818145597400338e-10
CSARARDYEQYF	6.709226175061483e-08
CSARRRDYEQYF	3.971423798064423e-08
CRSGGHYGYTF	6.583694720457404e-10
CASGGAYGYTF	1.6827315714520098e-07
CASGGNYGYTF	4.6711453994102894e-07
CASSETDTQYF	3.8278418634836986e-07
CASSRTDTQYF	1.7119205680377117e-06
CATSITDTQYF	2.3672158090293563e-08
CASSLTDTQYF	1.4559225240772285e-06
CASSLTDTQYF	1.4559225240772285e-06
CASSLAGADTQYF	7.788235186166676e-07
CASSLAGVDTQYF	1.807839539548475e-07
CASSLAGTDTQYF	2.3309678292181193e-06
CSARWERSSYNEQFF	3.7298325800732825e-10
CASRWEREVQETQYF	5.3505825314973464e-11
CASSLGQGLGAFF	6.796031644964218e-09
CASSPGQGLGYTF	1.2298039722100862e-07
CASSYSQVTGELFF	4.815309888060849e-09
CASSYSAVTGELFF	6.104878683268302e-09
CASSLAGGGKTQYF	1.025227995775674e-08
CASSLAGGGETQYF	3.5558393451173277e-07
CASSVSGGAGNEQFF	2.8897533485049998e-09
CASSFSGGAGNEQFF	5.180376295623804e-09
CASSLRRGNEQFF	2.163707622810131e-07
CASSLRRGGEQYF	1.0322600875819389e-07
CASSPGTGINEKLFF	1.6785269119503833e-08
CASSPGTGSNEKLFF	5.6362688135423396e-08
CASSPGTAPNYGYTF	1.3062214340251213e-08
CASSPGTAYNYGYTF	2.731642016511188e-09
CASSIGGNEQFF	2.3536552028062852e-07
CASSIGGNGYTF	5.643762464214139e-08
CASKDGLSYEQYF	3.99939655812651e-09
CASKTGLSYEQYF	3.438487882701201e-08
CASSLLTDNEQFF	5.6360902775887116e-08
CASSLLRDNEQFF	1.496043208676698e-07
CASSSTVNTEAFF	2.0954910975798685e-07
CSARSTVNTEAFF	7.763856026565661e-09
CASSLRLASYNEQFF	5.115349840129072e-08
CASSPRLASYNEQFF	3.620826116484511e-08
CASSPGGFSYNEQFF	5.0688794721970947e-08
CASSSGGFSYNEQFF	4.157538735921766e-08
CASSVDGGRTDTQYF	6.2738640759816414e-09
CASSVAGGRTDTQYF	4.041283185821792e-08
CASSLAGSGANVLTF	2.836941116274437e-07
CASSGAGSGANVLTF	1.1945294020545877e-07
CSATRGYTGELFF	7.316695481907038e-09
CASGRGYTGELFF	2.5316665156509557e-08
CASSPGANYEQYF	1.0533407795218221e-07
CASSPSANYEQYF	1.8414065113775083e-08
CAISESGNQPQHF	2.821399947233616e-08
CASSESFNQPQHF	1.4226606108635512e-08
CASSIQGGTEAFF	9.961865918087103e-08
CASSPQGGTEAFF	3.696916117186092e-07
CASSFQGGTEAFF	1.569332048142994e-07
CASSSVYNEQFF	3.155944706118722e-07
CASSSSYNEQFF	1.1426354058264012e-06
CASSSRYNEQFF	8.514394870563273e-07
CASSSRYNEQFF	8.514394870563273e-07
CASSSRYNEQFF	8.514394870563273e-07
CASSSRYNEQFF	8.514394870563273e-07
CASSSRYNEQFF	8.514394870563273e-07
CASSLVREQFF	1.0580125745495267e-07
CASSLVSEQFF	9.964599253675504e-08
CASSLVQEQFF	1.3777728277371783e-08
CASSQGSGYTF	4.1951511289491285e-07
CASSQDSGAFF	3.131759866408395e-08
CASSRDRGEQFF	1.447662114847791e-07
CATSRDRGELFF	8.43295884801611e-09
CASSRDAGELFF	9.021457331934848e-08
CASSYSGYGYTF	2.3397574257236724e-07
CASSYSGYEQYF	6.807123072657497e-07
CASSRQPTGELFF	4.0754506070301926e-08
CASSRQNTGELFF	2.403455616538805e-07
CASSLTTNSYEQYF	1.021412600508419e-08
CASSLTGNSYEQYF	1.1011068799482794e-07
CASSWSSGNTIYF	6.252843666619689e-08
CASSWESGNTIYF	2.2616750823458955e-08
CASSQGGSVEQYF	7.485471989562692e-09
CASSQGGSYEQYF	1.7398430621239345e-06
CATSRDRGGTGELFF	1.4292089447194944e-08
CASSPDRGGTGELFF	5.408102883967213e-08
CASSSTWGQETQYF	6.692172103981105e-09
CASSSTSGQETQYF	1.3504464941634253e-07
CASSLTSPPYNEQFF	4.22463577218261e-09
CASSLTSRPYNEQFF	6.753935703847057e-09
CASSVTGAYGYTF	6.638378363870064e-08
CASSVTGVYGYTF	7.036965040043473e-08
CASSGPSGSSYEQYF	3.874142386762131e-08
CASSPPSGSSYEQYF	8.069884031824424e-08
CSVERQMNTEAFF	2.9827044517649476e-09
CSVERQENTEAFF	2.434244410218492e-09
CASSDTSGRYEQYF	3.225482774950485e-08
CASSRTSGRYEQYF	1.8164854081762183e-07
CASSLDRNSPLHF	1.9617978774272597e-07
CASSLDQNSPLHF	2.035448451259038e-08
CASSLGGIYEQYF	4.755624852457101e-07
CASSLGGIGELFF	5.027568960281756e-08
CASSTALSSYEQYF	1.3495807088883843e-08
CASSLALSSYEQYF	1.3752940484417442e-07
CASSPWGGLNTEAFF	1.7335493593738254e-08
CASSPRGGLNTEAFF	1.0129804502891926e-07
CASSLRLAGAGEQYF	3.674290579574279e-09
CASSLELAGAGEQYF	2.335976239886683e-09
CAWSVSANTGELFF	3.54118421956321e-09
CASSSSANTGELFF	1.0545245530542742e-07
CASSGPGGGETQYF	5.8549251173931824e-08
CASSGTGGGETQYF	1.2721367176489898e-07
CASSGTGGGETQYF	1.2721367176489898e-07
CASSLDQETQYF	5.468665674749884e-07
CASSLGQETQYF	2.266748481297098e-06
CASSLSQETQYF	5.797791615264615e-07
CASSLGQNTEAFF	7.66260926069616e-07
CASSVGQNTEAFF	2.1785309967452706e-07
CASSPGQNTEAFF	7.693543706645721e-07
CASSQRTSGGSYEQYF	1.479641710172918e-08
CASSSRTSGGSYEQYF	3.570064374045753e-08
CASRSGNYGYTF	2.3235593593214686e-07
CASRSGGYGYTF	2.476214952380361e-07
CASSPTVHYEQYF	1.503153249854023e-08
CASSPTVSYEQYF	1.7745291529976962e-07
CSVAGLAGNNEQFF	3.0533748075025824e-09
CASQGLAGNNEQFF	5.490267930008273e-09
CASSLQLQETQYF	5.08050560502e-08
CASSPQLQETQYF	3.898098950374445e-08
CSGGRGETEAFF	5.334565348433985e-10
CSVERGETEAFF	2.9464603820245967e-09
CASSGGLLYNEQFF	3.316378839456567e-08
CASSSGLLYNEQFF	2.938641093996665e-08
CASSPVGTEAFF	1.407619737537659e-07
CASSPGGTEAFF	1.6575050672544386e-06
CASSPAGTEAFF	3.6696039399667296e-07
CASSVGGGSPLHF	7.093497658784636e-08
CASSIGGGSPLHF	3.31862876686726e-08
CASSLGGAADTQYF	1.2172546097298287e-07
CASSLGGAGDTQYF	8.099305722855635e-08
CSVRAGYGYTF	1.2398319682322355e-08
CSARAGYEQYF	4.6089374049905244e-07
CASSLTSGSTDTQYF	3.154082225548684e-07
CASSLTTGSTDTQYF	3.1944928647047406e-08
CASSEGTGSYEQYF	2.2402259370405646e-07
CASSESTGSYEQYF	7.847247924429503e-08
CASSQVNYGYTF	1.7806004255032343e-07
CSARQVNYGYTF	2.089366500184643e-08
CASSLGGGNTEAFF	1.1194872318275605e-06
CASRLGGGNTEAFF	4.880068712232955e-08
CASSPSGNTIYF	3.235889921561654e-07
CASSPSGNEQFF	8.051230335218813e-07
CASSTGTLNYGYTF	1.6535964419094593e-08
CASSTGTENYGYTF	2.007187382804253e-08
CSFFGGNYEQYF	2.005228434109604e-11
CSVAGGNYEQYF	1.4858293670775496e-08
CSVAGGNYEQYF	1.4858293670775496e-08
CAWSRSWEQYF	2.4615227817052856e-10
CASSRQWEQYF	1.298751387019837e-08
CASSLGQVFEQYV	6.688329210949544e-16
CASSLGQVTEAFF	1.5068745988127992e-07
CASSVTGTNTGELFF	2.812052683888204e-08
CASSGTGTNTGELFF	8.631557142717032e-08
CASSPGATEAFF	5.996082934383822e-07
CASSPGNTEAFF	2.0268865225788713e-06
CASSPGGTEAFF	1.6575050672544386e-06
CASSQGGDEQYF	7.172787321244976e-07
CASSQGGYEQYV	2.7982191214398823e-14
CASSQGGTEAFF	1.2994349563107785e-06
CAWTSGGGETQYF	4.55963333695417e-09
CASTPGGGETQYF	6.207341055820091e-08
CAWSVQANTGELFF	3.3315668803656445e-09
CAWSVSANTGELFF	3.54118421956321e-09
CASRPGQGTYGYTF	2.0827481157713197e-08
CSARPGQGNYGYTF	3.163424590244951e-08
CASSQDQGGTEAFF	5.883095651000165e-08
CASSQEQGGTEAFF	4.022349893285915e-08
CASSLVGYGYTF	3.115265924522438e-07
CASSLVGQGAFF	4.3531119151787744e-08
CASSLPATDTQYF	1.0953408188855977e-07
CASSLPSTDTQYF	4.120592431553909e-07
CSASDRTSGNTIYF	2.1504010693051463e-09
CAISDRISGNTIYF	1.1461060571577556e-09
CASSYNSGANVLTF	2.514136353686035e-08
CASSYGSGANVLTF	9.704033159545316e-08
CASSTGTMNTEAFF	9.619295116476464e-08
CASSSGTMNTEAFF	1.7425731811858468e-07
CASSDRGDSPLHF	1.2250238184940954e-07
CASSDRGESPLHF	2.0580664385230342e-08
CASTGQSYNEQFF	3.7943607913691697e-08
CASQGQSYNEQFF	6.6631150701095235e-09
CASSLQGTEQYF	1.017489282737936e-07
CASSLQRTEAFF	1.2643375579874822e-07
CASSLDPGRETQYF	3.978405565063143e-08
CASSLSPGRETQYF	4.524440269853423e-08
CASRGQGATGELFF	5.50789416111317e-08
CSARGQGGTGELFF	2.9340776655179544e-08
CSARGQGGTGELFF	2.9340776655179544e-08
CASGDGYSNQPQHF	1.193066741516495e-08
CASSDGYSNQPQHF	1.200466583951136e-07
CASSLSFTDTQYF	6.096533016761396e-08
CASSLLFTDTQYF	6.383196911799266e-08
CASSLGTVQETQYF	1.0099316609434758e-07
CASSLPTVQETQYF	2.339282893961887e-08
CASSVSGRQETQYF	4.3975176833880165e-08
CASSVSGVQETQYF	2.2340747144530486e-08
CSASRETQYF	2.4958236126397134e-07
CASSRLTSDF	2.397686402445462e-10
CASSPQTSGTDTQYF	1.321688381267945e-08
CASSPGTSGTDTQYF	2.212311684196848e-07
CASSPGTSGGDTQYF	5.518229477175456e-08
CASSPGTSGTDTQYF	2.212311684196848e-07
CASSLRLAGYNEQFF	2.117733235730733e-07
CASSLRLASYNEQFF	5.115349840129072e-08
CASSYGLGYGYTF	2.921432481611582e-08
CASSYGGGYGYTF	2.082530398594042e-07
CATKQGTNTEAFF	2.988829209714422e-09
CAGRQGTNTEAFF	1.7153049832737258e-09
CAISAGGGANVLTF	3.398549543575406e-09
CASSVGGGANVLTF	7.263905997766985e-08
CASSPAGYQETQYF	3.223749599555293e-08
CASSPAGAQETQYF	6.051411722568119e-08
CSVRAGYGYTF	1.2398319682322355e-08
CSARGGYGYTF	5.564440538934976e-07
CSAREGYGYTF	1.6524777537029843e-07
CASSFGGEQYF	4.858358957463912e-07
CASSFWGEQYF	1.2717998879645146e-07
CASSFSGELFF	1.7222423363263678e-07
CASSLGSSYNEQFF	7.770655138506148e-07
CASSLGSPYNEQFF	6.635016977757098e-08
CASSQGQGATYEQYF	2.869570353925011e-08
CASSPGQGATYEQYF	6.712411329016457e-08
CASSPTSGQETQYF	1.8681765797529457e-07
CASSPTSGSETQYF	6.701407126487144e-08
CASSLQGYTEAFF	2.538424216684843e-07
CASSFQGYTEAFF	8.009353352623496e-08
CASSFQGYTEAFF	8.009353352623496e-08
CASTLGGMNTEAFF	2.4827971628137e-08
CASSLGGMNTEAFF	8.017108559450832e-07
CASSLQGPGQPQHF	2.075353831463093e-08
CASSLQGAGQPQHF	6.164161078202738e-08
CASSLSGGRETQYF	1.1118761453388977e-07
CASSLSGGRETQYF	1.1118761453388977e-07
CASSLSGGRETQYF	1.1118761453388977e-07
CASSLSPGRETQYF	4.524440269853423e-08
CASSLSGVETQYF	1.327649775457724e-07
CASSSSGVETQYF	1.1759644782657059e-07
CASSSRGNSPLHF	3.7841788896110567e-07
CASSSDGNSPLHF	3.845987877177056e-08
CAIRTGRTEAFF	1.4334382205550856e-08
CASRTGRNEQFF	1.260024006654422e-07
CASSGRGLETFF	2.8970546465552797e-11
CASSQRGLEQFF	2.0130871004764688e-08
CASSPDSNTEAFF	1.3616225148856612e-07
CASSPNSNTEAFF	2.4272181961082296e-08
CASSLAGGGTGELFF	1.7540396499744032e-07
CASSLAGGNTGELFF	4.288290897152792e-07
CASTPNTEAFF	1.658895746786389e-07
CASTPDTEAFF	1.2824661105674135e-07
CASSLAGSTDTQYF	9.336065365960384e-07
CASSLAGRTDTQYF	5.82769551408621e-07
CASSLAGNTDTQYF	1.8384225660785778e-07
CASSSALQETQYF	4.815629092737193e-08
CSASSAAQETQYF	1.4359104910486015e-09
CASSLDLNTGELFF	7.083177051950711e-08
CASSLDGNTGELFF	1.1177003807809267e-07
CASSLATGGNQPQHF	1.9247237547197156e-07
CASSLAGGGNQPQHF	3.315032050041197e-07
CASSPGGDSNQPQHF	2.987788690891827e-07
CASSPGGNSNQPQHF	1.7850692422702345e-07
CASSLAASTDTQYF	2.874629689343504e-07
CSASGAASTDTQYF	4.336309698839165e-09
CASSLGGTQETQYF	2.1479822507130878e-07
CASSLIGTQETQYF	2.13519512860361e-08
CASSLSGSGYEQYF	6.183269986794085e-08
CASSLSGQGYEQYF	2.609266968193629e-07
CAISRDSNTGELFF	2.3799824269700702e-09
CASSRDSRTGELFF	3.1848062878678166e-08
CAISGRGNEQFF	2.1294477230934783e-08
CASSGRGLETFF	2.8970546465552797e-11
CAGSTGNGNTIYF	6.165997069485241e-11
CAWSTGSGNTIYF	1.2351668048402107e-08
CASSLALSSYEQYF	1.3752940484417442e-07
CASSLPLSSYEQYF	7.769922583413505e-08
CASSVTGAYGYTF	6.638378363870064e-08
CASSRTGAYGYTF	1.958557251574782e-07
CASSQENNEQFF	5.923672581810219e-08
CASSQVNNEQFF	5.646900433768948e-08
CASSLGLAGAADTQYF	1.0724190903109073e-08
CASSLGLAGALDTQYF	3.0046543912787045e-09
CASSLAGGPDEQFF	4.054524800975335e-08
CASSLAGGPDTQYF	2.093649671946395e-07
CASSLDPSSYNEQFF	4.6210393681227516e-08
CASSPDPSSYNEQFF	1.9350784629344947e-08
CASSIGETQYF	4.0280060821456505e-07
CASSIQETQYF	3.0954388730163666e-07
CASSSIRGSYNEQFF	1.3691102246477127e-08
CASSSQRGSYNEQFF	1.714022648493273e-08
CASSSGLAGGDTQYF	6.168811379335631e-08
CASSSGLAGADTQYF	8.36141339892167e-08
CASRDIKKIETQYF	1.8502492283241623e-12
CASIKKGGLIYEQYF	1.0339388139631242e-11
CASSSHGEQYF	5.1810868597324164e-08
CASSSHEEQYF	6.954128940726109e-09
CASSLQLQETQYF	5.08050560502e-08
CATSLQGQETQYF	8.01451277289123e-09
CASSPPGRVNTEAFF	4.644564025999128e-08
CASSPPGRTNTEAFF	1.442720014248947e-08
CASSVAGGSTDTQYF	7.832989327499159e-08
CASSVAGGRTDTQYF	4.041283185821792e-08
CASSLTDTQYF	1.4559225240772285e-06
CASSLTDTQYF	1.4559225240772285e-06
CASSLTETQYF	7.892154064556949e-07
CASSLTETQYF	7.892154064556949e-07
CASSPTGANEQYF	3.110428008131548e-08
CASSPTGAYEQYF	7.570336260470642e-07
CASSLAGTDTQYF	2.3309678292181193e-06
CASSLGGTDTQYF	2.4189014865233227e-06
CASSLGGTDTQYF	2.4189014865233227e-06
CASSLWGTDTQYF	2.3543581562964028e-07
CSVGQGGTEAFF	3.168244546701944e-08
CASWQGGTEAFF	5.327045161974906e-09
CASSQGGTEAFF	1.2994349563107785e-06
CASSRGYEQYF	8.089596014482695e-06
CASSRGTEAFF	3.4842777349387363e-06
CSASRGNEQFF	1.5871095708596013e-07
CASSRGSEQYF	8.600877162669813e-07
CASSPQGNTGELFF	2.921219092236421e-07
CASSPQGNTGELFF	2.921219092236421e-07
CASSPIGNTGELFF	3.582219314807327e-08
CASILDSNQPQHF	3.2503732835105186e-08
CATSLDSNQPQHF	1.7161053229108225e-08
CASSLPGQGNEKLFF	1.5592274862938968e-07
CASSPPGQGNEKLFF	1.1451365229688291e-07
CASSLGTSGYNEQFF	3.622086374386331e-07
CASSLGTEGYNEQFF	1.8000591949094656e-08
CASSGGTGETQYF	2.7101929741101045e-07
CAISGGPGETQYF	4.153274114054967e-09
CASSEWGGNEQYF	2.135723735046782e-08
CASSEAGGNEQFF	1.293324310480858e-07
CASSRGETQYF	3.799582853898479e-06
CAWSRGEGEFF	2.536209722664386e-12
CASSYRMNTEAFF	1.938198904910753e-07
CASSYNMNTEAFF	2.6153769195998695e-08
CASSPRGGETQYF	7.174980591743168e-07
CASSPRPGETQYF	7.330914733348341e-08
CASSLVGLNTEAFF	1.6533341046679982e-07
CASSLVGVNTEAFF	1.7048032820574878e-07
CASSLAAGSSYEQYF	7.22853032328834e-08
CASSLAPGSSYEQYF	9.81732953680975e-08
CASSSRQGIYEQYF	4.281057270682762e-08
CASSSRQGTYEQYF	1.2999748609034124e-07
CASSSGGFSYNEQFF	4.157538735921766e-08
CASSSGGMSYNEQFF	5.821075031121143e-09
CASSFSDNEQFF	1.4216549911397552e-07
CASSFSDNEQFF	1.4216549911397552e-07
CASSSSDNEQFF	2.633573774487975e-07
CASRTGTGEAFF	3.891407261460612e-08
CASRTNTGELFF	3.55963285303528e-07
CASSLGTGVYGYTF	1.4491658750393737e-07
CASSPGTGVYGYTF	1.0701647362360631e-07
CASSRTGATDTQYF	7.844661332620897e-08
CASSRTGNTDTQYF	5.759942464937306e-08
CASSIGGGGNQPQHF	4.172775798093398e-08
CASSFGGGGNQPQHF	6.86876107133454e-08
CASSQFSNQPQHF	5.8015501210287256e-08
CASSIFSNQPQHF	2.3063667647428045e-08
CASSLEGGTEAFF	3.528538781334902e-07
CASSLAGGTEAFF	6.45874143525339e-07
CASSLTGGTEAFF	6.680170682923098e-07
CASSLGQGNQPQHF	1.3865117459835238e-06
CASSLGQGNQPQHF	1.3865117459835238e-06
CASSIGQGNQPQHF	1.5609291734450832e-07
CAISEGQGNQPQHF	2.286253842930023e-08
CASSFSYGYTF	4.0478632296569735e-07
CASSFIYGYTF	9.10775021673868e-08
CASSPTGVQETQYF	7.869028636279591e-08
CASSFTGVQETQYF	2.9047517723716873e-08
CASSLGSGNTGELFF	9.186097182369684e-08
CASSLGRGNTGELFF	2.47699960684327e-07
CASSPSTDTQYF	1.0466370865176842e-06
CAGSDSTDTQYF	2.2851904168626167e-09
CASSGSTDTQYF	1.256740150464933e-06
CASSTSTDTQYF	7.397126914219461e-07
CASSLADGETQYF	7.16856142097698e-08
CASSLATGETQYF	2.384432792475074e-07
CASSTHEQYF	2.5812269507473305e-07
CASSTGEQFF	3.994725118389339e-07
CASSLARMNTEAFF	1.3266955837833433e-07
CASSLDRMNTEAFF	2.3562898151692765e-07
CASSVFGGSTDTQYF	4.798522695840663e-09
CASSVAGGSTDTQYF	7.832989327499159e-08
CASSALYNEQFF	2.211104425973651e-07
CARSAGYNEQFF	9.76174985824506e-09
CASAFSYEQYF	2.530368364066236e-08
CASSFSYEQYF	1.3365617509086618e-06
CASSSGQGVDTQYF	1.55362809554996e-08
CASSSGQGADTQYF	8.217239178871978e-08
CASSLTGATEAFF	2.0728403578484626e-07
CASSLLGATEAFF	9.851276027437781e-08
CASSPGTTNTGELFF	4.421245514751457e-08
CASSPGTLNTGELFF	3.405681808184049e-08
CATRGGGTEAFF	5.541248427653318e-08
CASRDGGTEAFF	6.787666661480383e-08
CASRGGGTEAFF	6.042248762246345e-07
CATSGGQGTYNEQFF	1.7082121486590971e-09
CASSPGQGTYNEQFF	6.388353128719127e-08
CASSPGSTDTQYF	8.749225277545831e-07
CASSPGSTDTQYF	8.749225277545831e-07
CASRPGSTDTQYF	1.602981778243327e-07
CASSFTGGSYEQYF	1.936803015855908e-07
CASSFEGGSYEQYF	8.609143954216914e-08
CASSRQGPTDTQYF	8.05504797217776e-08
CASSRQGGTDTQYF	3.241048221959427e-07
CASSSGSYEQYF	3.23774001357746e-06
CASSSDSYEQYF	1.1824087189080926e-06
CAISSSSYEQYF	1.9617668000404108e-08
CASSLTGTFYEQYF	2.882417768949319e-08
CASSLTGTVYEQYF	5.861496207304439e-08
CASSLEGSSGNTIYF	9.34236201325929e-08
CASSLTGSSGNTIYF	1.9104567499788283e-07
CASSLLAGSSYNEQFF	2.1052906762563441e-07
CASSKLAGSSYNEQFF	3.989961263261842e-08
CSARVGETQYF	1.0478405510764723e-07
CASRVGNTQYF	7.789285276832722e-09
CASSQESGEQYF	4.454605637293989e-08
CASSQRSGEQFF	1.0470458039152757e-08
CASSGGRAYEQYF	7.579077372257653e-07
CSATGGRAYEQYF	1.9041014499364846e-08
CASSLEYYNEQFF	4.7201011749173286e-08
CASSLEYYNEQFF	4.7201011749173286e-08
CASSLEGYNEQFF	4.618306883816587e-07
CASSLGAGGTDTQYF	1.3021391993637534e-07
CASSLGAGSTDTQYF	8.836011439611376e-08
CASSISYNEQFF	2.601822028447505e-07
CASSSSYNEQFF	1.1426354058264012e-06
CATSGSYNEQFF	2.025834689146119e-07
CASSQTANTEAFF	6.689173481760381e-08
CASSQTRNTEAFF	9.9190432055562e-08
CASSDRNQPQHF	8.178976709787354e-07
CASSDSNQPQHF	1.2197264838955165e-06
CASSSDGNSPLHF	3.845987877177056e-08
CASSGDGNSPLHF	5.131173721193653e-08
CASTGTGSTDTQYF	6.93471146558635e-08
CASSGTGSTDTQYF	3.382606802378699e-07
CASSFGVEQFF	4.4085378338999316e-08
CASSFGYEQYF	9.172195864206093e-07
CASSFGGEQYF	4.858358957463912e-07
CASSLLQGGEAFF	2.568148052918262e-08
CASSLGQGGEQYF	3.138149571968777e-07
CASSLGQGGEQYF	3.138149571968777e-07
CASSLVLAGGTDTQYF	7.291874023901211e-08
CASSLGLAGGTDTQYF	3.4633131019982e-07
CASSLAGAGNTIYF	2.0874935698951954e-07
CASSLGGAGNTIYF	3.2154737593336215e-07
CASSVTGDSNQPQHF	8.355741808309295e-08
CASSLTGDSNQPQHF	3.0187937592751766e-07
CASSLTGLTEAFF	1.741390698028745e-07
CASSLEGLTEAFF	9.619218892216716e-08
CASRPTGNYGYTF	7.177070532873853e-08
CASSPTGNYGYTF	5.404432818437611e-07
CAWSLQGSNQPQHF	7.792788294850128e-09
CASSLQGVNQPQHF	1.5224936173909338e-07
CASSPGRDEQYF	5.608933444850921e-07
CASSPGRYEQYF	1.734241186342689e-06
CASSLTGGNTGELFF	2.3451814631507297e-07
CASSLAGGNTGELFF	4.288290897152792e-07
CSPSEGLAGEETQYF	2.661271573913382e-12
CASSLGLAGEETQYF	1.853470249338478e-07
CASSLGGADTQYF	9.373194680966935e-07
CASSLGGTDTQYF	2.4189014865233227e-06
CASSLGGTDTQYF	2.4189014865233227e-06
CASSGGRAYEQYF	7.579077372257653e-07
CASSGGRGYEQYF	7.022930396066422e-07
CASSYGGVNTEAFF	1.2460281808748312e-07
CASSYGGSNTEAFF	5.234355772887144e-08
CASSPGPYEQYF	2.5800892478180934e-06
CAWSPGYYEQYF	8.923382016996088e-09
CASSPGRYEQYF	1.734241186342689e-06
CSASQDSGANVLTF	4.378330816573658e-09
CASSQGSGANVLTF	5.798361039328628e-07
CASSLGTDYNEQFF	6.610171774480278e-08
CASSLGTAYNEQFF	1.8041934099137227e-07
CASSPGATEAFF	5.996082934383822e-07
CASSLGATEAFF	7.187903411914718e-07
CASSLSQETQYF	5.797791615264615e-07
CASSLSSETQYF	1.8640969120627203e-07
CASSLSATDTQYF	1.0646835143732209e-07
CASSLSFTDTQYF	6.096533016761396e-08
CASSLGTGDGYTF	2.8031682591041153e-07
CASSLGQGDGYTF	3.5054031737281033e-07
CASSQGPNTGELFF	2.2808187569959518e-07
CASSPGPNTGELFF	3.690302456825801e-07
CSVGDRNTGELFF	1.010849461476619e-08
CATRDRNTGELFF	3.186517173161043e-08
CASSFGGSYNEQFF	2.3389435386775283e-07
CASSFGGGYNEQFF	2.3525633322401564e-07
CASSLRLAGYNEQFF	2.117733235730733e-07
CASSLRLAGGNEQFF	9.746734300061104e-08
CAWSDGNEQFF	8.014860996738193e-09
CASSDGAEQFF	3.443502371245834e-08
CASSLNTNYGYTF	3.966449843349956e-08
CASSLGTNYGYTF	4.955944406145786e-07
CASSLGGLDEQFF	1.3680295586292186e-07
CASSLGGPDEQYF	1.943383928375324e-07
CASSQDQNQPQHF	5.015657504189951e-08
CASSQDLNQPQHF	8.121471355047744e-08
CASSQGTVNTEAFF	1.2979279575223665e-07
CASSQGGVNTEAFF	3.150402050215338e-07
CASSQTDEQFF	1.0323151276482939e-07
CASSQSDEQFF	6.564636631634323e-08
CASSFRGDTEAFF	3.66900971351956e-07
CAWSFQGDTEAFF	1.0887996105780834e-09
CASSPFRNTEAFF	5.051637056709812e-08
CASSPFRNTEAFF	5.051637056709812e-08
CASSPDRNTEAFF	6.552778654597297e-07
CASSPDRNTEAFF	6.552778654597297e-07
CASSPGTSGSEQYF	6.362106198433666e-08
CASSPGTSGYEQYF	3.3675957829389535e-07
CASSPGPYEQYF	2.5800892478180934e-06
CASSPGPGELFF	4.357974195399202e-07
CASRLAGGTDTQYF	3.881858915265756e-07
CASRLHGGTDTQYF	1.8395501282502765e-09
CASSPGLGTDTQYF	3.9240030842852625e-07
CATSPGLRTDTQYF	3.0010530426255424e-09
CASSPGTSGYEQYF	3.3675957829389535e-07
CASSPGTGGYEQYF	5.118113401675822e-07
CASSPSQDIKKLFF	1.0941099777459279e-12
CASSFRDRKIKKIYNEQFF	6.876988266190497e-16
CASSLTSGGTDTQYF	2.248102864326322e-07
CASSLTSGSTDTQYF	3.154082225548684e-07
CASSLRLAGGHEQYF	2.6456235527867704e-08
CASSLRLAGGNEQFF	9.746734300061104e-08
CARSHRGQPQHF	2.170730500732347e-09
CATSMRGQPQHF	1.5387895130940636e-09
CASSLQGYTEAFF	2.538424216684843e-07
CASSLVGYTEAFF	6.598494336773095e-08
CASSLDPSSYNEQFF	4.6210393681227516e-08
CASSLKPSSYNEQFF	1.2004409510211109e-08
CASRGGGGYTF	5.432307733106143e-07
CSARGGYGYTF	5.564440538934976e-07
CASSEGGTDTQYF	8.928681635014358e-07
CASSEGTTDTQYF	1.656253811087729e-07
CASSYRAGEQFF	2.7224929813709107e-08
CASSERAGELFF	1.32280014375964e-07
CASSTGYYEQYF	2.8545632082530974e-07
CAWSPGYYEQYF	8.923382016996088e-09
CASSLIQGLNTEAFF	2.8628347290730442e-08
CASSLDQGLNTEAFF	3.769084568181597e-08
CVACPGNTGELFF	3.0537294814742173e-12
CASSPGNTGELFF	8.224175280832467e-07
CASSLLRDNEQFF	1.496043208676698e-07
CASSLGRDNEQFF	4.817758517983812e-07
CASSESVYNEQFF	3.545206397210273e-08
CAISESRYNEQFF	1.4095250851370218e-08
CASSPGGGLGFF	1.862011438915278e-10
CASSPGGGELFF	4.210907480469122e-07
CASSPRGGETQYF	7.174980591743168e-07
CASSPPGGETQYF	3.930565698357453e-07
CASSSSDNEQFF	2.633573774487975e-07
CASSSSYNEQFF	1.1426354058264012e-06
CASSLGGGLNTEAFF	2.4069733024814707e-07
CASSLGGGQNTEAFF	5.722299539618276e-08
CASSLGGNEQFF	1.8934972715301972e-06
CASSLRGNEQFF	1.0723070269190265e-06
CASSLRGNEQFF	1.0723070269190265e-06
CASSLRGNEQFF	1.0723070269190265e-06
CASSLLGNEQFF	4.806764849225583e-07
CASSEGGTDTQYF	8.928681635014358e-07
CASSLGGTDTQYF	2.4189014865233227e-06
CASSLGGTDTQYF	2.4189014865233227e-06
CASSVGGTDTQYF	7.110263029599753e-07
CASSLGYEQYF	4.31840348797094e-06
CASSWGYEQYF	2.257221946503331e-06
CASSFGYEQYF	9.172195864206093e-07
CASSRGYEQYF	8.089596014482695e-06
CAWGRSSYNEQFF	1.1788799357991308e-08
CATGDSSYNEQFF	2.2778619329837557e-08
CSVGQSSYNEQFF	9.95783751598233e-09
CASSLGETQYF	2.4559928158563386e-06
CASSLTETQYF	7.892154064556949e-07
CASSLTETQYF	7.892154064556949e-07
CASSLDETQYF	5.337041121299632e-07
CASSLGREAFF	4.00224986141413e-07
CASSLGRIQYF	2.6405871383299816e-08
CASSAGLAETQYF	6.123926753735493e-08
CASSSGLAETQYF	1.1846026160425113e-07
CASSTSGGYEQYV	7.082664244032588e-16
CASSRSGGYEQYF	3.5952639820140797e-07
CASSIGVSTDTQYF	2.612384436460249e-08
CASSGGVSTDTQYF	1.9688627182284485e-07
CASILNTEAFF	1.49467987382616e-07
CSAIPNTEAFF	1.2997942283395838e-08
CASSGTGGNQPQHF	1.0014331913098255e-06
CASSGTGGGQPQHF	1.2658905557794936e-07
CASSLTGSNQPQHF	9.030719904519064e-07
CASSLTGENQPQHF	1.2054792912138502e-07
CASSVAGGSTDTQYF	7.832989327499159e-08
CASSLAGGSTDTQYF	3.9514893710392596e-07
CASRTSGEYNEQFF	4.350558903620044e-08
CAVRTSGSYNEQFF	2.1424205796300015e-09
CASSTGTAEAFF	1.0386858282611585e-07
CASSEGTAEAFF	8.26513470482152e-08
CASGKETQYF	1.9249352858615232e-07
CATGGETQYF	5.432232549720754e-07
CASGEETQYF	4.3536515963471305e-07
CASSQGGNTEAFF	1.4664879459550583e-06
CASSQAGNTEAFF	3.7854229826377567e-07
CASSLTGVNTEAFF	4.329075795259209e-07
CASSPTGVNTEAFF	2.966754253252734e-07
CASSQGGVNTEAFF	3.150402050215338e-07
CASSYGGVNTEAFF	1.2460281808748312e-07
CSASPQSYEQYF	1.599892922991879e-08
CASSGQSYEAFF	2.3956051938063155e-09
CASSLTDTQYF	1.4559225240772285e-06
CASSLTDTQYF	1.4559225240772285e-06
CASRLTDTQYF	4.3636265501696593e-07
CASSTYTGELFF	1.3129036505422788e-07
CASSTRTGEQYF	7.158896795083582e-08
CASSYGTVYGYTF	4.3611015588390875e-08
CASSTGTVYGYTF	6.005216548906016e-08
CASSLSGVNEQFF	8.645818824811883e-08
CASSLSGLNEQFF	9.551170439084207e-08
CASSLGRGNEQFF	4.475084699665075e-07
CASSLGRDNEQFF	4.817758517983812e-07
CASSSASGSYEQYF	8.966802763696568e-08
CASSLASGSYEQYF	4.3085207567120366e-07
CASSQGRGPYEQYV	2.1923764014876282e-16
CASSQGQGPYEQYF	2.00962509174983e-07
CAWSAEMNTEAFF	2.519293488842504e-09
CASSAKMNTEAFF	2.819081884455047e-08
CASSFGTTDTQYF	1.49391825569702e-07
CASSEGTTDTQYF	1.656253811087729e-07
CASRYRVNTEAFF	5.8339795956156826e-08
CSARNRVNTEAFF	1.872760014014298e-08
CASSGKPYEQYF	1.0604363661752278e-07
CASSGGPYEQFF	9.981277705015394e-08
CASSLAGGGNQPQHF	3.315032050041197e-07
CASSLVGGGNQPQHF	1.6685106485909582e-07
CASSPANTGELFF	3.290386147052505e-07
CSVSGANTGELFF	8.71009226978688e-09
CSARRAGTDTQYF	2.918170787583149e-08
CAIRRGGTDTQYF	2.848197384884109e-08
CASSYRAGEQFF	2.7224929813709107e-08
CASSYLAGELFF	8.000219035714341e-08
CASSSGSDEQFF	8.07858653844928e-08
CASSSGSYEQYF	3.23774001357746e-06
CASSPTGNEQYF	2.440169604635406e-07
CASSPTDNEQFF	2.563660833477193e-07
CASSLARGTEAFF	4.0988269563761194e-07
CASSLAGGTEAFF	6.45874143525339e-07
CASSFGGLTEAFF	6.219436330808269e-08
CASSFGGNTEAFF	5.146751591342728e-07
CSAIPNTEAFF	1.2997942283395838e-08
CASTPNTEAFF	1.658895746786389e-07
CASSPGNTGELFF	8.224175280832467e-07
CASSPANTGELFF	3.290386147052505e-07
CASSLIGGTGELFF	5.2275275363162115e-08
CASSLYGGTGELFF	2.992775822177386e-08
CASSSSGSYEQYF	9.71629647563224e-07
CASSSSSSYEQYF	3.5525389018510776e-07
CAISEGFNQPQHF	3.418408560280141e-09
CAISEGPNQPQHF	1.0114241102407552e-08
CASSRGVNTEAFF	1.1792538975601084e-06
CAAGRGVNTEAFF	1.4200540038555167e-09
CASSPGLAGDNEQFF	2.1679797570158246e-07
CASSPGLAGDNEQFF	2.1679797570158246e-07
CASSPGLAGDNEQFF	2.1679797570158246e-07
CASSPGLAGDNEQFF	2.1679797570158246e-07
CASSPGLAGYNEQFF	4.215625425368533e-07
CASSQVMSSYEQYF	3.550712084567393e-09
CASSQVSSSYEQYF	3.740785638737389e-08
CASSPAGTEAFF	3.6696039399667296e-07
CASSLAGTEAFF	8.941694225296735e-07
CAISESGNQPQHF	2.821399947233616e-08
CAWSVSGNQPQHF	2.0041401098568658e-08
CASSPTSGQETQYF	1.8681765797529457e-07
CASSSTSGQETQYF	1.3504464941634253e-07
CASSPGRWYEQFF	1.8115627321639184e-09
CASSPGREYEQYF	1.0274576003425172e-07
CASSETDTQYF	3.8278418634836986e-07
CASSEADTQYF	3.438454847623905e-07
CASSDGTDTQYF	5.121777654386472e-07
CAGSDSTDTQYF	2.2851904168626167e-09
CASSPGPYEQYF	2.5800892478180934e-06
CASSPHPYEQYF	1.259465277797609e-07
CASSLGGNTEAFF	2.3719519630607994e-06
CASSLGGNTEAFF	2.3719519630607994e-06
CASSFGGNTEAFF	5.146751591342728e-07
CASSQGGNTEAFF	1.4664879459550583e-06
CASSGGLAEETQYF	5.020811308334537e-08
CASSQGLAEETQYF	5.018932571778387e-08
CAWSPGNSGNTIYF	2.1911939210607696e-09
CASSPGFSGNTIYF	9.835046253706078e-08
CAWSQGGSSYEQYF	7.075945577662588e-09
CAWSQGGSSYEQYF	7.075945577662588e-09
CASSQGGISYEQYF	8.965348240350478e-08
CASSLAGGGETQYF	3.5558393451173277e-07
CASSLAGGEETQYF	2.9925481816358863e-07
CASSYRADTQYF	3.515170456066451e-07
CASSYRADTQYF	3.515170456066451e-07
CASSWRADTQYF	1.3709613554358695e-07
CASSWRADTQYF	1.3709613554358695e-07
CASSWRADTQYF	1.3709613554358695e-07
CASSDRNYGYTF	5.292572173433462e-07
CACSDRAYGYTF	3.849862115869948e-10
CASSLGLAGGTDTQYF	3.4633131019982e-07
CASSLGLAGRTDTQYF	1.4618000096822259e-07
CASSQGGSYEQYF	1.7398430621239345e-06
CASSQGGTYEQYF	6.861784789952555e-07
CASGRGNTEAFF	3.4069846924926044e-07
CSGGRGETEAFF	5.334565348433985e-10
CAWSGTSYEQYF	5.909102568970818e-08
CASSGQSYEAFF	2.3956051938063155e-09
CASSGNSYEQYF	3.586826954857059e-07
CASSPGQGTYNEQFF	6.388353128719127e-08
CASSPGQGAYNEQFF	1.12273682834603e-07
CAWSFQGTEAFF	2.581486067669566e-09
CASSFPGTEAFF	3.7121266374443987e-07
CASSRTGAYGYTF	1.958557251574782e-07
CASSRTGDYGYTF	4.574597039163057e-07
CASSLEGLTEAFF	9.619218892216716e-08
CASSLEGGTEAFF	3.528538781334902e-07
CASSLEGGNEQFF	3.0320402324097817e-07
CASSLEGGTEAFF	3.528538781334902e-07
CASSLDRSNTEAFF	9.080043858346048e-08
CASSLDRMNTEAFF	2.3562898151692765e-07
CASSPGLADYEQYF	7.971346986172258e-08
CASSPGLAGYEQYF	7.112399973408378e-07
CASSQGGYEQYV	2.7982191214398823e-14
CASRQGGYEQFF	2.5490313782938906e-08
CASSQDYNEQFF	2.428553023157509e-07
CASSQAYNEQFF	3.583695910729138e-07
CASSLFSTGELFF	3.4494612594302106e-08
CASSLASTGELFF	2.1332270849186902e-07
CASSLRENTEAFF	4.623843180650347e-07
CASSLTENTEAFF	2.3188694402058e-07
CASSLTENTEAFF	2.3188694402058e-07
CAWSQGPGTEAFF	1.1105366623203394e-09
CASSQGKGTEAFF	5.148315309004002e-08
CASSLAASTDTQYF	2.874629689343504e-07
CASSLAGSTDTQYF	9.336065365960384e-07
CASSLGLAGGNEQYF	3.930775685004391e-08
CASSLRLAGGNEQFF	9.746734300061104e-08
CASRTGGNEQYF	1.6292989813590465e-07
CASRTGRNEQFF	1.260024006654422e-07
CASSFVNQPQHF	5.9344158713860974e-08
CSASFSNQPQHF	1.573312770771545e-08
CASSLDRTGELFF	2.3630854046432515e-07
CASSLDREGEAFF	2.994508613587087e-08
CASSLSAGGTDTQYF	5.58005450274033e-08
CASSLGAGGTDTQYF	1.3021391993637534e-07
CASSLGQNTEAFF	7.66260926069616e-07
CASSLGQVTEAFF	1.5068745988127992e-07
CASSPRGGEQYF	6.155984458767595e-07
CASSPRGPEQFF	7.172800141321689e-08
CASSLSQDTQYF	4.352632752611227e-08
CASSLSADTQYF	2.4742937779354615e-07
CASSLGQGNEQYF	3.162334215724363e-07
CASSLGQANEQFF	5.469151481043222e-08
CASSYVGNEQFF	5.4558117397790997e-08
CASSYEGNEQYF	4.158745682175581e-08
CASSPGSTDTQYF	8.749225277545831e-07
CASSPGSTDTQYF	8.749225277545831e-07
CASSPGQTDTQYF	1.8932454835389056e-07
CASSVNYGYTF	2.25260990807996e-07
CAWSVLYGYTF	1.3021641964401272e-08
CASSLAGGKQFF	1.4480115055362968e-08
CSASLAGGEQFF	1.525450497409601e-08
CASSPTGGYEQYF	9.392568180938946e-07
CASSPTGAYEQYF	7.570336260470642e-07
CASSLAGSTGELFF	2.2641315979407475e-07
CASSLAGNTGELFF	8.058361663068091e-07
CASSERGGTEAFF	1.8051107135201976e-07
CASSVRGGTEAFF	2.0277069613269556e-07
CSGEDRANTEAFF	4.681998564852159e-10
CSVLDRANTEAFF	2.570421953134405e-09
CASSEAGGNEQFF	1.293324310480858e-07
CASSLAGGNEQFF	9.846402024472107e-07
CASSWGTDTQYF	7.457671983043702e-07
CASSYGTDTQYF	4.897400183016304e-07
CASSDGTDTQYF	5.121777654386472e-07
CASSFRETQYF	7.264870280537927e-07
CASSFRETQYF	7.264870280537927e-07
CASSFGETQYF	5.00742489017941e-07
CASSLQAGTDTQYF	4.5290193365306407e-08
CASSLSAGTDTQYF	9.454440113115188e-08
CASSLVGLNTEAFF	1.6533341046679982e-07
CASSLRGLNTEAFF	6.213482847288715e-07
CASSPGGSSYEQYF	8.713542171137739e-07
CATSPGHSSYEQYF	2.5548981907143345e-09
CASSTYTGELFF	1.3129036505422788e-07
CASSSYTGELFF	2.8320680213827e-07
CASSSRSYNEQFF	4.970255026002634e-07
CATSSGSYNEQFF	5.2038595700405906e-08
CASSQGSDTQYF	2.5627855435394416e-07
CASSPGSDTQYF	3.4003829517294515e-07
CASSLAGGPYEQFF	2.5933389117608463e-08
CASSLAGGPDEQFF	4.054524800975335e-08
CASSLGGTEAFF	2.134339739369543e-06
CASSQGGTEAFF	1.2994349563107785e-06
CASSPGGTEAFF	1.6575050672544386e-06
CSASGRSYNEQFF	4.57282193743675e-08
CASSSRSYNEQFF	4.970255026002634e-07
CASSLAGADTQYF	7.788235186166676e-07
CASSLGGADTQYF	9.373194680966935e-07
CASSQGLNTEAFF	9.291302967273599e-07
CASSQGGNTEAFF	1.4664879459550583e-06
CASSLAGNTGELFF	8.058361663068091e-07
CASSLDGNTGELFF	1.1177003807809267e-07
CASSFGYEQYF	9.172195864206093e-07
CASSFSYEQYF	1.3365617509086618e-06
CASSSTYEQYF	1.7991672435754932e-06
CASSSTGEQYF	5.119251250351469e-07
CASSLPSTDTQYF	4.120592431553909e-07
CASSHPSTDTQYF	8.792748906716237e-08
CASSFGGNTEAFF	5.146751591342728e-07
CASSFGPNTEAFF	1.1721191039549682e-07
CASSWRGSSYNEQFF	6.454434553755787e-08
CASSPRGSSYNEQFF	3.5890001941866184e-07
CSARVGETQYF	1.0478405510764723e-07
CASSVGETQYF	7.500977977243163e-07
CASSFSGELFF	1.7222423363263678e-07
CASSFSYEQYF	1.3365617509086618e-06
CASSLAGGGEQYV	2.3359150982589147e-13
CASSLAGVGEQYF	5.947972155589417e-08
CASSSRHEQFF	2.218481514847242e-07
CASSSRNEQFF	8.103771088423287e-07
CAVRDRGNYGYTF	4.6114663162955446e-09
CSARDRRNYGYTF	3.497215179229985e-08
CASSRQVNTEAFF	3.459553949277419e-07
CASSRQRNTEAFF	2.337751532406711e-07
CASSPLNEQFF	4.955449118361644e-07
CSASVLNEQYF	2.8440885239780326e-09
CSAERGDTQYF	1.3146871488519981e-08
CSAYRGDTQYF	1.3577382132660263e-08
CASSLGVMNTEAFF	2.0757666363546524e-07
CASSLGGMNTEAFF	8.017108559450832e-07
CASSLAGTSTDTQYF	2.6379097956067066e-07
CASSLAGGSTDTQYF	3.9514893710392596e-07
CASSYSGGYTF	2.167160550489108e-07
CASSYSEGIYF	3.600966151457644e-10
CASSLRGIEAFF	4.705523492418046e-08
CASSLRGNEQFF	1.0723070269190265e-06
CASSLRGNEQFF	1.0723070269190265e-06
CASSLRGNEQFF	1.0723070269190265e-06
CASSLTGDYGYTF	5.155729988234291e-07
CASSLAGDYGYTF	4.834330630338059e-07
CASSYRGNTEAFF	9.73291443024901e-07
CASSYRMNTEAFF	1.938198904910753e-07
CAWSLQGSNQPQHF	7.792788294850128e-09
CASSLTGSNQPQHF	9.030719904519064e-07
CASSLGSYEQYF	3.36777255408724e-06
CASSRGSYEQYF	5.338543254715772e-06
CASSSGSYEQYF	3.23774001357746e-06
CASSWGSQETQYF	1.336620971028655e-07
CASSSGSQETQYF	3.525653960633511e-07
CAIRRGGTDTQYF	2.848197384884109e-08
CASRRGQTDTQYF	2.970303282051349e-08
CSAIPGNTEAFF	1.6231469452065228e-08
CASSPGNTEAFF	2.0268865225788713e-06
CASSLAGGPYEQFF	2.5933389117608463e-08
CASSLAGGAYEQYF	7.883959971720016e-07
CASSPGLAGYEQYF	7.112399973408378e-07
CASSPGLAGDEQYV	2.7842275855469753e-14
CASSPGGSSYNEQFF	5.574400258455573e-07
CASSPRGSSYNEQFF	3.5890001941866184e-07
CASSRGGADTQYF	6.335270086621622e-07
CASSLGGADTQYF	9.373194680966935e-07
CASSLAGQETQYF	1.5148250715236704e-06
CATSLQGQETQYF	8.01451277289123e-09
CASSRDSNYGYTF	3.502518783955257e-07
CASSRDPNYGYTF	1.0246269369876722e-07
CASSLSGNTEAFF	5.764454625628164e-07
CASSLSSNTEAFF	1.1478601943788296e-07
CASSLGGGNTEAFF	1.1194872318275605e-06
CASSLGGMNTEAFF	8.017108559450832e-07
CASSPGNTEAFF	2.0268865225788713e-06
CASSLGNTEAFF	1.748698042549356e-06
CASSFGNTEAFF	3.582021224477666e-07
CASSLLSGELFF	1.1607437984682927e-07
CASSLNSGEQFF	2.2189533793907797e-08
CASSPDRNTEAFF	6.552778654597297e-07
CASSPDRNTEAFF	6.552778654597297e-07
CASSPDSNTEAFF	1.3616225148856612e-07
CAWSVPDTQYF	1.0357784856798737e-08
CAWSVGDTIYF	2.4898870184175997e-09
CASSEGETQYF	1.2057740732346587e-06
CASSEQETQYF	4.7188063448721455e-07
CAISDRTYEQYF	2.4374075525801513e-08
CASSDRQYEQFF	6.858487372313748e-09
CASSLGKETQYF	5.523602435494243e-07
CASSLGQETQYF	2.266748481297098e-06
CASSLNTDTQYF	2.226000457761896e-07
CASSRNTDTQYF	2.471423423913826e-07
CASSLTSGSYEQYF	7.151479579997316e-07
CASSLASGSYEQYF	4.3085207567120366e-07
CASSLGQGNQPQHF	1.3865117459835238e-06
CASSLGQGNQPQHF	1.3865117459835238e-06
CASSLGTGNQPQHF	1.0372979960826892e-06
CASSAGTGPYEQYF	1.2729218701026783e-07
CASSAGTGKYEQYF	1.700827418495869e-08
CATSDTGEQYF	4.067413175935789e-08
CAISDTGELFF	2.6308765173667763e-08
CASSSTGEQYF	5.119251250351469e-07
CASSLGGEAFF	9.356447331566793e-07
CASSLRGEAFF	6.599539518659522e-07
CASSLAGELFF	5.784148144421277e-07
CASSLNYEQFF	5.628395207255093e-08
CASSLNTEAFF	1.2330605742788922e-06
CASSLGTRYEQYF	3.362112392116837e-07
CASSLGTTYEQYF	4.0130480964958846e-07
CASSLGTTYEQYF	4.0130480964958846e-07
CASSSGTGGNEQFF	9.169923745595118e-08
CSVSKGTGGNEQYF	1.152928399748369e-11
CASSPGPGELFF	4.357974195399202e-07
CASSTGPGELFF	1.9309374697543054e-07
CASSQGSGYTF	4.1951511289491285e-07
CASSQGWGYTF	7.518790191173477e-08
CASSLGQGLGAFF	6.796031644964218e-09
CASSLGQGDGYTF	3.5054031737281033e-07
CASSPGTVNTEAFF	2.732432780378304e-07
CASSPGTQNTEAFF	3.794920746487547e-08
CASSPGGTEAFF	1.6575050672544386e-06
CSVQPGGTEAFF	7.594006159602628e-10
CASSSQGAEQFF	3.272449788698195e-08
CASSSQGSEAFF	1.392077245531703e-07
CASRQDSNQPQHF	2.0668727943191413e-07
CSARGDSNQPQHF	2.3000023191083926e-07
CASSLAMGEQYF	1.568061728750445e-08
CSASLAGGEQFF	1.525450497409601e-08
CASSLAGSYEQYF	2.6038569408867137e-06
CATRLAGSYEQYF	7.067079661914715e-08
CASSLEGYNEQFF	4.618306883816587e-07
CASSLGGYNEQFF	1.9227822352772496e-06
CASSSGVQETQYF	2.968676487178219e-07
CASSSGSQETQYF	3.525653960633511e-07
CSASPYNEQFF	7.079966935098474e-08
CAWRPYNEQFF	2.1510075405052816e-08
CASSLFSGANVLTF	4.9551281695339867e-08
CASSLLSGANVLTF	1.5781677431385063e-07
CASSYSGSEAFF	4.8617182656833555e-08
CASSYSGYEQYF	6.807123072657497e-07
CASSLGTTYEQYF	4.0130480964958846e-07
CASSLGTTYEQYF	4.0130480964958846e-07
CASSPGTTYEQYF	3.1652858577473047e-07
CASSGGETQYF	3.5437790508151857e-06
CASSGEETQYF	1.6087863203337461e-06
CASSGEETQYF	1.6087863203337461e-06
CASSGEETQYF	1.6087863203337461e-06
CASSRGVNTEAFF	1.1792538975601084e-06
CASSRQVNTEAFF	3.459553949277419e-07
CASSMTSYEQYF	1.7359373937313394e-07
CAWSGTSYEQYF	5.909102568970818e-08
CASSLDQETQYF	5.468665674749884e-07
CSASRDQETQYF	5.4178636243560904e-08
CAGQLAGTDTQYF	7.178870321016523e-10
CASSLAGTDTQYF	2.3309678292181193e-06
CAWSFQGTEAFF	2.581486067669566e-09
CASSLQGTEQYF	1.017489282737936e-07
CASSGSGNTIYF	5.869223019241414e-07
CASSPSGNTIYF	3.235889921561654e-07
CASSSSSSYEQYF	3.5525389018510776e-07
CASSSGSSYEQYF	1.2555052780191605e-06
CAVGEANTGELFF	1.170197520634761e-09
CASGTANTGELFF	6.542407103024138e-08
CASSPGYNTEAFF	4.246910494879088e-08
CASSPGQNTEAFF	7.693543706645721e-07
CASSRGETQYF	3.799582853898479e-06
CASSRWETQYF	1.3156053447144017e-07
CASSSVDTQYF	1.8377532994413346e-07
CASSSADTQYF	6.748381539639652e-07
CASSVGGFTEAFF	4.581996722315915e-08
CASSVGGGTEAFF	2.494032233737158e-07
CASSPGTGSNEQFF	4.0971743315339645e-08
CASSPGTGDNEQFF	1.0872514311563402e-07
CASSPGGSSYNEQFF	5.574400258455573e-07
CASSFGGSSYNEQFF	1.62122617128135e-07
CASSLAGGSYNEQFF	5.517669928087541e-07
CASSLEGGSYNEQFF	1.770643857135867e-07
CSVGGDYEQYF	7.823033548556582e-08
CASGGTYEQYF	5.76161745425542e-07
CASSLVLNTEAFF	1.746645825234492e-07
CASSLILNTEAFF	9.133455138027461e-08
CATSLDSNQPQHF	1.7161053229108225e-08
CASSLASNQPQHF	5.472997644742352e-07
CASSLASNQPQHF	5.472997644742352e-07
CASSQGGYEQYV	2.7982191214398823e-14
CASSQGLYEQYF	8.282534255941273e-07
CASSLGGNQPQHF	2.8673197276663445e-06
CASSLWGNQPQHF	3.4568299103583167e-07
CASSFGGGYNEQFF	2.3525633322401564e-07
CASSVGGGYNEQFF	3.1472289450675426e-07
CAWSVQGNTEAFF	4.3500582387978974e-08
CASSGQGNTEAFF	1.954714338966799e-06
CASSVGVNTEAFF	3.166971282414233e-07
CASSVGQNTEAFF	2.1785309967452706e-07
CASSLGLTDTQYF	4.947703647317879e-07
CASSLGGTDTQYF	2.4189014865233227e-06
CASSLGGTDTQYF	2.4189014865233227e-06
CASSLGGNNEQFF	4.721660672274345e-07
CASSLGGYNEQFF	1.9227822352772496e-06
CASSPGTGGYEQYF	5.118113401675822e-07
CASSPGTGGDEQYF	8.975391393149596e-08
CASSLSGSSYNEQFF	2.3726123176399319e-07
CASSASGSSYNEQFF	1.88398955855687e-07
CASSSNTEAFF	8.482347674352242e-07
CASSSFTEAFF	1.239502853085276e-07
CASSLSDTQYF	4.816414726003673e-07
CASSLTDTQYF	1.4559225240772285e-06
CASSLTDTQYF	1.4559225240772285e-06
CASSSQETQYF	1.162382642893691e-06
CAWSSKETQYF	9.554048603446697e-09
CASSPDRNYGYTF	2.3597532498816667e-07
CAISEDRNYGYTF	6.016231669772385e-09
CSARQGDTEAFF	1.1785950135630011e-07
CSVRTGDTEAFF	1.507138555524207e-08
CASSSTANTEAFF	1.083016321610437e-07
CASSQTANTEAFF	6.689173481760381e-08
CASSPGGSYNEQFF	8.193041730122388e-07
CASSFGGSYNEQFF	2.3389435386775283e-07
CASSVRGGTEAFF	2.0277069613269556e-07
CASSVGGGTEAFF	2.494032233737158e-07
CASSPGQTYEQYF	3.16013054676399e-07
CASSPGTTYEQYF	3.1652858577473047e-07
CASSLGGWTEAFF	5.1132518121903166e-08
CASSLGGNTEAFF	2.3719519630607994e-06
CASSLGGNTEAFF	2.3719519630607994e-06
CASSFTGYEQYF	5.52748499742057e-07
CASSETGYEQYF	8.242059184367989e-07
CASSDSYGYTF	1.0118813078310552e-06
CSVGDSYGYTF	3.3041889721572115e-08
CASSLVGGELFF	9.46398668197792e-08
CASSLVGDEQYF	3.549976376244421e-07
CASSGQGAYEQYF	1.363771213950753e-06
CSVPGQGAYEQYF	1.996501174785415e-08
CASSQGTVNTEAFF	1.2979279575223665e-07
CASSPGTVNTEAFF	2.732432780378304e-07
CASSFGTGSYEQYF	2.3554757192518488e-07
CASSEGTGSYEQYF	2.2402259370405646e-07
CASSQGQGPYEQYF	2.00962509174983e-07
CASSPGQGPYEQYF	5.172604888360988e-07
CASSQGSGANVLTF	5.798361039328628e-07
CASSYGSGANVLTF	9.704033159545316e-08
CASSGTQETQYF	7.36743084844405e-07
CSASGRQETQYF	7.841383031973863e-08
CASSFSYEQYF	1.3365617509086618e-06
CASSSSYEQYF	3.4050539746601105e-06
CASSPSYEQYF	2.6588211301764883e-06
CASSLGGEAFF	9.356447331566793e-07
CASSLGGGYTF	1.920983147723581e-06
CASSLQGFEAFF	4.3630338128153156e-08
CASSLQGTEQYF	1.017489282737936e-07
CASSLEGGNEQFF	3.0320402324097817e-07
CASSLAGGNEQFF	9.846402024472107e-07
CASSWTSGSYEQFF	9.624885133750428e-09
CASSLTSGSYEQYF	7.151479579997316e-07
CSASPYNEQFF	7.079966935098474e-08
CASSPLNEQFF	4.955449118361644e-07
CASHGGQETQYF	2.9607977658321887e-08
CSATGGQETQYF	1.2397157094034347e-07
CASSLTTDTQYF	5.391805634542558e-07
CASSLNTDTQYF	2.226000457761896e-07
CASSPDSYEQYF	1.4328643143980075e-06
CSASPQSYEQYF	1.599892922991879e-08
CASSLTENTEAFF	2.3188694402058e-07
CASSLTENTEAFF	2.3188694402058e-07
CASSSTENTEAFF	1.2487608967958562e-07
CASSFSYGYTF	4.0478632296569735e-07
CASSDSYGYTF	1.0118813078310552e-06
CASSLVREQFF	1.0580125745495267e-07
CASSLGREAFF	4.00224986141413e-07
CASSSADTQYF	6.748381539639652e-07
CASSEADTQYF	3.438454847623905e-07
CSVETGEQFF	9.648398985253533e-09
CASSTGEQFF	3.994725118389339e-07
CSARGDSNQPQHF	2.3000023191083926e-07
CSVLGDSNQPQHF	9.052124592453572e-09
CASSRGSYNEQFF	1.429716205738577e-06
CATSSGSYNEQFF	5.2038595700405906e-08
CASRGAYEQYF	3.4028558846809e-06
CASRDAYEQYV	1.960309186518948e-15
CSASGGAYEQYF	2.2245809135080386e-07
CASSGGPYEQFF	9.981277705015394e-08
CASSPTGNEQYF	2.440169604635406e-07
CASSPSGNEQFF	8.051230335218813e-07
CSARTGSYEQYF	3.4206380507189485e-07
CSVLTGSYEQYF	1.5950692827016053e-08
CAISGRGNEQFF	2.1294477230934783e-08
CASSLRGNEQFF	1.0723070269190265e-06
CASSLRGNEQFF	1.0723070269190265e-06
CASSLRGNEQFF	1.0723070269190265e-06
CASTGGGEQYF	3.354985530581771e-07
CASTGGRELFF	1.722972573652885e-08
CAWSLSTEAFF	8.1702709998048e-09
CASSYSTEAFF	3.562197306236643e-07
CASSPGPYEQYF	2.5800892478180934e-06
CASSGGPYEQFF	9.981277705015394e-08
CASSSGQTYEQYF	1.745274580508052e-07
CASSPGQTYEQYF	3.16013054676399e-07
CASSIGGNQPQHF	4.2230854744859e-07
CASSLGGNQPQHF	2.8673197276663445e-06
CASSLGREAFF	4.00224986141413e-07
CASSLGYEQYF	4.31840348797094e-06
CASSLGGEAFF	9.356447331566793e-07
CASSLSNEQFF	6.768342211233572e-07
CASSLSNEQFF	6.768342211233572e-07
CAWSLSTEAFF	8.1702709998048e-09
CASSPGGGELFF	4.210907480469122e-07
CASSPGPGELFF	4.357974195399202e-07
CASSPGLAGYNEQFF	4.215625425368533e-07
CASSRGLAGYNEQFF	2.431128289548827e-07
CASSNRYEQYF	4.4356268580344705e-07
CSASGRYEQFF	1.614604888094085e-08
CSVPGGGELFF	9.839357486513683e-09
CASTGGGEQYF	3.354985530581771e-07
CSASLAGGEQFF	1.525450497409601e-08
CASSLAGTEAFF	8.941694225296735e-07
CASSLAGSYEQYF	2.6038569408867137e-06
CASSLTGSYEQYF	1.4956156596441057e-06
CASSLGSSYNEQFF	7.770655138506148e-07
CASSTGSSYNEQFF	3.647126560605012e-07
CASSLAVERFF	8.423791832441055e-11
CASSLAGELFF	5.784148144421277e-07
CASSLGQGNEQYF	3.162334215724363e-07
CASSLGQGGEQYF	3.138149571968777e-07
CASSLGQGGEQYF	3.138149571968777e-07
CATSPGQGSYEQYF	3.7998317871457055e-08
CASSQGQGSYEQYF	4.784972916841653e-07
CASRDAYEQYV	1.960309186518948e-15
CSARDQYEQYF	3.776315296057857e-08
CARSAGYNEQFF	9.76174985824506e-09
CASSLGYNEQFF	1.7036586854953521e-06
CASSLGYNEQFF	1.7036586854953521e-06
CAWSLSTEAFF	8.1702709998048e-09
CASSLNTEAFF	1.2330605742788922e-06
CSEGSSYNEQFF	1.494385228043227e-08
CASSSSYNEQFF	1.1426354058264012e-06
CASSVGTGGYEQYF	1.9825293179221743e-07
CASSPGTGGYEQYF	5.118113401675822e-07
CASSPRGGEQYF	6.155984458767595e-07
CASSPGGGELFF	4.210907480469122e-07
CASSYGSTDTQYF	2.221963998983053e-07
CASSPGSTDTQYF	8.749225277545831e-07
CASSPGSTDTQYF	8.749225277545831e-07
CSVLENTEAFF	8.886819552549386e-09
CAWNENTEAFF	3.404996433740823e-09
CSVSRDTEAFF	1.8045228206199064e-08
CASSRGTEAFF	3.4842777349387363e-06
CASTSGNTIYF	1.8372806244216348e-07
CPRISGNTIYF	9.456246005235025e-10
CASSPDSYEQYF	1.4328643143980075e-06
CASSSDSYEQYF	1.1824087189080926e-06
CASSDSNQPQHF	1.2197264838955165e-06
CSASFSNQPQHF	1.573312770771545e-08
CATSAAGELFF	2.3414373657652236e-08
CASSLAGELFF	5.784148144421277e-07
CATSGSYNEQFF	2.025834689146119e-07
CASSGTYNEQFF	9.735667963256758e-07
CASSSTGEQYF	5.119251250351469e-07
CASSSHGEQYF	5.1810868597324164e-08
CASSRRNTEAFF	1.4252632208275492e-06
CASSRQNTEAFF	7.739295530927196e-07
CAIRTGRTEAFF	1.4334382205550856e-08
CSVRTGDTEAFF	1.507138555524207e-08
CASSLYNEQFF	1.394730151494883e-06
CASSLSNEQFF	6.768342211233572e-07
CASSLSNEQFF	6.768342211233572e-07
CASSLGYNEQFF	1.7036586854953521e-06
CASSLGYNEQFF	1.7036586854953521e-06
CASSLGGNEQFF	1.8934972715301972e-06
CASSRLYEQYF	1.5420243059820976e-06
CASSRGYEQYF	8.089596014482695e-06
CASSPGGGELFF	4.210907480469122e-07
CASSPGGTEAFF	1.6575050672544386e-06
CASRLTDTQYF	4.3636265501696593e-07
CANRPTDTQYF	1.3265646095225554e-08
CASSLGGNEQFF	1.8934972715301972e-06
CASSIGGNEQFF	2.3536552028062852e-07
CASSPGGSSYEQYF	8.713542171137739e-07
CAWSQGGSSYEQYF	7.075945577662588e-09
CAWSQGGSSYEQYF	7.075945577662588e-09
CASSFSGELFF	1.7222423363263678e-07
CASSGSGEQYF	3.14488631923724e-07
CSARGLSYEQYF	2.083179540929176e-07
CSGRGDSYEQYF	9.666416731615441e-09
CAIRPSGANVLTF	8.46644338724493e-09
CASRGSGANVLTF	5.988142386311901e-07
CSASRETQYF	2.4958236126397134e-07
CSCSGETQYF	1.8022469354153377e-09
CASSSSYEQYF	3.4050539746601105e-06
CASSSTYEQYF	1.7991672435754932e-06
CASSSGSSYEQYF	1.2555052780191605e-06
CASSYGSSYEQYF	2.6210575731498193e-07
CASGKYEQYF	8.648152951567632e-08
CASGLYEQYF	4.575501549695588e-07
CASSLGGNTEAFF	2.3719519630607994e-06
CASSLGGNTEAFF	2.3719519630607994e-06
CASSLSGNTEAFF	5.764454625628164e-07
CASSTGNQPQHF	1.7316930295202026e-06
CSPSGGNQPQHF	4.273512776624473e-09
CASSLGYEQYF	4.31840348797094e-06
CASSLNYEQFF	5.628395207255093e-08
CASTPNTEAFF	1.658895746786389e-07
CSGTTNTEAFF	7.166174539756876e-09
CASILNTEAFF	1.49467987382616e-07
CASSLNTEAFF	1.2330605742788922e-06
CASSSNTEAFF	8.482347674352242e-07
CASSLNTEAFF	1.2330605742788922e-06
CAWSDGNEQFF	8.014860996738193e-09
CSASRGNEQFF	1.5871095708596013e-07
CASSTGTEAFF	1.4636774979594984e-06
CASSRGTEAFF	3.4842777349387363e-06
CASSLGGEAFF	9.356447331566793e-07
CASSFGGEQYF	4.858358957463912e-07
CASNSGSDIQYF	3.489397633748546e-10
CASNSGSDIQYF	3.489397633748546e-10
CASSSLPRESGYTF	2.145914625275251e-10
CASSSLPRESGYTF	2.145914625275251e-10
CAWSVLRASSYNEQFF	9.782545395114669e-10
CAWSVLRASSYNEQFF	9.782545395114669e-10
CATSRDTLAGASTDTQYF	1.8978010260408505e-10
CATSRDTLAGASTDTQYF	1.8978010260408505e-10
CAWTNRGADHQPQHF	7.543253086859513e-13
CAWTNRGADHQPQHF	7.543253086859513e-13
CATSVGARTEAFF	2.3436672977204615e-09
CATSVGARTEAFF	2.3436672977204615e-09
CASSGGNDEQFF	2.2259918171509285e-08
CASSGGNDEQFF	2.2259918171509285e-08
CASSLEAAGGGGDQPQHF	6.787225782735312e-12
CASSLEAAGGGGDQPQHF	6.787225782735312e-12
CASSQDYLNEQFF	8.2512492022115e-09
CASSQDYLNEQFF	8.2512492022115e-09
CASSQDYLNEQFF	8.2512492022115e-09
CASSWERGTGELFF	7.739915980345255e-09
CASSWERGTGELFF	7.739915980345255e-09
CASSLRDRGPGELFF	2.7554722601389043e-08
CASSLRDRGPGELFF	2.7554722601389043e-08
CASSHGQVGNYGYTF	1.485613629652232e-09
CASSHGQVGNYGYTF	1.485613629652232e-09
CSARDRGRGRAMGYTF	1.9699219410531043e-13
CSARDRGRGRAMGYTF	1.9699219410531043e-13
CASSSSGPIRNTEAFF	1.662972210600079e-10
CASSSSGPIRNTEAFF	1.662972210600079e-10
CASSSGTSSIGDTQYF	1.5595518547964586e-11
CASSSGTSSIGDTQYF	1.5595518547964586e-11
CASSSGTSSIGDTQYF	1.5595518547964586e-11
CASSSKPRVPNYGYTF	5.916477196334685e-11
CASSSKPRVPNYGYTF	5.916477196334685e-11
CASAVSGANVLTF	1.1985894351148986e-08
CASAVSGANVLTF	1.1985894351148986e-08
CASTPQGQRGGSPLHF	1.445010728267435e-12
CASTPQGQRGGSPLHF	1.445010728267435e-12
CASTPQGQRGGSPLHF	1.445010728267435e-12
CASSPRGGGNQPQHF	1.6668797627298954e-07
CASSPRGGGNQPQHF	1.6668797627298954e-07
CAISVGTGDWGTQYF	2.0613288897242102e-13
CAISVGTGDWGTQYF	2.0613288897242102e-13
CASSEYGVGNRFEAFF	2.116299949546387e-14
CASSEYGVGNRFEAFF	2.116299949546387e-14
CASSLRGEGREGGGYTF	1.0121238345666474e-12
CASSLRGEGREGGGYTF	1.0121238345666474e-12
CASSLRGEGREGGGYTF	1.0121238345666474e-12
CASSFGGVNEQFF	7.193689465063255e-08
CASSFGGVNEQFF	7.193689465063255e-08
CASSMFSENEQFF	1.041460840424282e-10
CASSMFSENEQFF	1.041460840424282e-10
CASSYPQRNYNEQFF	3.849519717862919e-10
CASSYPQRNYNEQFF	3.849519717862919e-10
CASSQYAFTGELFF	1.7671891183996607e-10
CASSQYAFTGELFF	1.7671891183996607e-10
CSARDPLVSQGAAGELFF	5.173761978811285e-14
CSARDPLVSQGAAGELFF	5.173761978811285e-14
CSARDPLVSQGAAGELFF	5.173761978811285e-14
CASSNPKVGTGSTDTQYF	1.2807347174509454e-12
CASSNPKVGTGSTDTQYF	1.2807347174509454e-12
CASLRAGRSDTQYF	1.2614222867235343e-10
CASLRAGRSDTQYF	1.2614222867235343e-10
CASSGSGSGETQYF	1.1087275156723446e-08
CASSGSGSGETQYF	1.1087275156723446e-08
CASSLGGMRADTQYF	7.01438333958516e-10
CASSLGGMRADTQYF	7.01438333958516e-10
CSARDPLANDYEQYF	2.0758382944698412e-11
CSARDPLANDYEQYF	2.0758382944698412e-11
CASRLATNEQFF	2.0856797978660326e-08
CASRLATNEQFF	2.0856797978660326e-08
CATTQGAAIQETQYF	7.132387959329246e-12
CATTQGAAIQETQYF	7.132387959329246e-12
CASSQDPASGSYEQYF	5.2422406772967994e-09
CASSQDPASGSYEQYF	5.2422406772967994e-09
CASSQDPASGSYEQYF	5.2422406772967994e-09
CASSQDPASGSYEQYF	5.2422406772967994e-09
CASSDGSWYEQYF	2.4093166119393987e-09
CASSDGSWYEQYF	2.4093166119393987e-09
CASSYRGFTETQYF	1.246261861784796e-09
CASSYRGFTETQYF	1.246261861784796e-09
CASSPRQGGETQYF	9.54124360028112e-08
CASSPRQGGETQYF	9.54124360028112e-08
CASSLGQSSYNEQFF	1.3655408449813159e-07
CASSLGQSSYNEQFF	1.3655408449813159e-07
CSARVPQQGWRDPREIQETQYF	4.260504037514955e-21
CSARVPQQGWRDPREIQETQYF	4.260504037514955e-21
CASSLISSTNEKLFF	2.6070789771444667e-09
CASSLISSTNEKLFF	2.6070789771444667e-09
CASRRQGNYGYTF	2.205863880805258e-07
CASRRQGNYGYTF	2.205863880805258e-07
CATSDLVSGEDEQFF	9.628891230412071e-11
CATSDLVSGEDEQFF	9.628891230412071e-11
CATSRKPGRLGGGEKLFF	1.2920583642588269e-14
CATSRKPGRLGGGEKLFF	1.2920583642588269e-14
CASSSPMGYGYTF	5.639023612837993e-09
CASSSPMGYGYTF	5.639023612837993e-09
CATSPGVTSYNSPLHF	1.0306552429276027e-10
CATSPGVTSYNSPLHF	1.0306552429276027e-10
CATSPGVTSYNSPLHF	1.0306552429276027e-10
CASSLQMNTEAFF	1.7979647284366768e-07
CASSLQMNTEAFF	1.7979647284366768e-07
CASSETGSSTDTQYF	2.24842883850641e-08
CASSETGSSTDTQYF	2.24842883850641e-08
CASSQDYSGNTIYF	2.732162154035516e-08
CASSQDYSGNTIYF	2.732162154035516e-08
CASSFPLASGANVLTF	2.92341764306028e-09
CASSFPLASGANVLTF	2.92341764306028e-09
CASSSRGLGSTDTQYF	8.5277753702956e-09
CASSSRGLGSTDTQYF	8.5277753702956e-09
CASSPRQVYNEQFF	1.958944014770262e-08
CASSPRQVYNEQFF	1.958944014770262e-08
CASEPWVLSSYEQYF	2.5868134848164253e-12
CASEPWVLSSYEQYF	2.5868134848164253e-12
CASSQGFQRGTNEQYF	1.7047817596949348e-12
CASSQGFQRGTNEQYF	1.7047817596949348e-12
CASSQGFQRGTNEQYF	1.7047817596949348e-12
CASSQGFQRGTNEQYF	1.7047817596949348e-12
CASSQGFQRGTNEQYF	1.7047817596949348e-12
CASSQGFQRGTNEQYF	1.7047817596949348e-12
CASSQGFQRGTNEQYF	1.7047817596949348e-12
CATGQGRTSEQYF	6.21224664809531e-11
CATGQGRTSEQYF	6.21224664809531e-11
CATGQGRTSEQYF	6.21224664809531e-11
CAWSKEGAISNQPQHF	7.156750422756025e-12
CAWSKEGAISNQPQHF	7.156750422756025e-12
CSARGVVRGFDTGELFF	4.951675600318127e-13
CSARGVVRGFDTGELFF	4.951675600318127e-13
CSARTGKGYSNQPQHF	9.635084934315848e-10
CSARTGKGYSNQPQHF	9.635084934315848e-10
CASSEGMGRTEAFF	8.613755128738356e-10
CASSEGMGRTEAFF	8.613755128738356e-10
CASSPRREDTQYF	3.726684673661306e-08
CASSPRREDTQYF	3.726684673661306e-08
CASSSSGGYTEAFF	2.5131782316862313e-08
CASSSSGGYTEAFF	2.5131782316862313e-08
CASSLIGRANEQYF	1.1397527665493338e-09
CASSLIGRANEQYF	1.1397527665493338e-09
CASAEPGQSSPLHF	1.253342630578877e-11
CASAEPGQSSPLHF	1.253342630578877e-11
CASSQVSSQNPPDTQYF	7.379447174999544e-14
CASSQVSSQNPPDTQYF	7.379447174999544e-14
CASSQVSSQNPPDTQYF	7.379447174999544e-14
CASREPGGDDYGYTF	5.287125799906691e-11
CASREPGGDDYGYTF	5.287125799906691e-11
CSARDVGQGLTGELFF	2.2663186833154432e-10
CSARDVGQGLTGELFF	2.2663186833154432e-10
CASSSPGQGPLGQPQHF	1.2545720304209374e-10
CASSSPGQGPLGQPQHF	1.2545720304209374e-10
CASSSPGQGPLGQPQHF	1.2545720304209374e-10
CASSPPTGANTEAFF	2.1695543838197213e-08
CASSPPTGANTEAFF	2.1695543838197213e-08
CASSGRDRGLFGLNTIYF	1.0608868633320078e-13
CASSGRDRGLFGLNTIYF	1.0608868633320078e-13
CASSGRDRGLFGLNTIYF	1.0608868633320078e-13
CATEVDSTNEKLFF	3.4492063932574975e-11
CATEVDSTNEKLFF	3.4492063932574975e-11
CASRTRNTEAFF	3.1236636125693613e-07
CASRTRNTEAFF	3.1236636125693613e-07
CASRTRNTEAFF	3.1236636125693613e-07
CASSLAGWDRGDEQYF	3.9370987134279084e-10
CASSLAGWDRGDEQYF	3.9370987134279084e-10
CASSFPWTGGVKTQYF	5.0463708515319184e-12
CASSFPWTGGVKTQYF	5.0463708515319184e-12
CASSPRDFNMSPLHF	2.323352876261332e-13
CASSPRDFNMSPLHF	2.323352876261332e-13
CASSPRDFNMSPLHF	2.323352876261332e-13
CSAARDSYSSYEQYF	3.7756623263434856e-11
CSAARDSYSSYEQYF	3.7756623263434856e-11
CSAARDSYSSYEQYF	3.7756623263434856e-11
CASSSPGHEQFF	1.2255137997383827e-07
CASSSPGHEQFF	1.2255137997383827e-07
CASSLAGGYGETQYF	2.447723937292266e-09
CASSLAGGYGETQYF	2.447723937292266e-09
CSARGPSGGRGDSPLHF	1.1050354392819093e-12
CSARGPSGGRGDSPLHF	1.1050354392819093e-12
CSARGPSGGRGDSPLHF	1.1050354392819093e-12
CASSQSESGGNYEQYF	2.2280314185147646e-11
CASSQSESGGNYEQYF	2.2280314185147646e-11
CASSQSESGGNYEQYF	2.2280314185147646e-11
CASSQSESGGNYEQYF	2.2280314185147646e-11
CASSFTIGQPNQPQHF	2.238847709343502e-11
CASSFTIGQPNQPQHF	2.238847709343502e-11
CASSVDQGGGGELFF	3.240317991601178e-10
CASSVDQGGGGELFF	3.240317991601178e-10
CSVVPTLAGGGLTDTQYF	1.3000949125860786e-13
CSVVPTLAGGGLTDTQYF	1.3000949125860786e-13
CASSLTGLTDEQFF	1.1217413043293427e-09
CASSLTGLTDEQFF	1.1217413043293427e-09
CASSSKPEANYGYTF	3.0218172035034175e-10
CASSSKPEANYGYTF	3.0218172035034175e-10
CASSRSTNEKLFF	1.224394265203654e-07
CASSRSTNEKLFF	1.224394265203654e-07
CASSALLTGFGNQPQHF	1.9066124460263417e-11
CASSALLTGFGNQPQHF	1.9066124460263417e-11
CASSALLTGFGNQPQHF	1.9066124460263417e-11
CASSSWVAIGVMNTIYF	4.3620223264885515e-17
CASSSWVAIGVMNTIYF	4.3620223264885515e-17
CASSLGGTSEAFF	3.793483486481144e-08
CASSLGGTSEAFF	3.793483486481144e-08
CASSLGGTSEAFF	3.793483486481144e-08
CASSLGGTSEAFF	3.793483486481144e-08
CASSLGGTSEAFF	3.793483486481144e-08
CASSGSGGRAKNIQYF	4.688475989078435e-09
CASSGSGGRAKNIQYF	4.688475989078435e-09
CASSYSSQNEQFF	3.839102271130774e-09
CASSYSSQNEQFF	3.839102271130774e-09
CASSYSSQNEQFF	3.839102271130774e-09
CASSYSSQNEQFF	3.839102271130774e-09
CASSYSSQNEQFF	3.839102271130774e-09
CASSLKPYSNQPQHF	8.139539484579501e-09
CASSLKPYSNQPQHF	8.139539484579501e-09
CASSLSSVDTQYF	1.407985663847857e-08
CASSLSSVDTQYF	1.407985663847857e-08
CASRRGQAIGGYTF	2.7497441304067585e-11
CASRRGQAIGGYTF	2.7497441304067585e-11
CASSQEDRAGNTIYF	2.2360085631419136e-08
CASSQEDRAGNTIYF	2.2360085631419136e-08
CASSYPWDSLWNQPQHF	2.7588546615550964e-12
CASSYPWDSLWNQPQHF	2.7588546615550964e-12
CAIRGYEGSPLHF	1.2136120506659752e-11
CAIRGYEGSPLHF	1.2136120506659752e-11
CAIRGYEGSPLHF	1.2136120506659752e-11
CAIRGYEGSPLHF	1.2136120506659752e-11
CAIRGYEGSPLHF	1.2136120506659752e-11
CAIRGYEGSPLHF	1.2136120506659752e-11
CAIRGYEGSPLHF	1.2136120506659752e-11
CASSTPRGSGDTYEQYF	3.5875765309386115e-12
CASSTPRGSGDTYEQYF	3.5875765309386115e-12
CASSTPRGSGDTYEQYF	3.5875765309386115e-12
CASSPGTGVEQYF	7.18772382204541e-08
CASSPGTGVEQYF	7.18772382204541e-08
CASSFLGGSPQIGNEQFF	1.4552704383226537e-14
CASSFLGGSPQIGNEQFF	1.4552704383226537e-14
CASSFGGDGYTF	1.5724034624663062e-07
CASSFGGDGYTF	1.5724034624663062e-07
CSARVTGTTYNEQFF	4.722676992622774e-10
CSARVTGTTYNEQFF	4.722676992622774e-10
CSARVTGTTYNEQFF	4.722676992622774e-10
CSARVTGTTYNEQFF	4.722676992622774e-10
CSARVTGTTYNEQFF	4.722676992622774e-10
CSARVTGTTYNEQFF	4.722676992622774e-10
CSARVTGTTYNEQFF	4.722676992622774e-10
CSARVTGTTYNEQFF	4.722676992622774e-10
CSARVTGTTYNEQFF	4.722676992622774e-10
CASSDRADFSETQYF	1.7899457315972135e-11
CASSDRADFSETQYF	1.7899457315972135e-11
CASSGGTSGESSYNEQFF	5.025231672464043e-09
CASSGGTSGESSYNEQFF	5.025231672464043e-09
CASSGGTSGESSYNEQFF	5.025231672464043e-09
CASSGGTSGESSYNEQFF	5.025231672464043e-09
CASSQLSPGPRNTGELFF	9.71873977947953e-12
CASSQLSPGPRNTGELFF	9.71873977947953e-12
CASSQGWPYEQYF	3.0516621769904056e-08
CASSQGWPYEQYF	3.0516621769904056e-08
CASSQGWPYEQYF	3.0516621769904056e-08
CASSQGWPYEQYF	3.0516621769904056e-08
CASSFYAGDSPYEQYF	1.894666380644488e-11
CASSFYAGDSPYEQYF	1.894666380644488e-11
CASSYQGHQPQHF	7.22115979078884e-08
CASSYQGHQPQHF	7.22115979078884e-08
CASSIVRGELYNEQFF	7.993426182083341e-11
CASSIVRGELYNEQFF	7.993426182083341e-11
CASSIVRGELYNEQFF	7.993426182083341e-11
CASMGLAGQETQYF	1.989394164278547e-08
CASMGLAGQETQYF	1.989394164278547e-08
CASMGLAGQETQYF	1.989394164278547e-08
CASSFDPRETQYF	5.6321905406790525e-09
CASSFDPRETQYF	5.6321905406790525e-09
CASRPQGNEQFF	4.7630846785561366e-08
CASRPQGNEQFF	4.7630846785561366e-08
CASTHRDRVYEQYF	2.9700733729899876e-09
CASTHRDRVYEQYF	2.9700733729899876e-09
CASSLGQGEKLFF	6.441899206406863e-07
CASSLGQGEKLFF	6.441899206406863e-07
CASSQDMGTGGETQYF	4.681789759196415e-10
CASSQDMGTGGETQYF	4.681789759196415e-10
CASRPGSLAGGTYEQYF	1.9556026057567058e-11
CASRPGSLAGGTYEQYF	1.9556026057567058e-11
CASRPGSLAGGTYEQYF	1.9556026057567058e-11
CASSYINSNQPQHF	1.2355639872831113e-08
CASSYINSNQPQHF	1.2355639872831113e-08
CASSIGYTGELFF	3.664013199978624e-08
CASSIGYTGELFF	3.664013199978624e-08
CASSLEQAVRTDTQYF	1.1018528057631551e-10
CASSLEQAVRTDTQYF	1.1018528057631551e-10
CASSLEQAVRTDTQYF	1.1018528057631551e-10
CASSVEGRGKQETQYF	2.0589631006887993e-10
CASSVEGRGKQETQYF	2.0589631006887993e-10
CASSVEGRGKQETQYF	2.0589631006887993e-10
CASSDTQGNYGYTF	1.3288694870357186e-08
CASSDTQGNYGYTF	1.3288694870357186e-08
CASSLEQATRADTQYF	1.3832266707889142e-11
CASSLEQATRADTQYF	1.3832266707889142e-11
