CSATWRRRESPYEQYF	4.081861142943275e-14
CASSSTWRRGGSGETQYF	5.1155193701379494e-14
CASSYGTWRRGEQYF	5.44239588674617e-12
CASSLFGSGANVLTF	1.7376236466797325e-08
CASSIFGSGANVLTF	2.9978936980813875e-09
CATSRFGSGANVLTF	6.19124266509891e-10
CASSYGGNEAFF	1.54114340441588e-08
CASSRGGNEQFF	1.824828047028283e-06
CASSFGGNEQFF	3.883551627997309e-07
CASSIGGNEQFF	2.3536552028062852e-07
CASSLGGNEQFF	1.8934972715301972e-06
CASSLGGNEQFF	1.8934972715301972e-06
CASSYGGNEQFF	3.3719071970930823e-07
CSASRGDTQYF	1.0690794538716046e-07
CASSRGDTQYF	1.560438287209926e-06
CASSRGETQYF	3.799582853898479e-06
CASSRGKTQYF	1.6708345689394325e-07
CASSLGAGVQETQYF	2.5933387175185716e-08
CASSLGQGVQETQYF	6.333878531099235e-08
CASSLGTGVQETQYF	6.349398919281412e-08
CASSLSGMNTEAFF	2.2755653337124192e-07
CASSLSGLNTEAFF	2.231485333066984e-07
CASSLSGRNTEAFF	2.754223458519601e-07
CASSLSGANTEAFF	1.4307582242040407e-07
CASSFGSHGEQFF	1.1765367768731732e-10
CASSFGSRGEQFF	2.2801220376316365e-09
CASSFGSSGELFF	1.1734766077012506e-08
CASSYLPGELFF	2.8588517998325645e-08
CAISELPGELFF	1.4977808773792292e-09
CASSPLPGELFF	6.26328735238429e-08
CASSWRADTQYF	1.3709613554358695e-07
CASSSRADTQYF	5.890343250842348e-07
CASSLRADTQYF	7.030224361294812e-07
CASSYRADTQYF	3.515170456066451e-07
CASSPLAGEVETQYF	5.055931026854251e-09
CASSELAGEVETQYF	2.446706218256756e-09
CASSLGGTLNEQFF	1.9841451712394245e-08
CASSLVGTLNEQFF	8.340228850175097e-09
CASSFDGSNYGYTF	5.0872991677431455e-09
CASSFDRSNYGYTF	2.08964634575128e-08
CASSTPSGNYGYTF	7.829313775260543e-09
CASSTPSGGYGYTF	5.587960860325142e-09
CASSVSAGNEQFF	1.3104777026037522e-08
CAWSVSAGTEAFF	2.1422427620239246e-09
CASSPEQGARSDEQFF	4.188718615029655e-12
CASSFEQGARSDEQFF	2.689220173742883e-12
CASSPNTGSYGYTF	3.2493702113672247e-09
CASSGNTGSYGYTF	1.991386192996531e-09
CASSKPGLAGGPPDTQYF	2.669955440152098e-10
CASSKPGLAGGPRDTQYF	1.527258034996469e-10
CASSELGGGYEQYF	7.913058711777906e-08
CASSELGGGYGYTF	2.5685856606689356e-08
CASSEYGERGYTF	5.177490350802852e-10
CATSEGGERGAFF	3.735101307640847e-11
CSVEARGRNTGELFF	1.3727736954529375e-09
CASSARGRNTGELFF	5.60847608034836e-08
CASSVGGAYNSPLHF	2.7744489250501028e-08
CASSVGAAYNSPLHF	7.963689620837219e-09
CAWKSAGVTEQFF	2.0561855129538214e-12
CSVKSAGITEAFF	7.514138494768391e-12
CASSPRRWGEKLFF	1.3465181899651703e-09
CASSPRRIGEKLFF	1.0133037084811421e-09
CASSPNRVSGANVLTF	7.191211429791617e-09
CASSPNRNSGANVLTF	2.055742420396005e-09
CASGRGLNNEQFF	4.47644344374246e-09
CASGRGLNNEQFF	4.47644344374246e-09
CASGRGQNNEQFF	2.163228615170924e-09
CASSLAPAQTQYF	1.6580357926654074e-09
CASSLAPADTQYF	7.758506016249004e-08
CASSPEQGARSDEQFF	4.188718615029655e-12
CASSPEQGARSDTQYF	7.184225703817711e-11
CATSFRTSGRNTGELFF	6.925170048553294e-11
CASSHRTSGRNTGELFF	4.164234313412193e-09
CASSSSGPPNEQFF	8.389764655920742e-09
CASSSSPPPNEQFF	4.1671268624716696e-10
CASSLGLRVTEAFF	1.0068524212701224e-08
CASSLGLEVTEAFF	2.7717449587196116e-09
CSARSRDWKFSEAFF	1.4845469754329516e-14
CSARSGDWKFSEAFF	8.104668342996987e-15
CASTSRGGSQETQYF	1.5206870080596075e-09
CASTTRGGSQETQYF	9.555953145169766e-10
CASGLLHEQYF	1.02776290685285e-08
CASSLLHEQYF	2.2058294004823705e-07
CASSYSGDDEQFF	6.489140894147526e-09
CASSYSGDDEQFF	6.489140894147526e-09
CASSYSGDDEQFF	6.489140894147526e-09
CASSYSGDDTQYF	1.1260105765399032e-08
CASSYSGDDTQYF	1.1260105765399032e-08
CASSYSGDDTQYF	1.1260105765399032e-08
CASSYSGDDTQYF	1.1260105765399032e-08
CASSYSGDDTQYF	1.1260105765399032e-08
CSVEETGKAEAFF	1.1077907251091687e-10
CATEGTGKAEQYF	1.4504645144430552e-11
CASTAGQANEKLFF	2.0254973289224703e-09
CASSAGQANEKLFF	2.8202485124544465e-08
CATSRGEAGYTF	2.094475081610273e-09
CASSVGEAGYTF	1.1670162256473819e-08
CAISGDRDTEAFF	1.2202070553472955e-08
CSARGDRDTEAFF	5.695816569134979e-08
CASSLYMGSENTIYF	1.1830631470829252e-12
CASSLYMGSGNTIYF	1.148431985609534e-09
CASSLPAGAGETQYF	4.539960226990498e-09
CASSLPAGTGETQYF	1.1391324801650983e-08
CASSVLGAGNTIYF	1.9373122210831037e-08
CASSVLGSGNTIYF	4.3352328247824266e-08
CASNMDSRNQPQHF	2.8223392475394425e-10
CASNMDSLNQPQHF	1.1482850531397542e-10
CASSVAGDPYNEQFF	5.506608457968853e-09
CASSVAPDPYNEQFF	1.0217446005856222e-09
CASSWSGVGQPQHF	1.7285667283953892e-09
CASSESGVGQPQHF	7.055713702955648e-09
CASSPGDRAAFF	8.337040870418645e-09
CASSPPDRAAFF	7.792538398811175e-09
CASTQRGLGAFF	1.0985316236158775e-10
CSATNRGLGQFF	6.91930927254379e-12
CASSPLDSDYGYTF	5.2103381369881225e-09
CAWSPLDRDYGYTF	5.096532220263541e-10
CASSLGGSTDTQYF	1.032707537517563e-06
CASSLGGETDTQYF	1.3215622191941211e-07
CASSLGGVTDTQYF	3.3051881917573046e-07
CSASLGGSTDTQYF	1.688542553429268e-08
CASSLDSGNQPQHF	1.681723986291549e-07
CASSLDRGNQPQHF	1.296431541113428e-06
CASSLDGGNQPQHF	2.2654037334656487e-07
CASSWASQETQYF	3.6527320418966546e-08
CASSTASQETQYF	3.539454148466328e-08
CASSLASQETQYF	2.519202401542457e-07
CASSWGRGNTGELFF	3.919277707559718e-08
CASSWGRMNTGELFF	4.032168951665393e-09
CASSLGIAGADTQYF	6.844770028861616e-09
CASSLGLAGADTQYF	1.9692905993817454e-07
CASSTGLAANTGELFF	1.236483570949411e-08
CASSTGLAGNTGELFF	4.177496134575684e-08
CASSLARQATDTQYF	6.600764106114838e-09
CASSLARQGTDTQYF	6.497777797782742e-08
CATSESTGGRADTQYF	5.6714972132581004e-11
CAISESTGGRTDTQYF	1.4394712449751743e-09
CSARGLAGVGGELFF	4.635294312971948e-10
CSARGLAGVGTEQYF	3.50523102573127e-11
CSVEWQGGTDTQYF	1.5310273667207132e-10
CASSWQGGTDTQYF	3.4573305812413165e-08
CASSQDQGSGANVLTF	3.6243207541789205e-08
CASSQPQGSGANVLTF	1.3212959062519867e-08
CASSPGGQGRNEQFF	3.722803962631475e-09
CAISQGGQGRNEQYF	4.22195901884957e-12
CASSLASNSPLHF	6.698639334765456e-08
CASSLASNQPQHF	5.472997644742352e-07
CASTQRGLGAFF	1.0985316236158775e-10
CASSQRGLGYTF	5.327389009352449e-08
CASSPTGTNYGYTF	1.1039016027657543e-07
CASRPTGTNYGYTF	1.3650907935811808e-08
CASSQVSTGGLNF	3.2703181973362893e-12
CASSQDSTGGYTF	2.4215541656855094e-08
CASSLGSATNEKLFF	8.261340975065884e-08
CASSLGSAGNEKLFF	4.746262844519966e-09
CASRGTGGRNTIYF	1.188295335607484e-08
CSARGTGGRETQYF	9.190594829739288e-09
CASSLYENNSPLHF	8.07174047987622e-10
CASSLAENNSPLHF	7.577811444962384e-09
CASSTTVTGELFF	2.416300549403111e-08
CASSTTNTGELFF	1.3922878943338233e-07
CASSDPGTGVEQYF	6.063653693623312e-09
CASSDPGTGYEQYF	8.935671944239515e-08
CASSQGGGAGETQYF	1.3231479477155722e-08
CASSQGGGAGKTQYF	3.1812441956993213e-10
CASRDRGSNTGELFF	3.4731593171900945e-08
CSARDRSSNTGELFF	2.51848536181487e-09
CASSLRRDYEQYF	2.5762644988460727e-07
CASSLRRDYGYTF	2.1583669491526474e-07
CASSESFNYGYTF	8.232372336809048e-09
CASSELFNYGYTF	6.071811416986278e-09
CASTLGSGELFF	2.1449094634747723e-08
CASTLGSTEAFF	2.4826092372204094e-08
CASNRAYNEQFF	1.169442884261114e-07
CASNGAYNEQFF	6.283589047519358e-08
CAWSARVSYNSPLHF	5.572606266466279e-10
CATSRRVSYNSPLHF	1.4864964794169188e-09
CASSLTGGLETQYF	8.157372710313397e-08
CASSLTGGRETQYF	1.2589046153330865e-07
CASSLTGGQETQYF	4.246794139761721e-07
CASSLDRHNEQFF	6.852829420558981e-08
CASSLDRYNEQFF	3.0375345511340526e-07
CASSLDRRNEQYF	4.3964573198594124e-08
CASTLGGPDLAFF	3.651362828816631e-12
CAWSGPDLQTNEKLFF	7.441116700168408e-13
CASSFRVGPDLGTFF	1.476017204611942e-15
CASSQGPDLTYEQYF	7.655973401223231e-10
CASGSIDEQYF	4.954764935675602e-09
CASGSADEAFF	1.0887542166361528e-09
CASSQEGRNQPQHF	1.5323990952566576e-07
CASSPEGRNQPQHF	9.244733037276293e-08
CASSELAGGPDTQYF	2.736317784684909e-08
CASSEIAGGPDTQYF	1.5307004762854253e-09
CASSLDGTPNYGYTF	5.845478814657085e-09
CASSLAGTPNYGYTF	2.5837596892340217e-08
CSATGTVNSPLHF	3.23993361354258e-09
CASTGTVNQPQHF	6.40638687039538e-08
CASSLSTGTYEQYF	8.905148525255723e-08
CASSLSTATYEQYF	1.1579992103250576e-08
CASSWTSQETQYF	9.07514484424415e-08
CASSWTSQETQYF	9.07514484424415e-08
CASSWASQETQYF	3.6527320418966546e-08
CASSLDGNSPLHF	8.108264230196986e-08
CASSLDGNQPQHF	3.114122002412578e-07
CASSFGPADTQYF	2.8903611199335655e-08
CASSFGPADTQYF	2.8903611199335655e-08
CASSFGPADTQYF	2.8903611199335655e-08
CASSFGPTDTQYF	1.0357446290820181e-07
CATSDGPEETQYF	6.925721299411585e-09
CASSDGREETQYF	7.054081985539044e-08
CASSWDREVEQYF	5.814690702212666e-09
CASSWDRENEQFF	1.941177165301437e-08
CASSVEAGGGTQYF	5.262801544834536e-10
CASSVEAGGDTQYF	4.7710705877444055e-09
CASSLGASGNTIYF	3.069204028642799e-07
CASSLGASGNEQFF	4.451540651016653e-08
CSVSPAGVYEQFF	1.503008838597617e-11
CASSPAGVDEQFF	1.8760406423562926e-08
CASSQAGGPDTQYF	5.2921502706542483e-08
CAWTQAGGPDTQYF	3.8310720594742534e-11
CASKQTGYEQYF	1.431672213082229e-08
CATQQTGYEQYF	6.018695794149239e-10
CASSISGTAGEQYF	8.315200112374346e-10
CASSTSGTAGELFF	1.0303947585111573e-08
CASSLGGETDTQYF	1.3215622191941211e-07
CASSRGGETDTQYF	8.062508051401188e-08
CSARDPGGNTDTQYF	3.7683419491748105e-09
CSARDLGGNTDTQYF	3.083200527091145e-09
CASSLSGANYEQYV	1.9580340531939037e-17
CASSLSGANTEAFF	1.4307582242040407e-07
CASSRQPSGNTIYF	4.042691202361262e-08
CASSLQPSGNTIYF	3.101615501712618e-08
CASSFGSSYNEQFF	1.5978799907024288e-07
CASSFGSSYNEQFF	1.5978799907024288e-07
CASSFGSTYNEQFF	1.0763967460400478e-08
CASSFDFSYNSPLHF	1.530819358647715e-09
CASSFDSSYNSPLHF	2.797733819620301e-08
CAISGDRDTEAFF	1.2202070553472955e-08
CASSPDRDTEAFF	5.237096931356236e-07
CASSSDRDTEAFF	3.979169829490351e-07
CSGGGLNTEAFF	2.7447126562580296e-08
CATGGLGTEAFF	9.268050206469499e-09
CAWGGLYTEAFF	1.571223664644032e-09
CASSIGGSEAFF	5.310962345896368e-08
CASSIGGNEQFF	2.3536552028062852e-07
CASSIGGDEQFF	1.2143395324321642e-07
CSVEGSGEAFF	2.381478734540792e-09
CSAEGGGELFF	1.5180212519588074e-08
CSAEGVGEAFF	1.4226535221551126e-09
CASSTTSGELFF	4.492504673864395e-08
CASSQTSGEQYF	7.945675954272566e-08
CASSLTSGEQFF	1.9484448092465038e-07
CASSLADGNTIYF	6.152966181881015e-08
CASSLALGNTIYF	6.190661385046469e-08
CASSLAGGNTIYF	3.771538078148654e-07
CASSLGRMETQYF	1.6540430316794405e-08
CASSLGRQETQYF	7.921236288121963e-07
CASSLGREETQYF	5.347142870779558e-07
CASSLYMGSENTIYF	1.1830631470829252e-12
CASSYMGSNQPQHF	1.7779444709824065e-08
CASSLYMGSGNTIYF	1.148431985609534e-09
CASSLTGGRETQYF	1.2589046153330865e-07
CASSLAGGRETQYF	2.335487122295815e-07
CASSLFGGRETQYF	2.078458152688133e-08
CASSLVGNTEAFF	3.3417524413770336e-07
CASSLVGGTEAFF	2.969102974338429e-07
CASSLVGETEAFF	4.428531664115238e-08
CASSPTGGGYGYTF	1.3490953986563956e-07
CASSRTGGGYGYTF	1.6226150231061177e-07
CASSQTGGGYGYTF	6.049071400308086e-08
CASSQTGREQYF	6.386282424791579e-08
CASSYTGREQFF	1.4316891403364723e-08
CASSKTGREQYF	4.462772527983245e-08
CASSLGGDTQYF	1.2175049240911647e-06
CASSLGGETQYF	2.819555803810149e-06
CASSLGGETQYF	2.819555803810149e-06
CASSLGGLTLHF	4.013733668926151e-09
CASSFGQGPYNEQFF	1.6614267282968526e-08
CASSFGQGVYNEQFF	9.050731034271795e-09
CASSFGQGTYNEQFF	1.413789224485893e-08
CASSSGLAVYEQYF	4.697792906847939e-08
CASSSGTAVYEQYF	1.8469134824235566e-08
CAISTTGLGETQYF	7.056699566116934e-11
CASSITGLGETQYF	5.386944715787419e-09
CASSFQENTEAFF	5.831398380349072e-08
CASSFQEDTEAFF	1.619110549354893e-08
CAISDRVQETQYF	6.7513309991316126e-09
CASSDRVRETQYF	6.437682099932343e-08
CASSLTRWDEQYF	6.616579990769544e-09
CASSLTRSDEQYF	1.491992731512044e-08
CASSFGQGVYNEQFF	9.050731034271795e-09
CASSFGTGVYNEQFF	1.248115065037654e-08
CASSIGGSEAFF	5.310962345896368e-08
CASSIGASEQFF	6.385301988611544e-09
CASSLTGGPDTQYF	8.762927159903787e-08
CASSLTGTPDTQYF	2.2835092893741145e-08
CASSLGPTNEQFF	4.480044313466853e-08
CASSTGPTNEQFF	9.71623860139765e-09
CASSDRATGELFF	1.7557821955707802e-07
CASSSRATGELFF	1.658097009824454e-07
CASSSSSGRSTDTQYF	8.847256502952246e-09
CASSFSSGRSTDTQYF	7.428793708891551e-09
CAWTGLAGYDTQYF	9.678539457637899e-11
CASTGLAGEDTQYF	1.1406302455923283e-08
CASSLDRGSGYTF	1.1042225863496801e-07
CASSLDRASGYTF	3.517193787108102e-08
CASSESVSGANVLTF	1.0096386786901333e-08
CAISESESGANVLTF	6.474497520509715e-10
CASSPRGGATNEKLFF	8.185171660349918e-08
CASSERGGATNEKLFF	3.010855169062871e-08
CASSFRRREQYF	3.602019473116662e-08
CASSFRRREQYF	3.602019473116662e-08
CASSFRVREQYF	2.4413901123711916e-08
CASSLGASGNEQFF	4.451540651016653e-08
CASSPGASGNEQFF	1.009773743912226e-08
CASSLRLANTGELFF	7.251521389623405e-08
CASSLRLSNTGELFF	2.0991340553992206e-08
CASSITGTMNTEAFF	7.566941574453361e-09
CASSITGTLNTEAFF	6.674365281764913e-09
CASSPQDGYTF	2.4291169402112775e-07
CASSRQDGYTF	3.805267974446442e-07
CASSFTGGLQPQHF	1.1498367541278142e-08
CASSFTGGSQPQHF	1.8639860220364378e-08
CASSLGRGTNTGELFF	4.122773268110736e-08
CASSKGRGTNTGELFF	3.6854111855800006e-09
CASSYRGDGYTF	2.8195654630024717e-07
CASSYRGDTQYF	3.2992866887848304e-07
CASNMDSRNQPQHF	2.8223392475394425e-10
CASNMDSLNQPQHF	1.1482850531397542e-10
CASSEARGGEQFF	1.6793642787435543e-08
CASSEARGYEQYF	2.0285110169112345e-07
CASSLSAGATGELFF	8.225223718163817e-09
CASSLGAGATGELFF	1.854165462123805e-08
CSASRGDTQYF	1.0690794538716046e-07
CASSRGDTQYF	1.560438287209926e-06
CASSPGDTQYF	9.484752955743103e-07
CASSLGDTQYF	1.054481781996155e-06
CASSLGLGNTIYF	1.7388031057981105e-07
CASSLGYGNTIYF	4.469563116500935e-08
CASSLGSGNTIYF	6.756617051661197e-07
CSAYDEKQFF	4.8510993952479026e-12
CASSDEKLFF	4.06330521811285e-07
CASSLPGNTIYF	2.2276277129423607e-07
CASSLPGDTIYF	3.041807202051372e-08
CASSELADSYNEQFF	1.026525832206755e-08
CASSELAGSYNEQFF	1.2966149235803534e-07
CASSLSTVDTQYF	1.1325010585055937e-08
CASSLSSVDTQYF	1.407985663847857e-08
CASSLSSVDTQYF	1.407985663847857e-08
CASSKGWDQPQHF	1.2250579981416435e-08
CATSKGKDQPQHF	6.642325805819575e-10
CASSFRTSNEQFF	5.0126417561981815e-08
CASSFGTSNEQFF	6.900469026648569e-08
CASHYDTEAFF	2.125229294212045e-09
CASHYDTEAFF	2.125229294212045e-09
CASSYDTEAFF	2.3548275294669833e-07
CASSVGSQPQHF	1.2862871213421946e-07
CSASVGSEPQHF	1.381429152072801e-10
CASSQDRRSEQFF	8.186698552626479e-09
CASSQDRRYEQYF	2.1531572871808403e-07
CAISEGTSNYGYTF	1.5790276193151476e-09
CASSEGTVNYGYTF	2.5858334365985956e-08
CASSLTGANYEQYF	2.826245534725796e-08
CASSLSGANYEQYV	1.9580340531939037e-17
CASISGTEETQYF	1.0609309941505601e-08
CASRSGTEETQYF	4.429273130466921e-08
CASSKTSANTGELFF	9.040542636736833e-09
CASSSTSANTGELFF	2.128592935913761e-08
CASSTNSGSYNEQFF	3.427880041050746e-09
CASSTTSGSYNEQFF	7.825936073502633e-08
CASSFSGGYNEQFF	1.6390073676862165e-07
CASSFSSGYNEQFF	8.383321899559471e-08
CASSRQTNTGELFF	4.544468903788594e-08
CASSEQTNTGELFF	1.4213226635264963e-08
CAIRGTGGTGELFF	3.2975510527834404e-09
CSARGQGGTGELFF	2.9340776655179544e-08
CSARGQGGTGELFF	2.9340776655179544e-08
CSARGQGGTGELFF	2.9340776655179544e-08
CSARGQGGTGELFF	2.9340776655179544e-08
CASSFLGTGELFF	1.296421127542542e-07
CASSFLGTGELFF	1.296421127542542e-07
CASSFLQTGELFF	1.176204141707502e-08
CASSLASDSSYEQYF	2.0304025351332633e-08
CASSLASWSSYEQYF	5.310237853231604e-09
CAISELPGELFF	1.4977808773792292e-09
CASSEYPGEAFF	5.855066668946852e-09
CASSPTGPGGYTF	1.7707343615333716e-08
CASSPTGEGGYTF	2.365976107283226e-08
CSATGGPGDTQYF	2.3625621112461925e-09
CASTGGPTDTQYF	1.2128185539152474e-07
CASSQGEGGNTEAFF	2.9005344820190646e-08
CASSQGKGGNTEAFF	1.801040437883368e-08
CASSLTGSSGNTIYF	1.9104567499788283e-07
CASSLTVSSGNTIYF	2.5428088982702316e-08
CASSLSSVSEQYF	3.6386330513363653e-09
CASSLSSVAEAFF	2.5990336404220383e-09
CASSLSSVAEAFF	2.5990336404220383e-09
CASSLGGPDTQYF	6.431883591636077e-07
CASSLGGPETQYF	5.665283156316673e-07
CASSPLWGGNTGELFF	3.5995282187910753e-09
CASSPLAGGNTGELFF	7.997918510894908e-08
CASSLLGGGYEQYF	2.837891476620666e-07
CASSELGGGYEQYF	7.913058711777906e-08
CASSVDGANQPQHF	9.238554414525832e-09
CASSVDGVNQPQHF	8.420497532426178e-09
CSATRTVNTGELFF	1.0490313076926677e-09
CASTGTVNTGELFF	2.2202010698820382e-08
CASSLAGGNTIYF	3.771538078148654e-07
CASSRAGGNTIYF	1.557905303501933e-07
CASSYLGNEQFF	1.7443106182573284e-07
CASSYGGNEQFF	3.3719071970930823e-07
CASSYGGNEAFF	1.54114340441588e-08
CASSSTAHGLAYEQYF	5.426716057437481e-12
CASSSLGTAHGYTF	7.70938128205542e-10
CSARLIFGRTAHGYTF	1.6510081340596193e-15
CASSLQGDTQYF	3.2175088511584484e-07
CASSLPGDTIYF	3.041807202051372e-08
CASSLGGDTQYF	1.2175049240911647e-06
CASSLYMGSENTIYF	1.1830631470829252e-12
CASSLYMGSGNTIYF	1.148431985609534e-09
CASSLYMVSPEAFF	3.2305169703580144e-12
CASSLPGTSGNNEQFF	1.522808684192136e-08
CASSLYGTSGNNEQFF	2.133967108329725e-09
CASSFGSSGELFF	1.1734766077012506e-08
CASSIGSSGELFF	7.296114707257923e-09
CASSPRQGGGELFF	2.2015324110338515e-08
CASSPGQGGGELFF	6.428542133175353e-08
CASSEGTSGYEQYF	1.2066944809447537e-07
CATSEGTGGYEQYF	2.396307692284528e-08
CSASLGLAGGGDTQYF	3.008447017232224e-10
CASSLGLAGAGDTQYF	4.960265450368041e-09
CASSFGSTYNEQFF	1.0763967460400478e-08
CASSFDSTYNEQFF	5.754031381252565e-09
CASPSLAGELFF	4.24022692180267e-09
CSVPGLAGERVF	4.405920580446271e-12
CASILAGGAYEQYF	2.1691064311565078e-08
CSFNLAGGAYEQYF	3.757089819364531e-12
CSARAQGYSNQPQHF	1.677237903349923e-08
CASRGQGYSNQPQHF	2.1286541091772626e-07
CASSLGQRTQYF	2.6588691808400458e-08
CASSLGQETQYF	2.266748481297098e-06
CASSLGQETQYF	2.266748481297098e-06
CASSPTGGNTIYF	3.165753514128169e-07
CASSPTGGETQYF	4.2227951008492253e-07
CASYLGGNTGELFF	2.206679775667801e-09
CASSLGGNTGELFF	1.0009823060693426e-06
CASSLHGTEETQYF	8.003774278623677e-09
CASSLTGTEETQYF	6.081625649344813e-08
CASSLGGAYNEQFF	8.376696771232382e-07
CASSLGGATNEQFF	3.480992392488464e-08
CSAGTSGTGELFF	3.0836863872257475e-08
CSVGGSGTGELFF	3.1365091388272195e-09
CASSQVTGELFF	1.4415478426587535e-07
CASSQRTGELFF	2.305777402364658e-07
CASSQNTGELFF	3.2206059894302625e-07
CASSLGLPYEQYF	3.539009919975616e-07
CASSLGLDYEQYF	2.473242253108034e-07
CASSLGLTYEQYF	3.638290515435538e-07
CASSVGTSGYNEQFF	1.0251757338790875e-07
CASSLGTSGYNEQFF	3.622086374386331e-07
CASSPGTSGYNEQFF	2.472691735943067e-07
CAWSVGTSGYNEQFF	8.446646549127985e-09
CASSGTGYEQYF	2.559294761314707e-06
CASSGTGAEAFF	3.6769567007023783e-07
CAWSGTGNEQFF	1.8229373924482275e-08
CASSLVGREQYF	1.20517568956876e-07
CASSLQGREQYF	1.7678773107852507e-07
CASSLAGREAFF	1.0617103619076305e-07
CASSRTDTQYF	1.7119205680377117e-06
CSASRGDTQYF	1.0690794538716046e-07
CASSRGDTQYF	1.560438287209926e-06
CAWSVGAEAFF	2.1201353175933374e-08
CAWSDGAEAFF	3.6266625854481638e-09
CASSQGAEAFF	7.550910872871915e-07
CASSPGAEQYF	5.383355699562979e-07
CASSLQGWNTEAFF	1.117387648354615e-07
CASSLQGGNTEAFF	5.293647008917486e-07
CASSLQGPNTEAFF	1.9737768671412554e-07
CASSLGQGATDTQYF	1.0356553045584477e-07
CASSLGQGAPDTQYF	2.1383466839973417e-08
CASSLGGSRNEQFF	3.0456952170980467e-08
CASSLEGSRNEQFF	6.640397696200392e-09
CASSYLYQETQYF	3.319848009139126e-08
CASSYLQQETQYF	1.700780554828758e-08
CASSRKPGELFF	1.852211848934083e-08
CASSYKPGELFF	7.469490571701213e-09
CAWSVSSGYNEQFF	6.4520273521859415e-09
CAWSVSSGYNEQFF	6.4520273521859415e-09
CASSFSSGYNEQFF	8.383321899559471e-08
CASSASGTGELFF	2.2066032247874008e-07
CASSASGTDEAFF	1.9662048131240447e-09
CSARDNRKTFSNQPQHF	6.1445574089411e-13
CASSKKDYKTFSTSAP	0.0
CASTPLGGTDTQYF	1.2903415450594742e-08
CASHPLGGTDTQYF	8.182649344444464e-10
CASSFGSSYEQYF	2.817738627463452e-07
CASSFGSSGELFF	1.1734766077012506e-08
CSAREPDEQFF	8.454782428652293e-09
CASREGDEQFF	1.3368487683802485e-07
CASSLEGLGGYTF	1.8214102906433035e-08
CATSLQGLGGYTF	2.8533842293025176e-10
CASSLSGLNEQFF	9.551170439084207e-08
CASSLSSLNEQFF	2.516270968023962e-08
CASSYRADTQYF	3.515170456066451e-07
CASSYRGDTQYF	3.2992866887848304e-07
CASSRPAQETQYF	5.3708738249477756e-08
CASSFPAQETQYF	6.236135027417303e-08
CASSLSGGAGEQYF	1.4616506376784581e-08
CASSLSQGAGELFF	2.848112612735223e-08
CASSLGVGEKLFF	8.236588215072202e-08
CASSQGVGEKLFF	4.2553991570512675e-08
CASSFGWTYNEQFF	3.5488862403417293e-09
CASSFGSTYNEQFF	1.0763967460400478e-08
CASSASGGSYEQYF	1.9115939430527594e-07
CASRASGGSYEQYF	5.711863650978711e-08
CASRASGGSYEQYF	5.711863650978711e-08
CASRASGGSYEQYF	5.711863650978711e-08
CASRASGGSYEQYF	5.711863650978711e-08
CASSQTVGSNQPQHF	8.708621451805836e-09
CASSQGVGSNQPQHF	4.3528106352529394e-08
CASSLSNEQFF	6.768342211233572e-07
CATSLSNTQYF	4.624835497001345e-10
CSATPGLAGNEQFF	4.723277156900135e-09
CASTPGLANNEQFF	5.89098518642376e-09
CASSFSGRTDTQYF	1.0552647509955617e-07
CASSFGGRTDTQYF	1.3283242247570686e-07
CASSQDSGETQYF	1.402506164781182e-07
CASSQDRGETQYF	4.2911232206741833e-07
CASSLGQETQYF	2.266748481297098e-06
CASSLGQETQYF	2.266748481297098e-06
CASSLGGETQYF	2.819555803810149e-06
CASSLGGETQYF	2.819555803810149e-06
CASSLGAETQYF	7.669704957643238e-07
CASSLDRGQETQYF	4.965341323284296e-07
CASSLDAGQETQYF	3.320855748171371e-08
CASSPQAGGTYEQYF	4.271827472177105e-09
CASSPVAGGTYEQYF	7.486918157721755e-09
CASSLANEKLFF	2.953683430626716e-07
CASSPANEKLFF	2.5809344806155925e-07
CASSESAGNTIYF	3.7428904687061577e-08
CASSESMGNTIYF	1.9876981030734862e-09
CASSPGTTYEQYF	3.1652858577473047e-07
CASSPPTTYEQYF	6.24012652107729e-08
CASSTPGTSYNEQFF	2.124062384188797e-08
CASSLPGTSYNEQFF	9.602219977705787e-08
CASGHRGRETQYF	4.6708939373967215e-09
CSVGSRGRETQYF	1.387385821541093e-09
CASSLQEDTEAFF	4.4334511537412024e-08
CASSFQEDTEAFF	1.619110549354893e-08
CSVGEKSTDTQYF	5.647690020966395e-10
CADGELSTDTQYF	7.534017710653797e-11
CASSLGGGYTEAFF	1.5022030185754736e-07
CASSPGGGYTEAFF	6.869679685329e-08
CAWSVLAAYNEQFF	5.830156215631671e-09
CAWSVLADYNEQFF	1.9592183022207463e-09
CATSRPGQANYGYTF	1.694299030228245e-09
CASSLPGQANYGYTF	5.872310373646396e-08
CASSLGLAAYNEQFF	1.458187554011779e-07
CASSLGGAAYNEQFF	9.277619668991823e-08
CSATGTYNQPQHF	2.380872820325406e-09
CASTGTVNQPQHF	6.40638687039538e-08
CASSPGTGSSYEQYF	2.448585464347516e-07
CASSPGTSSSYEQYF	5.120756508086825e-08
CASSRQGTHEQYF	1.9448158246828866e-08
CASSRQGTYEQYF	6.141459696310221e-07
CASSPTGADTQYF	1.792220296595459e-07
CASSPTGYDTQYF	5.747831860772548e-09
CASSIRGTQYF	6.717890095670237e-08
CASSIRETQYF	3.9973776260086584e-07
CASSRSYNSPLHF	2.333958662255944e-07
CASSREYNSPLHF	5.9351005379912645e-08
CASSLGRDSEAFF	4.340201577138381e-08
CASSLDRDSEAFF	4.00110727471649e-08
CASSPGVANEKLFF	3.289151769956256e-08
CASSLGVANEKLFF	3.832448959952468e-08
CASSLDQETQYF	5.468665674749884e-07
CASSLDQKTQYF	3.0058420436068475e-09
CASSQVGSSEQYF	3.6110066693318624e-09
CASSQVGSYEQYF	2.3839411384954516e-07
CASSQVGSYEQYF	2.3839411384954516e-07
CATSGQGSNQPQHF	7.443352745309248e-08
CASSGQGSHQPQHF	3.20720158491065e-08
CASSYGGRYEQYF	2.254688347470775e-07
CASSYGGRTEAFF	8.768796125259503e-08
CASSLGGPEAFF	4.181346431317005e-07
CASSLGGNEQFF	1.8934972715301972e-06
CASSLGGNEQFF	1.8934972715301972e-06
CASSLGGTEAFF	2.134339739369543e-06
CASSLGGGEQFF	6.190296205523e-07
CASSSNTEAFF	8.482347674352242e-07
CASNSNTEAFF	6.359733575169237e-08
CSTKSNTEAFF	1.9228617955302335e-10
CASSGTGYEQYF	2.559294761314707e-06
CASSGDGYEQYF	4.326596728781938e-07
CASSGQGYEQYF	3.192397606901112e-06
CASSLGGSTDTQYF	1.032707537517563e-06
CASSLGQSTDTQYF	1.673551165515664e-07
CSASLGGSTDTQYF	1.688542553429268e-08
CASSVVYEQYF	2.9735556074067134e-07
CASSEVYEQYF	4.1245582374438824e-07
CASSLVYEQFF	1.488869656194902e-07
CASSVQGGEQYF	1.229698096673862e-07
CASSQQGGEQYF	1.1198751773171067e-07
CASSLQGGEQYF	3.989546121935466e-07
CASSLDPNTEAFF	1.196490843332197e-07
CASSLDINTEAFF	3.880370594864525e-08
CASSLDSNTEAFF	1.9524409741285668e-07
CASSLVGETQYF	4.871166522081002e-07
CASSLGGETQYF	2.819555803810149e-06
CASSLGGETQYF	2.819555803810149e-06
CASSLLGETQYF	6.57582597911962e-07
CASNRGYNEQFF	2.000952026611513e-07
CASNRAYNEQFF	1.169442884261114e-07
CASSFTGGNTIYF	1.0383990525599383e-07
CASSPTGGNTIYF	3.165753514128169e-07
CASSVGHTGELFF	1.3165673774066165e-07
CASSFGHTGELFF	9.106071948197494e-08
CASSLGDRAQETQYF	4.7322606936635606e-08
CASSLGDRVQETQYF	4.8888981479154904e-08
CASSLGAETQYF	7.669704957643238e-07
CAWSLGAATLHF	4.213838588348468e-12
CASSDYRGTEAFF	3.3593942928373426e-08
CASSDSRGTEAFF	1.2438582232372009e-07
CASSLGLGNTIYF	1.7388031057981105e-07
CASSLALGNTIYF	6.190661385046469e-08
CASSTRCTDTQYF	8.379876369259032e-08
CASSTRVTDTQYF	1.0363613285443546e-07
CASSYLPGELFF	2.8588517998325645e-08
CASSYLRGEQFF	3.061154992747731e-08
CASSLQEDTEAFF	4.4334511537412024e-08
CASSLTEDTEAFF	6.852028407307453e-08
CASSLTEDTEAFF	6.852028407307453e-08
CASSGNNQPQHF	1.8924097660564128e-07
CASQGNNQPQHF	3.9535010652664654e-08
CASSETGGTYEQYF	9.315564412171025e-08
CAISETGGSYEQYF	1.63639722181988e-08
CASSPGLGEKLFF	6.316990461319739e-08
CASSPGFGEKLFF	9.03655316865299e-09
CASSLDTGQPQHF	6.569939834070271e-08
CASSLDWGQPQHF	2.82936481204552e-08
CASSLGGTGNTIYF	2.1495375884748595e-07
CASSLGETGNTIYF	4.035079755325273e-08
CASSLLAKNIQYF	3.338095027231232e-07
CASSLGAKNIQYF	5.180269968981825e-07
CASSSGRGSYEQYF	3.342610320922761e-07
CAWSSGRGRYEQYF	7.326897455974548e-10
CAWSVGATNEKLFF	1.0499735137070949e-08
CASSVSATNEKLFF	3.9341948515466306e-08
CASSFDGYEQYF	1.319444747975127e-07
CASSFDYYEQYF	3.979228086805889e-08
CASSESFNYGYTF	8.232372336809048e-09
CAISESENYGYTF	2.364000548217384e-09
CASSLGQETQYF	2.266748481297098e-06
CASSLGQETQYF	2.266748481297098e-06
CASSLSQETQYF	5.797791615264615e-07
CASSLDQETQYF	5.468665674749884e-07
CATSRDSTDTQYF	4.245375906078602e-08
CASSKDSTDTQYF	9.808823699864056e-08
CASSGDSTDTQYF	3.7894400414609423e-07
CASSSGEQFF	7.621964254888947e-07
CSATSGEQYF	6.846340607263566e-08
CASSSGELFF	4.809858766479845e-07
CSASSGGYNEQFF	5.90500804940728e-08
CASSSRGYNEQFF	8.049851329908958e-07
CASSSAGYNEQFF	2.6368119687374973e-07
CASSSAGYNEQFF	2.6368119687374973e-07
CASSVGLEQFF	7.033896657656755e-08
CASSSGLEQYF	3.793807094292174e-07
CASSQGLEAFF	1.5122386519629887e-07
CSVLLAGTDTQYF	7.287275641921463e-09
CASSLAGTDTQYF	2.3309678292181193e-06
CSARLAGTDTQYF	1.607940009549915e-07
CASSLIGGSYNEQFF	4.2926738846863865e-08
CASSLGGGSYNEQFF	6.833850620011858e-07
CASSLSGGSYNEQFF	1.9910278437302314e-07
CASSLSGTEAFF	5.588698101052583e-07
CASSLSGFEQFF	2.5260755509454387e-08
CASSLSGFEAFF	1.9526174615577775e-08
CSASPTGAEQYF	3.925616104859967e-09
CASSGTGAEAFF	3.6769567007023783e-07
CASSFTGAEQYF	4.2434786868314174e-08
CASSLAGMNTEAFF	3.493986208869556e-07
CASSLDGMNTEAFF	8.951953915695079e-08
CASSLSGMNTEAFF	2.2755653337124192e-07
CASSETGYGYTF	4.275978635737407e-07
CASSATGYGYTF	3.1415193086827087e-07
CASSQTGYGYTF	3.8231669317985307e-07
CASSLQGGNTEAFF	5.293647008917486e-07
CASSLTGGNTEAFF	7.466219904673995e-07
CASSLGGGNTEAFF	1.1194872318275605e-06
CASSRGVQETQYF	4.0144471891026103e-07
CASSRGGQETQYF	1.6873507549964337e-06
CASSRGRQETQYF	7.066523583718147e-07
CASSLGGNQPQHF	2.8673197276663445e-06
CASSLGGNQPQHF	2.8673197276663445e-06
CASSLVGNQPQHF	3.748070352166933e-07
CASSLDGNQPQHF	3.114122002412578e-07
CSASAQASYEQYF	1.0389442292478624e-09
CASSLQASYEQYF	1.560833328725276e-07
CASLGQGGTGELFF	1.1298329639649487e-08
CSARGQGGTGELFF	2.9340776655179544e-08
CSARGQGGTGELFF	2.9340776655179544e-08
CSARGQGGTGELFF	2.9340776655179544e-08
CSARGQGGTGELFF	2.9340776655179544e-08
CATSEGTGGYEQYF	2.396307692284528e-08
CASSEGTGGSEQFF	2.7518572416674002e-09
CASSLSTNQPQHF	1.1834929160613333e-07
CASSLATNQPQHF	1.5865846417615705e-07
CASSLQDTEAFF	3.7021624692359634e-07
CASSGQDTEAFF	5.874095981238433e-07
CASSPDINYGYTF	2.7642017917443338e-08
CASSVDINYGYTF	1.2133719624711206e-08
CASSSASNQPQHF	2.907858804311761e-07
CASSSAHNQPQHF	2.3187087120372156e-08
CAISIQITDTQYF	4.887781484838549e-11
CASSGQITDTQYF	4.047611594310561e-08
CASSLSGRYNEQFF	1.770889350501938e-07
CASSNSGRYNEQFF	3.0355358430162034e-08
CASSLSGLNTEAFF	2.231485333066984e-07
CASSLSELNTEAFF	2.7661867817790134e-08
CASSFQLQETQYF	1.9914232287997872e-08
CASSSQLQETQYF	3.142130301310837e-08
CASSITGGQPQHF	6.725665258879048e-08
CASSIQGGQPQHF	8.581740614736794e-08
CASSLAGTSNQPQHF	1.5165678456640776e-07
CASSLRGTSNQPQHF	1.1242039024846703e-07
CASSRTTNTEAFF	9.80773757552759e-08
CAISRTGNTEAFF	1.4951346247228215e-08
CASSRTENTEAFF	2.4873596054677623e-07
CASSLGYTDTQYF	2.1377294211890484e-07
CASSLGWTDTQYF	5.157136673368137e-08
CASSLGVTDTQYF	3.789048088600484e-07
CASSVGGNTEAFF	6.898122210834099e-07
CASSVGMNTEAFF	2.3251432402096036e-07
CATSVGVNTEAFF	2.086104368172499e-08
CAWSIGNTEAFF	5.590091566020964e-09
CSASSGNTEAFF	7.496867048571782e-08
CASSGGNTEAFF	3.0710761547584988e-06
CSASRGNTEAFF	2.871246926896981e-07
CASSLDRSNTGELFF	4.772331126516113e-08
CASSLDRLNTGELFF	3.9114082045545896e-08
CASSLDRLNTGELFF	3.9114082045545896e-08
CASSLDRGLNTEAFF	3.169612204148385e-07
CASSPDRGLNTEAFF	1.8038140399652107e-07
CASSDSNQPQHF	1.2197264838955165e-06
CSVGDSNQPQHF	7.1974218137377e-08
CATSDSNQPQHF	1.319389307154371e-07
CASSLRGYGYEQYF	1.3893226042719461e-08
CASSLRGQGYEQYF	3.0553854377065813e-07
CSARGQGGTGELFF	2.9340776655179544e-08
CSARGQGGTGELFF	2.9340776655179544e-08
CSARGQGGTGELFF	2.9340776655179544e-08
CSARGQGGTGELFF	2.9340776655179544e-08
CASRGQGNTGELFF	2.1683735204218873e-07
CASSPQGMGTDTQYF	3.335525494516498e-09
CASSPQGAGTDTQYF	4.073221520619531e-08
CASSASGISYNEQFF	2.0431038741235215e-08
CASSASGVSYNEQFF	2.9295589198488573e-08
CSPSGGNNEQFF	1.198411946121791e-09
CASSGGNTEAFF	3.0710761547584988e-06
CASSLDWGNTEAFF	4.099332139072144e-08
CATSLSWGNTEAFF	2.4807966341770093e-10
CASSQTPNTEAFF	4.031971836118301e-08
CASSQDPNTEAFF	8.552796776163091e-08
CASSLETSGYEQYF	8.623285956201252e-08
CASSLGTSGYEGFF	7.44655152426471e-13
CASSLGTGSNQPQHF	5.787682985907028e-07
CASSLGTLSNQPQHF	5.279445129126763e-08
CASTLAYEQFF	1.751434968370131e-08
CASTLAREQFF	8.004420972858783e-09
CASSLEWGNEQFF	1.8325323589505352e-08
CASSLNWGNEQYF	4.625859496567498e-09
CASSPTGLDTEAFF	3.820876103561371e-08
CASSQTGLDTEAFF	1.7148107676751303e-08
CASSQGGQETQYF	9.419556872762026e-07
CASSQVGQETQYF	1.5451548178518173e-07
CASIGNTEAFF	2.205179894378208e-07
CASIGGTEAFF	2.5117184942457815e-07
CASSPPGPEQYF	1.1570933195201934e-07
CLVSPAGPEAFF	9.248850277747758e-14
CAWSVLGDTEAFF	1.21081755239921e-08
CASSFLGDTEAFF	1.0139242253960372e-07
CASSPDRNQPQHF	3.87321677353427e-07
CASSPDRDQPQHF	5.093836334666794e-07
CASSFGTSNEQFF	6.900469026648569e-08
CASSFGTSDEQYF	2.454042692029554e-08
CASSYSGDDEQFF	6.489140894147526e-09
CASSYSGDDEQFF	6.489140894147526e-09
CASSYSGDDEQFF	6.489140894147526e-09
CASSYSGGDEQYF	1.2666105100264668e-07
CASSGDFTDTQYF	5.014983425783287e-08
CASSGDSTDTQYF	3.7894400414609423e-07
CASSQVTGELFF	1.4415478426587535e-07
CASSQVGGEQYF	1.269258611724937e-07
CASSHQETQYF	3.0278390962008503e-07
CASSGQETQYF	2.142402619212174e-06
CASSPQETQYF	8.457013626347663e-07
CASSAQETQYF	5.629450787132922e-07
CSARVGSTDTQYF	3.77269940736854e-08
CASRTGSTDTQYF	3.4318565320385706e-07
CASRRGSTDTQYF	3.996222647973926e-07
CASSISLNTEAFF	5.5722187615778994e-08
CASSIDLNTEAFF	3.349366394165327e-08
CASSYSGAGSYEQYF	2.2500840841978996e-08
CASSYSGTGSYEQYF	7.779215235136682e-08
CASSPPMNTEAFF	1.325077222571183e-07
CASSPPPNTEAFF	6.349018803785332e-08
CASSLDLNTGELFF	7.083177051950711e-08
CASSLYLNTGELFF	2.520021352574421e-08
CASSFGGAGDTQYF	2.0514604827593443e-08
CASSLGGAGDTQYF	8.099305722855635e-08
CASSTGQNTGELFF	7.39309858577452e-08
CASSTGSNTGELFF	1.1702677441737639e-07
CASSFQGYTEAFF	8.009353352623496e-08
CASSQQGYTEAFF	7.601862500098571e-08
CATSLSNTQYF	4.624835497001345e-10
CASSLENTIYF	4.432061397236032e-08
CASSIATGELFF	5.865004433901685e-08
CASSIWTGEAFF	1.0856192930142867e-08
CASSLVGETQYF	4.871166522081002e-07
CASSRVGETQYF	2.404085668726676e-07
CASGRGGSTDTQYF	4.051275744021222e-08
CASGAGGSTDTQYF	1.719159214916209e-08
CASSLEGGLETQYF	6.715483504444271e-08
CASSLTGGLETQYF	8.157372710313397e-08
CASSLDSGNQPQHF	1.681723986291549e-07
CASSLDSSNQPQHF	2.960732411349906e-07
CASSLTGVSGNTIYF	8.670332255629423e-08
CASSLTGSSGNTIYF	1.9104567499788283e-07
CASSLLGETDTQYF	2.5925294162063664e-08
CASSLGGETDTQYF	1.3215622191941211e-07
CASSEPGTYEQYF	1.6367524919043619e-07
CASSERGTYEQYF	2.768586944986431e-07
CASSESGSGNEQFF	8.522919890544362e-09
CASSFSGSGNEQFF	9.514854792070757e-09
CASSYLGGGEQFF	2.331530663041197e-08
CASSPLGGGEAFF	1.7354480153346178e-08
CASSRPAQETQYF	5.3708738249477756e-08
CASSRAAQETQYF	7.895617774773695e-08
CASSVGVGTDTQYF	4.9882910168073454e-08
CASSVGQGTDTQYF	1.729609530614385e-07
CASSLTGANYEQYF	2.826245534725796e-08
CASSLTGAIYEQYF	2.2618011295732337e-08
CASRGQGNTGELFF	2.1683735204218873e-07
CASRLQGNTGELFF	2.8263156114156433e-08
CASSLGGTSEAFF	3.793483486481144e-08
CASSLGGTSEAFF	3.793483486481144e-08
CASSLGGTSEAFF	3.793483486481144e-08
CASSLGGVSEAFF	3.8867399534773905e-08
CASSGGTNYNEQFF	1.641691915189171e-08
CASSGGTDYNEQFF	2.8199010945294165e-08
CASSLTETQYF	7.892154064556949e-07
CASSLTGTQYF	1.6634802533526542e-07
CASSSTPGELFF	5.063687006251258e-08
CASSSPPGEQFF	1.5747984795850195e-08
CASRQGAQETQYF	1.2878678371682281e-07
CSAQQGAQETQYF	2.367703912535546e-09
CASSLGTSGSYEQFF	1.4319967982656077e-08
CASSLGTSRSYEQYF	2.5243510258505072e-08
CASSEFGDEQFF	1.1558646585661616e-08
CASSEQGDEQFF	6.026294605816341e-08
CASSFGSSYEQYF	2.817738627463452e-07
CASSFGSGYEQYF	7.465646319088244e-08
CASSVGSQPQHF	1.2862871213421946e-07
CAWSVGVQPQHF	9.482601021895638e-09
CASRGGGEETQYF	2.337375956259549e-07
CATRLGGEETQYF	4.648550568670526e-09
CASSRDGISGNTIYF	4.59532171205909e-09
CASSRDGLSGNTIYF	5.8755599580572705e-09
CSVRSTDTQYF	4.3318473186048755e-08
CASGSTDTQYF	3.746546103229094e-07
CASSSTDTQYF	1.4988011619225659e-06
CASSSTDTQYF	1.4988011619225659e-06
CASSVEGNTEAFF	1.7598840707596644e-07
CAWSVRGNTEAFF	7.006784724031368e-08
CASSVGGNTEAFF	6.898122210834099e-07
CAWSGTGNEQFF	1.8229373924482275e-08
CASSITGNEQFF	7.711101309480978e-08
CASSLTGNEQFF	5.945343500715041e-07
CSTLRGGGTDTQYF	7.775368255453222e-11
CSVERGGGTDTQYF	1.0639853985928173e-08
CASSEGTGIYEQYF	3.014339129748229e-08
CATSEGTGGYEQYF	2.396307692284528e-08
CASSGTGGAETQYF	4.4528341302477245e-08
CASSGTGGGETQYF	1.2721367176489898e-07
CASSLGREETQYF	5.347142870779558e-07
CASSDGREETQYF	7.054081985539044e-08
CASSLDRDHEQYF	4.3158021667878886e-08
CASSLDRDSEAFF	4.00110727471649e-08
CAISSRGNEKLFF	3.449574991010078e-09
CASSLRGNEKLFF	6.325841670266311e-07
CASSLDRDYGYTF	6.557075939432198e-07
CASSLRRDYGYTF	2.1583669491526474e-07
CSGKGQWNTEAFF	1.3459588418086894e-10
CAIKGQSNTEAFF	1.0467036294422211e-09
CASSSGLAGVETQYF	3.254096985953139e-08
CASSGGLAGVETQYF	2.6461205137775832e-08
CASSFTYEQYF	7.898947549498905e-07
CASSFTGELFF	2.0751099633392206e-07
CADSTGHQETQYF	2.609060723102954e-11
CASSSGHQETQYF	1.294600503887876e-07
CASSQDLNTGELFF	5.187626678091002e-08
CASSLDLNTGELFF	7.083177051950711e-08
CASSTTGGNSPLHF	4.96069892123625e-08
CASSRTGGNSPLHF	1.8759430586914217e-07
CASSLRQGQETQYF	2.3999526884413347e-07
CASSLRQGGETQYF	1.3711097749196495e-07
CASSYGQGVTDTQYF	1.035671034657732e-08
CATSRGQGVTDTQYF	2.3468392055684127e-09
CASSRLAGHEQYF	1.2048614576577092e-07
CATSRLAGEEQYF	1.4837980508591143e-09
CSARGTGSSYNSPLHF	2.312514007060144e-08
CASRPTGSSYNSPLHF	1.8582827305373055e-08
CARSLADTQYF	1.2814240744452926e-08
CASSLAQTQYF	4.8941498141162806e-08
CASSLGTKAFF	3.514033321510787e-08
CASSLGEKLFF	1.0038659961478582e-06
CASSRGETQYF	3.799582853898479e-06
CAWSRGEGEFF	2.536209722664386e-12
CASSVLGADTQYF	5.0421487365445005e-08
CASSVGGADTQYF	2.6630902483147736e-07
CASSGGQRNTEAFF	1.0177469051119273e-07
CASSGGQLNTEAFF	1.0387309499684084e-07
CSARENTGELFF	6.823565568099123e-08
CAGREDTGELFF	5.3162967134713085e-09
CASSRTGYNSPLHF	1.5130549917739048e-07
CASSRTGGNSPLHF	1.8759430586914217e-07
CASSASYNSPLHF	8.06894186160961e-08
CASSRSYNSPLHF	2.333958662255944e-07
CASSVEGGYEQYF	2.1795189704559575e-07
CASSVQGGYEQYF	3.0190789769721577e-07
CASSLGGRETQYF	9.281502968470828e-07
CASSLGLRETQYF	1.6972420715284966e-07
CASSIGGNEQFF	2.3536552028062852e-07
CASSITGNEQFF	7.711101309480978e-08
CASSLQASYEQYF	1.560833328725276e-07
CASSLQSSYEQYV	2.7873530758464337e-16
CASSDGLAGSYNEQFF	4.613449479104541e-08
CASSQGLAGSYNEQFF	1.3163018775013633e-07
CASSQGLAGSYNEQFF	1.3163018775013633e-07
CASSQDGETQYF	1.9521633121127996e-07
CASSQDEETQYF	1.1223087751948148e-07
CASSRQGGYNEQFF	1.7318268201402793e-07
CASSRAGGYNEQFF	1.5134163361617896e-07
CASSPPSYEQYF	7.260587475979205e-07
CASSPPSGELFF	8.270239934263385e-08
CASSLGHSNYGYTF	3.796269555568561e-08
CASSLGDSNYGYTF	1.402535792529168e-07
CASSLARMNTEAFF	1.3266955837833433e-07
CASSLDRMNTEAFF	2.3562898151692765e-07
CASSLSGTEAFF	5.588698101052583e-07
CASSLSRTEQYF	6.123629024513864e-08
CASSYGQFNQPQHF	9.58886113876916e-09
CASSVGQFNQPQHF	1.5781556511182176e-08
CASSLGTSGSYEQFF	1.4319967982656077e-08
CASSLGPSGSYEQYF	6.090834104567908e-08
CASSEASGSTDTQYF	3.831493128329704e-08
CASSLASGSTDTQYF	1.8333673481767233e-07
CASSPGLAGLQETQYF	3.168744309016316e-08
CASSPGLAGSQETQYF	4.1265022345690226e-08
CASSLAQGSEAFF	5.210207376010898e-08
CASSLSQGSEQYF	3.18007659601718e-08
CASSLAGMNTEAFF	3.493986208869556e-07
CASSLARMNTEAFF	1.3266955837833433e-07
CASSYSTGGYEQYF	1.577813345956235e-07
CASSYRTGGYEQYF	1.4716037961090565e-07
CASSLGGLDEQFF	1.3680295586292186e-07
CASSLGGLGEQYF	9.365712919903626e-08
CASSANTGELFF	3.3084558859858104e-07
CASSQNTGELFF	3.2206059894302625e-07
CASSLNTGELFF	6.364580966947991e-07
CASSLGSGSTDTQYF	1.0545801941403677e-07
CASSMGSGSTDTQYF	3.575699989732513e-09
CASSLDGINEQFF	1.4590467851247338e-08
CASSLDGSNEQFF	3.812205193234222e-08
CASSQREETQYF	3.635229691864674e-07
CASSQDEETQYF	1.1223087751948148e-07
CASSLSSLNEQFF	2.516270968023962e-08
CASSLSSGNEQFF	2.1274135537521628e-07
CASSPRTSGYNEQFF	1.3096101898006597e-07
CASSPGTSGYNEQFF	2.472691735943067e-07
CASSLEAGTEQYF	1.4328098149741734e-08
CASSLGAGTEAFF	3.0083207008067223e-07
CASSLADGYGYTF	5.797410178740708e-08
CASSLAQGYGYTF	3.359756451004151e-07
CASSYLPGELFF	2.8588517998325645e-08
CASSYKPGELFF	7.469490571701213e-09
CASSLTGAYEQYF	1.1504197997475046e-06
CASSLTGAYEQYF	1.1504197997475046e-06
CASSLTGAGELFF	2.141390331092872e-07
CASSLTGAGELFF	2.141390331092872e-07
CASSLTGAGELFF	2.141390331092872e-07
CASSLTGAGELFF	2.141390331092872e-07
CASSWGGTSTDTQYF	5.4402753339216914e-08
CASSGGGTSTDTQYF	1.1508093385735288e-07
CASSIATGELFF	5.865004433901685e-08
CASSYATGEQYF	2.0135754934597685e-08
CASSVGLEQFF	7.033896657656755e-08
CASSVGTEQFF	7.382459453474562e-08
CAWSVGAEAFF	2.1201353175933374e-08
CASSLRTEAFF	9.419803472181325e-07
CASSLNTEAFF	1.2330605742788922e-06
CASSLDTEAFF	9.447014248623037e-07
CASSFGHEQYF	2.6378366433674594e-07
CASSFGVEAFF	4.876399496354927e-08
CASSFGYEQFF	8.28997219090631e-08
CASSQTGELFF	3.0628826315874067e-07
CASSQTNEQFF	1.614739206803258e-07
CASSPQLNTEAFF	1.466137657878705e-07
CAWSPQGNTEAFF	2.0058229872798677e-08
CASSPGLAQETQYF	1.3484800420349057e-07
CASSPGTAQETQYF	7.373061092066093e-08
CASSLIRGQETQYF	7.945675081038688e-08
CASSLDRGQETQYF	4.965341323284296e-07
CASSFPSSYNEQFF	1.1665511184359284e-07
CASSFGSSYNEQFF	1.5978799907024288e-07
CASSFGSSYNEQFF	1.5978799907024288e-07
CASSSVATNEKLFF	5.119457959262059e-08
CARSSGATNEKLFF	1.9556442084019164e-09
CASSLMGSDTQYF	9.922740425451304e-09
CASSLYGSDTQYF	1.5051050432804196e-08
CASSYSAGYGYTF	4.376678695143828e-08
CASSYSNGYGYTF	9.54386380139656e-09
CASSFGANEQFF	9.942059643138257e-08
CASSFGANEQFF	9.942059643138257e-08
CASSFGGNEQFF	3.883551627997309e-07
CSAPGQGETEAFF	5.551521507338449e-09
CSAPGQGNTEAFF	1.2060138113535064e-07
CASSWDRGADTQYF	3.475335121785529e-08
CASSFDRGADTQYF	2.235886580200574e-08
CASSTSGLNTEAFF	3.85726043325146e-08
CASSLSGLNTEAFF	2.231485333066984e-07
CASSFLGDEQFF	8.871744890576773e-08
CASSPLGDEQFF	1.4014950091082843e-07
CATSSRGGNTEAFF	2.0003288416946502e-08
CASSSRGLNTEAFF	4.6390502055590763e-07
CASSVAGGNEQFF	1.8576222260233882e-07
CAWSVAGGSEQYF	2.0402383622286902e-09
CAWSVAGGSEQYF	2.0402383622286902e-09
CASSPETGTYEQYF	2.004422096684644e-08
CAWSPGTGTYEQYF	4.379801512126139e-09
CSVSPGGSSYNEQFF	9.817164501748533e-10
CASSPGGTSYNEQFF	7.099615148143411e-08
CASSLGGGRSYEQYF	2.2177977520657942e-07
CASSLGGGNSYEQYF	8.608724210854539e-08
CASSLGADYEQYF	2.313698998180393e-07
CASSLGLDYEQYF	2.473242253108034e-07
CASSFSGRTDTQYF	1.0552647509955617e-07
CASSVSGRTDTQYF	6.315167939190226e-08
CATSSRGGNTEAFF	2.0003288416946502e-08
CASSSKGGNTEAFF	8.549389965392009e-08
CASSLDRMNTEAFF	2.3562898151692765e-07
CASSLDGMNTEAFF	8.951953915695079e-08
CASSRQGGNTEAFF	5.382655696912343e-07
CAWSRQGRNTEAFF	8.027314391827818e-09
CASSSGTGDYNEQFF	2.3155962204832806e-08
CASSSGTGLYNEQFF	2.4553687611430292e-08
CASSLQGREQYF	1.7678773107852507e-07
CASSEQGREQYF	5.819548709774246e-08
CASRGGNQPQHF	2.484427316315563e-06
CASRQGNQPQHF	1.4222623293775164e-06
CSARRGNQPQHF	3.1526478313165827e-07
CSARDRSSYEQFF	5.435766360989131e-10
CSARDRDSYEQYF	1.2772276154255053e-07
CSARDRGSYEQYF	3.514572156404402e-07
CATSRLAGGPDTQYF	3.717215110885073e-09
CASSELAGGPDTQYF	2.736317784684909e-08
CASSRDRNTGELFF	2.691984475411809e-07
CASSSDRNTGELFF	1.316227642639079e-07
CASSLDAGNTEAFF	4.0060576224650887e-08
CASSLDWGNTEAFF	4.099332139072144e-08
CASSLGSGSTDTQYF	1.0545801941403677e-07
CASSLASGSTDTQYF	1.8333673481767233e-07
CSARDRDSYEQYF	1.2772276154255053e-07
CSASDRDSYEQYF	1.7450736687671428e-08
CASSTRTSGTDTQYF	3.231263070212446e-08
CASSKRTSGTDTQYF	2.0628541215001114e-08
CASSQDESYNEQFF	1.9697181875818527e-08
CASSQDFSYNEQFF	1.960771024983825e-08
CASSPGVGYTF	4.4711799088492365e-07
CSGSSGVGYTF	1.7656633108767068e-10
CASSLSGANTEAFF	1.4307582242040407e-07
CASSLGGANTEAFF	3.9189289806785234e-07
CASSLRGYTDTQYF	7.726716714275991e-08
CASSLRGGTDTQYF	9.680418906120624e-07
CASSRRGYEQYF	2.3652643714355342e-06
CASSRRGNEQFF	6.800502296663651e-07
CSASDRGSYEQYF	5.711353506949767e-08
CSASDRDSYEQYF	1.7450736687671428e-08
CASSLSGGAGEQYF	1.4616506376784581e-08
CASSLNGGAGEQYF	3.7126007426220866e-09
CASSFGGSSYNEQFF	1.62122617128135e-07
CASSFSGSSYNEQFF	1.3843622350142034e-07
CASSLGRNTEAFF	1.2614990907010955e-06
CASSLGKNTEAFF	2.924199885506474e-07
CASSLGVNTEAFF	1.0002407005060975e-06
CASSLGVNTEAFF	1.0002407005060975e-06
CASSLGDEQYF	2.0963706761461702e-06
CASSLGGEQFF	9.409685480904555e-07
CASSLGHEQYF	1.2342604100792373e-06
CASSLGYEQYF	4.31840348797094e-06
CASSLGYEQYF	4.31840348797094e-06
CASSPGPGNTIYF	3.683566652659577e-07
CASSPGAGNTIYF	4.977769721617499e-07
CASSLASNQPQHF	5.472997644742352e-07
CASSSASNQPQHF	2.907858804311761e-07
CSASSGTSTDTQYF	1.814645353888401e-08
CASLSGTSTDTQYF	9.774151386607353e-09
CASSLGQGNYGYTF	7.102988178620531e-07
CASSLGQPNYGYTF	8.196656015445594e-08
CASSFRSEQYF	1.8134647220766522e-07
CASSSRSEQFF	1.3378187508769755e-07
CASSLGRNEQFF	7.253639827230736e-07
CASSLGYNEQFF	1.7036586854953521e-06
CASSLGYNEQFF	1.7036586854953521e-06
CASSLGGNEQFF	1.8934972715301972e-06
CASSLGGNEQFF	1.8934972715301972e-06
CASSLGRYNEQFF	7.621431304317698e-07
CASSLDRYNEQFF	3.0375345511340526e-07
CASSFQGRTEAFF	7.571475443685427e-08
CASSFQGYTEAFF	8.009353352623496e-08
CASSLAGRNTEAFF	3.827890908153303e-07
CASSLSGRNTEAFF	2.754223458519601e-07
CASSPGTSFYNEQFF	1.0233045609866448e-08
CASSPGTSGYNEQFF	2.472691735943067e-07
CAWSAGYQETQYF	3.191940155361963e-09
CASSGGYQETQYF	2.459201659324659e-07
CASSLATNQPQHF	1.5865846417615705e-07
CASSLASNQPQHF	5.472997644742352e-07
CAWSPQGNTEAFF	2.0058229872798677e-08
CASSPQGGTEAFF	3.696916117186092e-07
CASSPQGGTEAFF	3.696916117186092e-07
CASSQVGDTIYF	7.648818226959973e-09
CASSQRGDTQYF	1.9839974491165643e-07
CASSLGGNEQFF	1.8934972715301972e-06
CASSLGGNEQFF	1.8934972715301972e-06
CASSLTGNEQFF	5.945343500715041e-07
CASSLDGNEQYF	9.953095478110791e-08
CASSSQGGYEQYF	5.959814995284873e-07
CASSSTGGYEQYF	7.087448670088085e-07
CASSLDRAYEQYF	1.4857973486235127e-06
CASSLGRAYEQYF	1.3354166856845045e-06
CASSLGTGSNQPQHF	5.787682985907028e-07
CASSLGYGSNQPQHF	1.3883371475147364e-08
CASSLESYEQYF	6.759749516780507e-07
CASSLEVYEQYF	2.644039178345976e-07
CASSVSVNTEAFF	5.929258708232402e-08
CATSVGVNTEAFF	2.086104368172499e-08
CASSLDSNQPQHF	9.588572378384398e-07
CASSLDGNQPQHF	3.114122002412578e-07
CASSLSRGNTEAFF	3.554927351741943e-07
CATSLSWGNTEAFF	2.4807966341770093e-10
CASSYRGDTQYF	3.2992866887848304e-07
CASSQRGDTQYF	1.9839974491165643e-07
CASSLVLDTQYF	1.0677334007662358e-07
CASSLVTDTQYF	5.039445141897394e-07
CASSLAVGDEQYF	4.546364762796482e-08
CASSLAAGDEQFF	6.683403132598166e-08
CASRRTGTYEQYF	1.3721860643398687e-07
CASRRTGVYEQFF	2.8225436532949023e-09
CASSLGTGVGYTF	1.1153655802879461e-07
CASSLGTGRGYTF	1.3507734770778208e-07
CSARYGTSTDTQYF	2.1624698105774883e-09
CASRTGTSTDTQYF	9.39629506708865e-08
CASSLGGTYEQYF	1.5681615943240836e-06
CASSLGGTSEAFF	3.793483486481144e-08
CASSLGGTSEAFF	3.793483486481144e-08
CASSLGGTSEAFF	3.793483486481144e-08
CASSLGGTRFF	1.9044845943823367e-09
CASSLTGTQYF	1.6634802533526542e-07
CASSLSGKETQYF	2.048599347140116e-07
CASSLSGEETQYF	2.8867498056944613e-07
CASSPRDRGYEQYF	4.747404961172002e-07
CASSVRDRGYEQYF	1.884560779511618e-07
CASSLVQGTEAFF	2.1075022523896176e-07
CASSLVGGTEAFF	2.969102974338429e-07
CASSLFAGSSYNEQFF	4.790591894897802e-09
CASSLAAGSSYNEQFF	5.005170678864107e-08
CASSLGGGEQFF	6.190296205523e-07
CASSAGGGEQYF	3.268383164439291e-07
CASSPGGGEQYV	5.652481870788747e-13
CASGQETQYF	5.922921357224066e-07
CASGRETQYF	5.353440171286982e-07
CSAGAETQYF	1.4353340969643387e-07
CASSAVMNTEAFF	7.658253088515673e-08
CAWSAEMNTEAFF	2.519293488842504e-09
CASSPTSGSSYNEQFF	1.719181621235209e-07
CASSATSGSSYNEQFF	6.227813802606839e-08
CASNRAYNEQFF	1.169442884261114e-07
CSVHRAYNEQFF	3.8011651969675535e-09
CASSPLGYEQYF	8.683059410625661e-07
CASSPLGDEQFF	1.4014950091082843e-07
CASSLGTNSPLHF	1.9468600575551627e-07
CASSLGRNSPLHF	3.314794176136076e-07
CASSLVGGPYEQYF	2.755447663551557e-07
CASSLAGGPYEQYF	6.204964397879999e-07
CASSRTGGTDTQYF	3.9970817138160645e-07
CASSPTGGTDTQYF	3.3949323111095946e-07
CASSYPGELFF	7.831608187724718e-08
CASSYPNEQFF	1.616932482768178e-07
CASSPGQGTYEQYF	4.645260026173702e-07
CAWSPGTGTYEQYF	4.379801512126139e-09
CASSLAGRNTEAFF	3.827890908153303e-07
CASSLAGMNTEAFF	3.493986208869556e-07
CASSQVGGTEAFF	1.1585342840401197e-07
CASSLVGGTEAFF	2.969102974338429e-07
CASSLSGYNEQFF	5.238492060489232e-07
CASSLSGLNEQFF	9.551170439084207e-08
CASSTGTGNQPQHF	3.2748672947230337e-07
CASSTGAGNQPQHF	1.4172402513251493e-07
CASSEQGREQYF	5.819548709774246e-08
CASSEQGDEQFF	6.026294605816341e-08
CASSLGGSQPQHF	3.6295886601360253e-07
CASSLGGNQPQHF	2.8673197276663445e-06
CASSLGGNQPQHF	2.8673197276663445e-06
CSASLSRSTDTQYF	1.479473947550881e-09
CASSLDRSTDTQYF	1.9117315252917442e-07
CASSLGGAGAYEQYF	6.625841531121162e-08
CASSLGGQGAYEQYF	1.8988333652348357e-07
CASSLGGGEQFF	6.190296205523e-07
CASSLRGGEQFF	3.6285807182610853e-07
CASSLQGGEQYF	3.989546121935466e-07
CATSQRDTEAFF	7.883231419968209e-09
CASSSRDTEAFF	9.34883688860543e-07
CASSLFRTDTQYF	7.098965966580629e-08
CASSLERTDTQYF	2.2090526162699126e-07
CASSTGINQPQHF	1.2406753588498093e-07
CASSTGPNQPQHF	2.7714334449714276e-07
CASSSRGYNEQFF	8.049851329908958e-07
CASSSRSYNEQFF	4.970255026002634e-07
CASSLVTDTQYF	5.039445141897394e-07
CASSPVTDTQYF	2.7652767274990397e-07
CASSDSGTSTDTQYF	4.454665458919441e-08
CASSVSGTSTDTQYF	3.6513544596356444e-08
CASSLGLAGYNEQFF	5.833326872116104e-07
CASSLGLAAYNEQFF	1.458187554011779e-07
CSVAGGANYGYTF	1.2643822379031619e-08
CASRGGANYGYTF	3.583153605240934e-07
CASSSDSEAFF	1.6271952780550755e-07
CASSSRSEQFF	1.3378187508769755e-07
CASSLLGEQYF	4.924171100551893e-07
CASSLLHEQYF	2.2058294004823705e-07
CASRGLARYNEQFF	2.5901477403515284e-08
CSARGLAEYNEQFF	8.194229288873118e-09
CASSLGGRETQYF	9.281502968470828e-07
CASSLGGPETQYF	5.665283156316673e-07
CSASGGEQYF	2.0596915927934416e-07
CASSSGEQFF	7.621964254888947e-07
CASSSGELFF	4.809858766479845e-07
CASSLYGSSTDTQYF	7.380096819666836e-09
CASSLGGSSTDTQYF	2.017042193647321e-07
CASSLGGSSTDTQYF	2.017042193647321e-07
CASSLGTGSNQPQHF	5.787682985907028e-07
CASSLGTGNNQPQHF	5.852541988114269e-08
CASSTGLTYEQYF	1.224403194037557e-07
CASSLGLTYEQYF	3.638290515435538e-07
CASSLGQSTDTQYF	1.673551165515664e-07
CASSLGQYTDTQYF	2.7601549763955204e-08
CASSLGQYTDTQYF	2.7601549763955204e-08
CASSRTDTQYF	1.7119205680377117e-06
CASSFTDTQYF	3.621438084652121e-07
CASSFTDTQYF	3.621438084652121e-07
CASSSTDTQYF	1.4988011619225659e-06
CASSSTDTQYF	1.4988011619225659e-06
CASSSRYNEQFF	8.514394870563273e-07
CASSSRYNEQFF	8.514394870563273e-07
CASSSRYNEQFF	8.514394870563273e-07
CASSSRYNEQFF	8.514394870563273e-07
CASSSRHNEQFF	2.2979979452174508e-07
CAWSRQGYNEQFF	9.632277904456726e-09
CASSVQGYNEQFF	1.3948364940041784e-07
CASSLAGGAETQYF	1.374431954912334e-07
CASSLAGGRETQYF	2.335487122295815e-07
CASSRGETQYF	3.799582853898479e-06
CAISEGETQYF	4.394762660334661e-08
CASSFGETQYF	5.00742489017941e-07
CASSPLGYEQYF	8.683059410625661e-07
CASSLLGYEQYF	1.1924625255727316e-06
CSARDTGDTEAFF	2.563051011680178e-08
CSARGTGDTEAFF	6.522875539393817e-08
CSASGTGSYEQYF	8.497525411980282e-08
CASSGDGSYEQYF	2.114107274453927e-07
CQHRGLGTDTQYF	7.68177400420997e-12
CSARGLSTDTQYF	5.648807898286836e-08
CASSLRGGTDTQYF	9.680418906120624e-07
CASSFRGGTDTQYF	4.7606303475274334e-07
CAWSRRDEQFF	1.2394889874652164e-08
CASSRRNEQFF	9.336839376688951e-07
CASSLTGNEQFF	5.945343500715041e-07
CASSLTRNEQFF	2.59504220233898e-07
CASSLTRNEQFF	2.59504220233898e-07
CASSLTRNEQFF	2.59504220233898e-07
CASSLTRNEQFF	2.59504220233898e-07
CASSLTRNEQFF	2.59504220233898e-07
CASSLTRNEQFF	2.59504220233898e-07
CASSQDPNTEAFF	8.552796776163091e-08
CASSLDPNTEAFF	1.196490843332197e-07
CASSLDRGNQPQHF	1.296431541113428e-06
CASSIDRGNQPQHF	1.5810695420048136e-07
CASSSFYEQYF	4.135203734189173e-07
CASSSMYEQYF	6.920889878538455e-08
CASSSHYEQYF	6.187561034672886e-07
CASSQGNTIYF	4.329901052103216e-07
CASSQGHTIYF	4.8437324908413265e-08
CASSSLTGELFF	2.926415930710043e-07
CASSFLTGELFF	1.4494670412030668e-07
CASSRRGETQYF	1.070649537570662e-06
CASSGRGETQYF	1.1931331952857928e-06
CSARDRANSPLHF	2.8341234586754066e-08
CSARDRDNSPLHF	4.576843422948323e-08
CAWSGGQGGTEAFF	3.878913682964588e-09
CASSWGQGGTEAFF	5.887526612734709e-08
CASSRLAAYNEQFF	1.6354019230904355e-07
CASSRLAAYNEQFF	1.6354019230904355e-07
CASSRLAAYNEQFF	1.6354019230904355e-07
CAWSVLAAYNEQFF	5.830156215631671e-09
CASSLGPGNYGYTF	1.4380592338279798e-07
CASSLGQGNYGYTF	7.102988178620531e-07
CASSLGQGSGELFF	1.0929599463518246e-07
CASSLGQGYGELFF	1.6083517437212227e-08
CASSQGSEQYF	4.7456042993695365e-07
CASSQGAEAFF	7.550910872871915e-07
CASSQGLEAFF	1.5122386519629887e-07
CASSLRADTQYF	7.030224361294812e-07
CASSLLADTQYF	4.62167559236816e-07
CASSQVGGEQYF	1.269258611724937e-07
CASSQQGGEQYF	1.1198751773171067e-07
CASSPPSGELFF	8.270239934263385e-08
CASSPPAGELFF	1.0743604247515824e-07
CASSRGRQETQYF	7.066523583718147e-07
CASSLGRQETQYF	7.921236288121963e-07
CASSEELNTEAFF	5.129533406939296e-08
CASSESLNTEAFF	8.353347517502698e-08
CASSLGGGYTEAFF	1.5022030185754736e-07
CASSLGGGNTEAFF	1.1194872318275605e-06
CASSVQGGYEQYF	3.0190789769721577e-07
CASSSQGGYEQYF	5.959814995284873e-07
CSATEGTDTQYF	2.8318814796822532e-08
CSASEGTDTQYF	4.929751950357643e-08
CASIQGAEAFF	6.637310715736907e-08
CASSQGAEAFF	7.550910872871915e-07
CSARDRGSYEQYF	3.514572156404402e-07
CSASDRGSYEQYF	5.711353506949767e-08
CASSSSGQETQYF	5.683322196660043e-07
CATSISGQETQYF	3.1454258463574344e-09
CASSPPGIYGYTF	5.284499454834327e-08
CASSPPGTYGYTF	1.3250002033638092e-07
CASSLTGGTTEAFF	4.493545636092298e-08
CASSLTGGNTEAFF	7.466219904673995e-07
CASSSGTGGLEQYF	1.303382803844529e-08
CASSSGTGGNEQFF	9.169923745595118e-08
CASSLGDEQYF	2.0963706761461702e-06
CASSLGDTQYF	1.054481781996155e-06
CASSPPPNTEAFF	6.349018803785332e-08
CASSPGPNTEAFF	5.880146664707086e-07
CASSFSGGYNEQFF	1.6390073676862165e-07
CASSISGGYNEQFF	6.548160514292823e-08
CASSLGGPEAFF	4.181346431317005e-07
CASSTGGPEQFF	6.157680335547222e-08
CASSPGQGGGELFF	6.428542133175353e-08
CASSPGQGAGELFF	1.4214259643920325e-07
CASSTGTANTGELFF	4.941796587001971e-08
CASSLGTANTGELFF	1.4315303628212225e-07
CASSSLGTEAFF	2.2799482705583745e-07
CASSSGGTEAFF	1.3419919687471073e-06
CASSSGLNQPQHF	3.226092868173185e-07
CASSAGLNQPQHF	1.8488498247474462e-07
CASSADGNQPQHF	8.692316522086471e-08
CASSLDGNQPQHF	3.114122002412578e-07
CASSFDRNQPQHF	1.1891774271361915e-07
CASSPDRNQPQHF	3.87321677353427e-07
CASSPKGGTEAFF	8.893492324021654e-08
CASSPQGGTEAFF	3.696916117186092e-07
CASSPQGGTEAFF	3.696916117186092e-07
CASSLTRGTEAFF	1.916170016728976e-07
CASSLARGTEAFF	4.0988269563761194e-07
CASSWGTDTQYF	7.457671983043702e-07
CASSRGTDTQYF	3.1899707190433013e-06
CSASEGTDTQYF	4.929751950357643e-08
CASSLQGGNTEAFF	5.293647008917486e-07
CASSRQGGNTEAFF	5.382655696912343e-07
CASSLLHEQYF	2.2058294004823705e-07
CASSLGHEQYF	1.2342604100792373e-06
CASSLFYEQYF	4.4053753507869805e-07
CASSLVYEQFF	1.488869656194902e-07
CASSLGYEQYF	4.31840348797094e-06
CASSLGYEQYF	4.31840348797094e-06
CASSGQGNTGELFF	4.799971674630313e-07
CASRGQGNTGELFF	2.1683735204218873e-07
CAWSVGATNEKLFF	1.0499735137070949e-08
CARSSGATNEKLFF	1.9556442084019164e-09
CASSLGQGAYEQYV	3.07210373765677e-16
CASSLFQGAYEQYF	4.488253214378629e-08
CASSQQGAEAFF	1.0196394342026358e-07
CASSQQGGEQYF	1.1198751773171067e-07
CASSSVQETQYF	2.8166234931210914e-07
CASSEVQETQYF	1.445755720275198e-07
CASSSGPSTDTQYF	2.4341369208302774e-07
CSASSGTSTDTQYF	1.814645353888401e-08
CASSLQGNYGYTF	7.356519595152528e-07
CASSLLGNYGYTF	2.2922950536225977e-07
CASSFGYSYEQYF	5.269951583099797e-08
CASSFGSSYEQYF	2.817738627463452e-07
CASSAGGTQYF	1.7096467867111465e-07
CASSLGGTRFF	1.9044845943823367e-09
CASSPGQGISYEQYF	6.802122567943735e-08
CASSPGQGYSYEQYF	5.634415229552899e-08
CASSLRTEAFF	9.419803472181325e-07
CASSLRREAFF	1.786152557753558e-07
CASSLGLSEQFF	5.569744878192618e-08
CASSLGTSEAFF	1.1695809750292034e-07
CASSLSLYNEQFF	1.44851252621801e-07
CASSLSGYNEQFF	5.238492060489232e-07
CSARTSDSYEQYF	7.795234733643826e-09
CSARTSGSYEQYF	1.4554053479947916e-07
CASSFTYEQYF	7.898947549498905e-07
CASSFGYEQFF	8.28997219090631e-08
CASSPNTEAFF	7.25352076442792e-07
CASSLNTEAFF	1.2330605742788922e-06
CASSSNTEAFF	8.482347674352242e-07
CASSRVGETQYF	2.404085668726676e-07
CASSRRGETQYF	1.070649537570662e-06
CASSPGSYEQYF	3.168419206992098e-06
CASSRGSYEQYF	5.338543254715772e-06
CASSQGSYEQYF	2.884173063690224e-06
CASSQGSYEQYF	2.884173063690224e-06
CAVARGNYGYTF	1.0187557636547354e-09
CSLNRGNYGYTF	6.101161759907238e-10
CASSPGRDTQYF	4.688423444620265e-07
CSASPGADTQYF	3.849746573915562e-08
CASSPPGPEQYF	1.1570933195201934e-07
CASSPPGHEQYF	3.077693009691649e-07
CASSQGTQETQYF	2.152644949096384e-07
CASSQGGQETQYF	9.419556872762026e-07
CAWSVGGGQFF	2.1706548470482263e-09
CASSVGYGYTF	5.210711649055604e-07
CASSPGSLELFF	1.7201538064851221e-09
CASSPGSYEQYF	3.168419206992098e-06
CASSPGGEYGYTF	6.780053593712387e-08
CASSPGGVYGYTF	2.1427381974466074e-07
CASSPQNTEAFF	5.275370127980819e-07
CASSYQNTEAFF	2.0026648185770003e-07
CASSRGQGGYGYTF	1.8998147654289602e-07
CASSPGQGGYGYTF	4.21711776330594e-07
CASSLGGTRFF	1.9044845943823367e-09
CASSLGDTQYF	1.054481781996155e-06
CASSIDLNTEAFF	3.349366394165327e-08
CASSRDLNTEAFF	2.877933098739961e-07
CASRRGSTDTQYF	3.996222647973926e-07
CASRRQSTDTQYF	4.747615358200875e-08
CASSLEGDYGYTF	2.6505468328516026e-07
CASSLEGSYGYTF	1.6532304297564635e-07
CSASVGTGNQPQHF	4.706458238578498e-09
CASSTGTGNQPQHF	3.2748672947230337e-07
CATSGQGSNQPQHF	7.443352745309248e-08
CASSPQGSNQPQHF	7.145609884958388e-07
CASSQTNTGELFF	1.3529814982667272e-07
CASSTTNTGELFF	1.3922878943338233e-07
CASSPRLNTEAFF	4.3808103969446593e-07
CASSPQLNTEAFF	1.466137657878705e-07
CASSPGAQETQYF	3.938061110174251e-07
CASSPGQQETQYF	3.4445993080687195e-07
CSARGTYEQYF	5.754735554831299e-07
CASRGTGELFF	1.2134726619533626e-06
CASSRRGNEQFF	6.800502296663651e-07
CASSRGGNEQFF	1.824828047028283e-06
CASSRDYNEQFF	8.252536914105155e-07
CAWSRSYNEQFF	2.7226801124576288e-08
CASSSFYEQYF	4.135203734189173e-07
CASSLFYEQYF	4.4053753507869805e-07
CASSLGGGSYEQYF	1.7130307939038237e-06
CASSLGGGLYEQYF	2.927418827504277e-07
CASSLGYNEQFF	1.7036586854953521e-06
CASSLGYNEQFF	1.7036586854953521e-06
CASSLEYNEQFF	4.342637428291316e-07
CASSQGGADTQYF	3.612510045290762e-07
CASSVGGADTQYF	2.6630902483147736e-07
CAISRTGNTEAFF	1.4951346247228215e-08
CASSRTGRTEAFF	2.189593073505762e-07
CASSTGTANTEAFF	5.324216436138028e-08
CAISVGTANTEAFF	1.0706104009473032e-09
CASSLGGGNTEAFF	1.1194872318275605e-06
CASSLGGANTEAFF	3.9189289806785234e-07
CSASTGTGPYEQYF	4.650033672286595e-09
CAISTGTGSYEQYF	3.1461988522250846e-09
CASSPGANVLTF	1.005198328286811e-07
CASSPGANVLTF	1.005198328286811e-07
CASSSGANVLTF	2.6357063204422e-07
CSARENTGELFF	6.823565568099123e-08
CSVHENTGELFF	8.157731080056424e-10
CASSLGATEAFF	7.187903411914718e-07
CASSLGAYEQYF	3.6450775228351224e-06
CASSLQGAGEQYF	5.838002213748653e-08
CASSLTGAGELFF	2.141390331092872e-07
CASSLTGAGELFF	2.141390331092872e-07
CASSLTGAGELFF	2.141390331092872e-07
CASSLTGAGELFF	2.141390331092872e-07
CASSLGTSGYEGFF	7.44655152426471e-13
CASSEGTSGYEQYF	1.2066944809447537e-07
CASSYDTEAFF	2.3548275294669833e-07
CASSYGTELFF	9.218235389500525e-09
CASSSQYNEQFF	1.4091076046627407e-07
CASSSRYNEQFF	8.514394870563273e-07
CASSSRYNEQFF	8.514394870563273e-07
CASSSRYNEQFF	8.514394870563273e-07
CASSSRYNEQFF	8.514394870563273e-07
CASSPQGGTEAFF	3.696916117186092e-07
CASSPQGGTEAFF	3.696916117186092e-07
CASSGQGGTEAFF	5.516838606487789e-07
CASIGNTEAFF	2.205179894378208e-07
CASRGNTEAFF	2.4803740057932888e-06
CAWMGNTEAFF	7.021406739037698e-09
CASSLGGGNTEAFF	1.1194872318275605e-06
CASSLGQGNTEAFF	1.3828384191009412e-06
CASSLELGEQYF	5.552886836358126e-08
CSASLSLGELFF	5.386584556825855e-10
CASSLDRAYEQYF	1.4857973486235127e-06
CASSRDRAYEQYF	1.3877767557164767e-06
CASSSLTGELFF	2.926415930710043e-07
CASSSGTGELFF	1.2132962443869848e-06
CASSLRGNTIYF	5.082256429305557e-07
CASSLPGNTIYF	2.2276277129423607e-07
CASSLTRNEQFF	2.59504220233898e-07
CASSLTRNEQFF	2.59504220233898e-07
CASSLTRNEQFF	2.59504220233898e-07
CASSLTRNEQFF	2.59504220233898e-07
CASSLTRNEQFF	2.59504220233898e-07
CASSLTRNEQFF	2.59504220233898e-07
CASSLGRNEQFF	7.253639827230736e-07
CSASSGNTEAFF	7.496867048571782e-08
CASSSGGTEAFF	1.3419919687471073e-06
CASSSGGYEQYF	3.678264556698634e-06
CASSSGGTEAFF	1.3419919687471073e-06
CQHRGLGTDTQYF	7.68177400420997e-12
CSARGVGTDTQYF	4.097302169077339e-08
CASSLGAGTEAFF	3.0083207008067223e-07
CASSLGLGTEQFF	1.1664120022972221e-08
CASSLGDSNQPQHF	9.553717836142586e-07
CASSLGYSNQPQHF	6.5158323286818e-07
CASSPTGAGEQYF	2.351587968253488e-08
CASSLTGAGELFF	2.141390331092872e-07
CASSLTGAGELFF	2.141390331092872e-07
CASSLTGAGELFF	2.141390331092872e-07
CASSLTGAGELFF	2.141390331092872e-07
CASSLGRNTEAFF	1.2614990907010955e-06
CASSLQRNTEAFF	2.0321625194067328e-07
CASSPAETSTF	1.3110929475856408e-11
CASSPQETQYF	8.457013626347663e-07
CASSGDGYEQYF	4.326596728781938e-07
CASSFDGYEQYF	1.319444747975127e-07
CASSPGTSYEQYF	1.057998589092515e-06
CASSPGTTYEQYF	3.1652858577473047e-07
CASSLGGSSYEQYF	1.2667548113223602e-06
CASSLGGGSYEQYF	1.7130307939038237e-06
CASSPGQGAYEQYF	8.202346285116741e-07
CASSPGQGAGELFF	1.4214259643920325e-07
CASSPGHGYTF	7.348230950063894e-07
CASSPGVGYTF	4.4711799088492365e-07
CASSPGTAYGYTF	1.3245798720897154e-07
CASSAGTAYGYTF	6.280218598784969e-08
CASSAGTAYGYTF	6.280218598784969e-08
CASSLTGSSYNEQFF	2.5235009888423224e-07
CASSSTGSSYNEQFF	1.3171383895173178e-07
CASSLTSTDTQYF	6.276982631381304e-07
CASSLWSTDTQYF	6.885014592281967e-08
CSASTGTGPYEQYF	4.650033672286595e-09
CASSRGTGPYEQYF	1.372232525546562e-07
CASSLSQETQYF	5.797791615264615e-07
CASSRSQETQYF	5.372897643884944e-07
CASSESLNTEAFF	8.353347517502698e-08
CASSISLNTEAFF	5.5722187615778994e-08
CASSRDSGYEQYV	2.309001596404111e-16
CSASRDRGYEQYF	1.0138435796199345e-07
CSVSPGGSSYNEQFF	9.817164501748533e-10
CASSFGGSSYNEQFF	1.62122617128135e-07
CATSSFQETQYF	5.194889875750265e-09
CASSSVQETQYF	2.8166234931210914e-07
CASSQGSYEQYF	2.884173063690224e-06
CASSQGSYEQYF	2.884173063690224e-06
CASSQGYYEQYF	4.201748277641511e-07
CAWSPQGNTEAFF	2.0058229872798677e-08
CSASPLGNTEAFF	8.826034918510236e-09
CASSLDSNQPQHF	9.588572378384398e-07
CASSLASNQPQHF	5.472997644742352e-07
CASTRSYEQYF	7.701730840834608e-07
CASTDSYEQYF	6.252252666109449e-07
CASSSGGYEQYF	3.678264556698634e-06
CSASSPGYEQYF	1.971590845263019e-08
CASSQDLGNTEAFF	7.596533816939169e-08
CASSQDQGNTEAFF	1.5629918364421916e-07
CASSLIGGSYEQYF	1.336555220415549e-07
CASSLGGGSYEQYF	1.7130307939038237e-06
CASSVSGSSYNEQFF	8.142971055284493e-08
CASSFSGSSYNEQFF	1.3843622350142034e-07
CASSRGGQETQYF	1.6873507549964337e-06
CASSQGGQETQYF	9.419556872762026e-07
CASSQGSYEQYF	2.884173063690224e-06
CASSQGSYEQYF	2.884173063690224e-06
CASSQSSYEQYF	6.326736202739432e-07
CARSLADTQYF	1.2814240744452926e-08
CASSLGDTQYF	1.054481781996155e-06
CASSFGHEQYF	2.6378366433674594e-07
CASSLGHEQYF	1.2342604100792373e-06
CASSGQETQYF	2.142402619212174e-06
CASRGQETQYF	2.1240329710573752e-06
CASSGGGSYNEQFF	9.887660816922883e-07
CASSPGGSYNEQFF	8.193041730122388e-07
CASSLLGSSYEQYF	2.637444485955187e-07
CASSLGGSSYEQYF	1.2667548113223602e-06
CASSFFGEAFF	1.0673724129740394e-08
CASSFTGELFF	2.0751099633392206e-07
CASSLQSSYEQYV	2.7873530758464337e-16
CASSLESSYEQYF	3.588940392579842e-07
CAWSSGYYNEQFF	1.8973810485067072e-09
CSASSGGYNEQFF	5.90500804940728e-08
CSASKGQGPYEQYF	2.9847147397936604e-09
CASSAGQGPYEQYF	1.257902130807537e-07
CASSAGTGAYEQYF	2.2299714567926933e-07
CASSQGTGAYEQYF	2.152049806134208e-07
CASSWGGDEQFF	2.946645518961576e-07
CASSIGGDEQFF	1.2143395324321642e-07
CSARDAEAFF	2.9218769725070285e-08
CSARDGEQFF	3.444343116207432e-08
CASSLGGEQFF	9.409685480904555e-07
CASSLGGTRFF	1.9044845943823367e-09
CASSLQGREQYF	1.7678773107852507e-07
CASSLQGGEQYF	3.989546121935466e-07
CASSKGLSYEQYF	1.7467872820102082e-07
CASSAGLSYEQYF	2.754871400951087e-07
CASSLGGTYEQYF	1.5681615943240836e-06
CASSLGLTYEQYF	3.638290515435538e-07
CASSEGQGTYEQYF	1.4409098265726986e-07
CASSPGQGTYEQYF	4.645260026173702e-07
CASSPGSYEQYF	3.168419206992098e-06
CASSPPSYEQYF	7.260587475979205e-07
CASSLETDTQYF	3.0746340700949704e-07
CASSLVTDTQYF	5.039445141897394e-07
CATSKTGGYEQYF	9.965098697804701e-09
CASSSTGGYEQYF	7.087448670088085e-07
CASSLGTAYEQYF	9.676361268282483e-07
CASSLGRAYEQYF	1.3354166856845045e-06
CASRGGGYEQYF	2.1565982317725786e-06
CSAREGGYEQFF	1.4292251622688349e-08
CSAREGGYEQFF	1.4292251622688349e-08
CASSLTGSSYNEQFF	2.5235009888423224e-07
CASSLYGSSYNEQFF	3.145152239519182e-08
CASSWGSEQFF	8.190915959627961e-08
CASSWGNEQYF	3.699689145698245e-07
CASSLESYEQYF	6.759749516780507e-07
CASSLSSYEQYF	1.7360108772173422e-06
CSAAQGNEQYF	8.468602626946502e-09
CASTQGNEQFF	1.522310673360447e-07
CASSPITDTQYF	1.8135803765500336e-07
CASSPVTDTQYF	2.7652767274990397e-07
CASSYGGEAFF	1.7689852741486904e-07
CASSYGGEAFF	1.7689852741486904e-07
CASSYPGELFF	7.831608187724718e-08
CASRRGSTDTQYF	3.996222647973926e-07
CSVDRGSTDTQYF	2.4084290085377512e-08
CATSQSTEAFF	9.582284475051436e-09
CAISESTEAFF	1.5387704377693725e-08
CSARGTYEQYF	5.754735554831299e-07
CSVRDTYEQYF	2.1368705936053724e-08
CASSYDTEAFF	2.3548275294669833e-07
CASSLDTEAFF	9.447014248623037e-07
CASRTTNTEAFF	1.1939690440038987e-07
CASRTRNTEAFF	3.1236636125693613e-07
CASRTRNTEAFF	3.1236636125693613e-07
CASRTRNTEAFF	3.1236636125693613e-07
CASRTRNTEAFF	3.1236636125693613e-07
CASSPSNTEAFF	3.260966681842578e-07
CASSPQNTEAFF	5.275370127980819e-07
CSARDRSSYEQFF	5.435766360989131e-10
CASRDFSSYEQYF	1.7724218326101243e-08
CASSLGLAGYNEQFF	5.833326872116104e-07
CSASGGLAGYNEQFF	5.5306476146672814e-09
CAWSVTYEQYF	4.854437340994316e-08
CASSVVYEQYF	2.9735556074067134e-07
CSAEGGGELFF	1.5180212519588074e-08
CASRGGGEQYF	8.753019941653049e-07
CASSPGTSYEQYF	1.057998589092515e-06
CASSPGASYEQYF	7.837677837565882e-07
CASRTGPNTEAFF	2.2709777149963112e-07
CSARTGSNTEAFF	3.9075442810405455e-08
CSGLSGSSYNEQFF	7.661219894459338e-10
CSVFSGSSYNEQFF	1.2008612694466633e-09
CRFGHLNTEAFF	2.002612379538338e-11
CSGGGLNTEAFF	2.7447126562580296e-08
CASSFGMNTEAFF	1.4195327138109696e-07
CASSVGMNTEAFF	2.3251432402096036e-07
CASSLGVNTEAFF	1.0002407005060975e-06
CASSLGVNTEAFF	1.0002407005060975e-06
CATSVGVNTEAFF	2.086104368172499e-08
CASRGGGEQYF	8.753019941653049e-07
CASRGTGELFF	1.2134726619533626e-06
CASSRSQETQYF	5.372897643884944e-07
CASSRTQETQYF	5.951568978902458e-07
CASRGYSTDTQYF	4.356654076114618e-08
CSARGLSTDTQYF	5.648807898286836e-08
CASSPGQGAYEQYF	8.202346285116741e-07
CASSPGQGTYEQYF	4.645260026173702e-07
CASSGGNTEAFF	3.0710761547584988e-06
CAWGGGNTEAFF	3.549887006952548e-08
CSWRLAGIYEQYF	2.4790899772103345e-11
CAVRLAGAYEQYF	2.711497637929023e-09
CASSYGGEAFF	1.7689852741486904e-07
CASSYGGEAFF	1.7689852741486904e-07
CASSYGTELFF	9.218235389500525e-09
CASSGYEQFF	3.9524851629793946e-07
CSASGGEQYF	2.0596915927934416e-07
CASRRGGEQYF	5.444386509867028e-07
CASRGGGEQYF	8.753019941653049e-07
CASRGNTEAFF	2.4803740057932888e-06
CASRGDTEAFF	1.4258926062543018e-06
CASSRNNEQFF	6.098780264613046e-07
CASSRNNEQFF	6.098780264613046e-07
CASSRNNEQFF	6.098780264613046e-07
CASSRNNEQFF	6.098780264613046e-07
CASSRNNEQFF	6.098780264613046e-07
CASSRNNEQFF	6.098780264613046e-07
CASSRNNEQFF	6.098780264613046e-07
CASSRNNEQFF	6.098780264613046e-07
CASSRNNEQFF	6.098780264613046e-07
CASSRRNEQFF	9.336839376688951e-07
CASSLSGTEAFF	5.588698101052583e-07
CASSLGGTEAFF	2.134339739369543e-06
CASSSINEQFF	1.798885303110196e-07
CASSSYNEQFF	1.4911543974193252e-06
CAWGGGNTEAFF	3.549887006952548e-08
CSGGGLNTEAFF	2.7447126562580296e-08
CASSLGATEAFF	7.187903411914718e-07
CASSLGGTEAFF	2.134339739369543e-06
CAWSVRGNTEAFF	7.006784724031368e-08
CASSFRGNTEAFF	9.821494005700362e-07
CASSFRGNTEAFF	9.821494005700362e-07
CASSLGQGAYEQYV	3.07210373765677e-16
CASSPGQGAYEQYF	8.202346285116741e-07
CASSQGSEQYF	4.7456042993695365e-07
CASSWGSEQFF	8.190915959627961e-08
CASYRGYEQYF	1.7915940645394805e-07
CASFRGYEQYF	1.6323631478820057e-07
CASSFTYEQYF	7.898947549498905e-07
CAWSVTYEQYF	4.854437340994316e-08
CASSADRGYEQYF	3.397463978741718e-07
CSASRDRGYEQYF	1.0138435796199345e-07
CASSLLETQYF	8.648928909066255e-07
CASSLTETQYF	7.892154064556949e-07
CSASRDRGYEQYF	1.0138435796199345e-07
CASSRDRAYEQYF	1.3877767557164767e-06
CASSTDTQYF	8.481795865982738e-07
CASSTDTQYF	8.481795865982738e-07
CASSTDTQYF	8.481795865982738e-07
CASSTDTQYF	8.481795865982738e-07
CASSTDTQYF	8.481795865982738e-07
CASSTDTQYF	8.481795865982738e-07
CASSTDTQYF	8.481795865982738e-07
CASSTDTQYF	8.481795865982738e-07
CRPDTDTQYF	2.684101970157462e-09
CASGSQETQYF	1.6682117349140712e-07
CSEGRQETQYF	1.3754999104716421e-08
CAWGGGNTEAFF	3.549887006952548e-08
CAIGWGNTEAFF	3.6870173646247885e-09
CASRGAYEQYF	3.4028558846809e-06
CSARGTYEQYF	5.754735554831299e-07
CASSVGGNTEAFF	6.898122210834099e-07
CASSIGGNTEAFF	3.311991343034987e-07
CASSSGLEQYF	3.793807094292174e-07
CASSSGREQYF	6.039420310401039e-07
CASSLSSYEQYF	1.7360108772173422e-06
CASSQSSYEQYF	6.326736202739432e-07
CASSPGNEQFF	1.4197031635602478e-06
CASSPGAEQYF	5.383355699562979e-07
CASSSGGTEAFF	1.3419919687471073e-06
CASSLGGTEAFF	2.134339739369543e-06
CASSSYNEQFF	1.4911543974193252e-06
CASSGYNEQFF	1.4027955560309056e-06
CASSQTGELFF	3.0628826315874067e-07
CASSFTGELFF	2.0751099633392206e-07
CASSLLGEQYF	4.924171100551893e-07
CASSLGGEQFF	9.409685480904555e-07
CASRGNTEAFF	2.4803740057932888e-06
CASRQNTEAFF	5.768760420349439e-07
CASSVGTEQFF	7.382459453474562e-08
CASSYGTELFF	9.218235389500525e-09
CASSPGNEQFF	1.4197031635602478e-06
CASSWGNEQYF	3.699689145698245e-07
CASSTSTDTQYF	7.397126914219461e-07
CASSFSTDTQYF	4.706593077669547e-07
CASSLGGEQFF	9.409685480904555e-07
CASSYGGEAFF	1.7689852741486904e-07
CASSYGGEAFF	1.7689852741486904e-07
CASSFGYEQFF	8.28997219090631e-08
CASSLGYEQYF	4.31840348797094e-06
CASSLGYEQYF	4.31840348797094e-06
CASSQTSGGNEQFF	5.795322958145042e-08
CASSQTSGGNEQFF	5.795322958145042e-08
CASSYFGGLAFF	1.091424789149371e-09
CASSYFGGLAFF	1.091424789149371e-09
CASSSLPRESGYTF	2.145914625275251e-10
CASSSLPRESGYTF	2.145914625275251e-10
CASSPHPGQPQHF	1.2206608300958182e-08
CASSPHPGQPQHF	1.2206608300958182e-08
CASSYQGTSPLHF	9.757573592171419e-09
CASSYQGTSPLHF	9.757573592171419e-09
CASSYQGTSPLHF	9.757573592171419e-09
CATSDLGAGDTDTQYF	8.400904055736633e-10
CATSDLGAGDTDTQYF	8.400904055736633e-10
CATSRGTVSYEQYF	7.845516260007856e-09
CATSRGTVSYEQYF	7.845516260007856e-09
CATSRGTVSYEQYF	7.845516260007856e-09
CATSRGTVSYEQYF	7.845516260007856e-09
CATSRGTVSYEQYF	7.845516260007856e-09
CATSRGTVSYEQYF	7.845516260007856e-09
CASSSPRASTYEQYF	1.23157317247877e-09
CASSSPRASTYEQYF	1.23157317247877e-09
CASSLTSGETQYF	4.1896685081242546e-07
CASSLTSGETQYF	4.1896685081242546e-07
CASSDGRGLHSNQPQHF	4.729310123291532e-10
CASSDGRGLHSNQPQHF	4.729310123291532e-10
CASSQGGTPLHF	1.4174287613311987e-08
CASSQGGTPLHF	1.4174287613311987e-08
CASSVWDGGMGDYGYTF	1.152283074028497e-13
CASSVWDGGMGDYGYTF	1.152283074028497e-13
CASSVWDGGMGDYGYTF	1.152283074028497e-13
CASSVWDGGMGDYGYTF	1.152283074028497e-13
CASSVAAGQETQYF	2.5540157814373285e-08
CASSVAAGQETQYF	2.5540157814373285e-08
CASSSEQQGGYGYTF	1.6641965038789164e-10
CASSSEQQGGYGYTF	1.6641965038789164e-10
CASSSSGPIRNTEAFF	1.662972210600079e-10
CASSSSGPIRNTEAFF	1.662972210600079e-10
CASSHGQVGNYGYTF	1.485613629652232e-09
CASSHGQVGNYGYTF	1.485613629652232e-09
CSARAPGGGSGMETQYF	1.672031638162443e-13
CSARAPGGGSGMETQYF	1.672031638162443e-13
CASSVDYGGGANEQFF	1.3574248931579777e-11
CASSVDYGGGANEQFF	1.3574248931579777e-11
CASRPRTEPNTEAFF	3.3145761537413393e-10
CASRPRTEPNTEAFF	3.3145761537413393e-10
CASTRRPRDRLTGELFF	1.0996171313936128e-12
CASTRRPRDRLTGELFF	1.0996171313936128e-12
CASSSGTSSIGDTQYF	1.5595518547964586e-11
CASSSGTSSIGDTQYF	1.5595518547964586e-11
CASSSGTSSIGDTQYF	1.5595518547964586e-11
CASSSGTSSIGDTQYF	1.5595518547964586e-11
CATSDLVSGEDEQFF	9.628891230412071e-11
CATSDLVSGEDEQFF	9.628891230412071e-11
CASSVTSGGYNEQFF	5.103943108441095e-08
CASSVTSGGYNEQFF	5.103943108441095e-08
CASSSSGGASIQYF	2.1637382883497243e-10
CASSSSGGASIQYF	2.1637382883497243e-10
CASSLVTGTHYGYTF	3.5339508274945137e-09
CASSLVTGTHYGYTF	3.5339508274945137e-09
CASNLDRGGNQPQHF	4.218177883090024e-09
CASNLDRGGNQPQHF	4.218177883090024e-09
CASSSNRAVNEKLFF	8.980038625862554e-10
CASSSNRAVNEKLFF	8.980038625862554e-10
CSAPTPERGDTDTQYF	6.03264154850525e-13
CSAPTPERGDTDTQYF	6.03264154850525e-13
CASSTPGQALYEQYF	1.255669632425377e-09
CASSTPGQALYEQYF	1.255669632425377e-09
CASSTPGQALYEQYF	1.255669632425377e-09
CSASGPSGGRGDNSPLHF	9.708972512067391e-14
CSASGPSGGRGDNSPLHF	9.708972512067391e-14
CSASGPSGGRGDNSPLHF	9.708972512067391e-14
CASSGSGSGETQYF	1.1087275156723446e-08
CASSGSGSGETQYF	1.1087275156723446e-08
CASSLTRGLLNGYTF	1.848066789747181e-10
CASSLTRGLLNGYTF	1.848066789747181e-10
CASRIGGGGYTF	1.7025165608578927e-08
CASRIGGGGYTF	1.7025165608578927e-08
CASSQDPASGSYEQYF	5.2422406772967994e-09
CASSQDPASGSYEQYF	5.2422406772967994e-09
CASSQDPASGSYEQYF	5.2422406772967994e-09
CASSQDPASGSYEQYF	5.2422406772967994e-09
CASSQDPASGSYEQYF	5.2422406772967994e-09
CASRDGLAGITDTQYF	6.512219781301753e-10
CASRDGLAGITDTQYF	6.512219781301753e-10
CASRDGLAGITDTQYF	6.512219781301753e-10
CASSLLTGSGTEAFF	3.2147421385392156e-09
CASSLLTGSGTEAFF	3.2147421385392156e-09
CASSEDRGGETQYF	5.550050752674971e-08
CASSEDRGGETQYF	5.550050752674971e-08
CASMGSRWETQYF	5.951528198348704e-11
CASMGSRWETQYF	5.951528198348704e-11
CASMGSRWETQYF	5.951528198348704e-11
CASMGSRWETQYF	5.951528198348704e-11
CAWVLQGHGYGYTF	1.4300683041938227e-12
CAWVLQGHGYGYTF	1.4300683041938227e-12
CASSQDDDVGGDTQYF	4.843829006979574e-12
CASSQDDDVGGDTQYF	4.843829006979574e-12
CSAHQTYEQYF	3.6802978183121624e-09
CSAHQTYEQYF	3.6802978183121624e-09
CSAHQTYEQYF	3.6802978183121624e-09
CASSLISSTNEKLFF	2.6070789771444667e-09
CASSLISSTNEKLFF	2.6070789771444667e-09
CASSLISSTNEKLFF	2.6070789771444667e-09
CSATWGREAYEQYF	9.784500257931586e-11
CSATWGREAYEQYF	9.784500257931586e-11
CASSTQRLALDNEQFF	1.1538093764329317e-11
CASSTQRLALDNEQFF	1.1538093764329317e-11
CASSTGIFGYTF	4.1304026831916765e-09
CASSTGIFGYTF	4.1304026831916765e-09
CASSEALAGGTDTQYF	1.8632415985790895e-08
CASSEALAGGTDTQYF	1.8632415985790895e-08
CASSSDRETYGYTF	9.230770582033313e-09
CASSSDRETYGYTF	9.230770582033313e-09
CASSSDRETYGYTF	9.230770582033313e-09
CSARNPGLADWNEQFF	1.4297983353758396e-12
CSARNPGLADWNEQFF	1.4297983353758396e-12
CSARNPGLADWNEQFF	1.4297983353758396e-12
CASSLPSGRANEQFF	3.976283820738792e-09
CASSLPSGRANEQFF	3.976283820738792e-09
CASFSRSTGELFF	7.95781732886531e-10
CASFSRSTGELFF	7.95781732886531e-10
CASFSRSTGELFF	7.95781732886531e-10
CASFSRSTGELFF	7.95781732886531e-10
CASSPRQVYNEQFF	1.958944014770262e-08
CASSPRQVYNEQFF	1.958944014770262e-08
CASSLEGGRSTDTQYF	2.6095180027186678e-08
CASSLEGGRSTDTQYF	2.6095180027186678e-08
CASEPWVLSSYEQYF	2.5868134848164253e-12
CASEPWVLSSYEQYF	2.5868134848164253e-12
CASEPWVLSSYEQYF	2.5868134848164253e-12
CASSIRSSYEQYF	1.8046338411903988e-07
CASSIRSSYEQYF	1.8046338411903988e-07
CASSLGARGKNEQFF	6.730391563722508e-10
CASSLGARGKNEQFF	6.730391563722508e-10
CASSYGAGQGAWETQYF	6.616129670601795e-12
CASSYGAGQGAWETQYF	6.616129670601795e-12
CATGQGRTSEQYF	6.21224664809531e-11
CATGQGRTSEQYF	6.21224664809531e-11
CASSQGFQRGTNEQYF	1.7047817596949348e-12
CASSQGFQRGTNEQYF	1.7047817596949348e-12
CASKGLQGSQPQHF	2.2949964502761305e-10
CASKGLQGSQPQHF	2.2949964502761305e-10
CASKGLQGSQPQHF	2.2949964502761305e-10
CASSPGLAGDNEQFF	2.1679797570158246e-07
CASSPGLAGDNEQFF	2.1679797570158246e-07
CASSPGLAGDNEQFF	2.1679797570158246e-07
CASSPGLAGDNEQFF	2.1679797570158246e-07
CASSPGLAGDNEQFF	2.1679797570158246e-07
CASSPGLAGDNEQFF	2.1679797570158246e-07
CASSSPPGTSGRRSDTQYF	1.56335769635472e-11
CASSSPPGTSGRRSDTQYF	1.56335769635472e-11
CASSSPPGTSGRRSDTQYF	1.56335769635472e-11
CASHWGRDGDEQFF	1.1004921830150355e-12
CASHWGRDGDEQFF	1.1004921830150355e-12
CSASFVEQGESQPQHF	2.6011339133253046e-14
CSASFVEQGESQPQHF	2.6011339133253046e-14
CASSLGRGIPTYEQYF	3.889786274002559e-10
CASSLGRGIPTYEQYF	3.889786274002559e-10
CASSYNDVLGATDPMNTEAFF	2.9324775754109223e-18
CASSYNDVLGATDPMNTEAFF	2.9324775754109223e-18
CASSLSNREWSPLHF	2.0062414308245754e-11
CASSLSNREWSPLHF	2.0062414308245754e-11
CASSLSNREWSPLHF	2.0062414308245754e-11
CSARRTGTDTQYF	4.3572221691741575e-08
CSARRTGTDTQYF	4.3572221691741575e-08
CSVELAGSYEQYF	1.9368029483885952e-08
CSVELAGSYEQYF	1.9368029483885952e-08
CASSFDRIREKLFF	5.013742942504082e-10
CASSFDRIREKLFF	5.013742942504082e-10
CASSLGWGFGQPQHF	3.685090542322574e-10
CASSLGWGFGQPQHF	3.685090542322574e-10
CASRMSPGTGGNIQYF	1.824381107667058e-12
CASRMSPGTGGNIQYF	1.824381107667058e-12
CAVTGLTFADLQFF	3.127730296989263e-18
CAVTGLTFADLQFF	3.127730296989263e-18
CASSQRQDEAFF	5.865741173268879e-09
CASSQRQDEAFF	5.865741173268879e-09
CASSRPPAGDLANEQFF	4.857733641289194e-13
CASSRPPAGDLANEQFF	4.857733641289194e-13
CASSRPPAGDLANEQFF	4.857733641289194e-13
CSANRVDEQFF	2.9914572928480375e-09
CSANRVDEQFF	2.9914572928480375e-09
CASSQARTANTEAFF	7.274799749655008e-09
CASSQARTANTEAFF	7.274799749655008e-09
CASSSGTASYTDTQYF	1.5148176921151058e-10
CASSSGTASYTDTQYF	1.5148176921151058e-10
CASSQVSSQNPPDTQYF	7.379447174999544e-14
CASSQVSSQNPPDTQYF	7.379447174999544e-14
CASSYRWGMNTEAFF	5.2625549239167025e-09
CASSYRWGMNTEAFF	5.2625549239167025e-09
CASSQRPGGGNEQFF	2.081339033193692e-09
CASSQRPGGGNEQFF	2.081339033193692e-09
CASSGRDRGLFGLNTIYF	1.0608868633320078e-13
CASSGRDRGLFGLNTIYF	1.0608868633320078e-13
CASSGRDRGLFGLNTIYF	1.0608868633320078e-13
CASSGRDRGLFGLNTIYF	1.0608868633320078e-13
CASSGRDRGLFGLNTIYF	1.0608868633320078e-13
CATEVDSTNEKLFF	3.4492063932574975e-11
CATEVDSTNEKLFF	3.4492063932574975e-11
CASSPRDFNMSPLHF	2.323352876261332e-13
CASSPRDFNMSPLHF	2.323352876261332e-13
CASSPRDFNMSPLHF	2.323352876261332e-13
CATGGVPGETQYF	4.770370133776639e-10
CATGGVPGETQYF	4.770370133776639e-10
CSAARDSYSSYEQYF	3.7756623263434856e-11
CSAARDSYSSYEQYF	3.7756623263434856e-11
CSAARDSYSSYEQYF	3.7756623263434856e-11
CSAERTSGGTLQETQYF	1.0279794399614477e-12
CSAERTSGGTLQETQYF	1.0279794399614477e-12
CASSPQLSSDYGYTF	4.5996738000734504e-11
CASSPQLSSDYGYTF	4.5996738000734504e-11
CASSPQLSSDYGYTF	4.5996738000734504e-11
CSARGPSGGRGDSPLHF	1.1050354392819093e-12
CSARGPSGGRGDSPLHF	1.1050354392819093e-12
CSALPLSTDEQYF	9.34053353797794e-12
CSALPLSTDEQYF	9.34053353797794e-12
CASGKLGGAEQFF	5.652288508511669e-11
CASGKLGGAEQFF	5.652288508511669e-11
CASGKLGGAEQFF	5.652288508511669e-11
CASSQSESGGNYEQYF	2.2280314185147646e-11
CASSQSESGGNYEQYF	2.2280314185147646e-11
CASSQSESGGNYEQYF	2.2280314185147646e-11
CATSAARGDYGYTF	8.532256435396378e-10
CATSAARGDYGYTF	8.532256435396378e-10
CASSLDRGRNRNEQFF	1.4196869251116166e-10
CASSLDRGRNRNEQFF	1.4196869251116166e-10
CASSHMTGAAQETQYF	1.4796248850547007e-11
CASSHMTGAAQETQYF	1.4796248850547007e-11
CASSIRDSSYEQYF	9.694526336534488e-08
CASSIRDSSYEQYF	9.694526336534488e-08
CASSVDQGGGGELFF	3.240317991601178e-10
CASSVDQGGGGELFF	3.240317991601178e-10
CSVVPTLAGGGLTDTQYF	1.3000949125860786e-13
CSVVPTLAGGGLTDTQYF	1.3000949125860786e-13
CSVVPTLAGGGLTDTQYF	1.3000949125860786e-13
CASSFNQGAGGNQPQHF	1.8205229327778155e-10
CASSFNQGAGGNQPQHF	1.8205229327778155e-10
CASSPSGTVNTGELFF	6.363415309725107e-09
CASSPSGTVNTGELFF	6.363415309725107e-09
CASSLLPGQSFYNEQFF	4.33730699541099e-11
CASSLLPGQSFYNEQFF	4.33730699541099e-11
CASSLDSGGTDTQYF	5.823189994100131e-08
CASSLDSGGTDTQYF	5.823189994100131e-08
CASSTPYEQYF	5.803170489565791e-07
CASSTPYEQYF	5.803170489565791e-07
CASSALLTGFGNQPQHF	1.9066124460263417e-11
CASSALLTGFGNQPQHF	1.9066124460263417e-11
CASSALLTGFGNQPQHF	1.9066124460263417e-11
CASSQEGDSAYEQYF	4.766815716908622e-09
CASSQEGDSAYEQYF	4.766815716908622e-09
CASSQERADSNSPLHF	6.915823140766297e-11
CASSQERADSNSPLHF	6.915823140766297e-11
CASRRGQAIGGYTF	2.7497441304067585e-11
CASRRGQAIGGYTF	2.7497441304067585e-11
CASSSRDRGSYNEQFF	4.5672911416238796e-08
CASSSRDRGSYNEQFF	4.5672911416238796e-08
CASSSRDRGSYNEQFF	4.5672911416238796e-08
CASSVRMSSYNEQFF	3.773878889997769e-09
CASSVRMSSYNEQFF	3.773878889997769e-09
CASSVRMSSYNEQFF	3.773878889997769e-09
CASSYPWDSLWNQPQHF	2.7588546615550964e-12
CASSYPWDSLWNQPQHF	2.7588546615550964e-12
CAIRGYEGSPLHF	1.2136120506659752e-11
CAIRGYEGSPLHF	1.2136120506659752e-11
CAIRGYEGSPLHF	1.2136120506659752e-11
CAIRGYEGSPLHF	1.2136120506659752e-11
CAIRGYEGSPLHF	1.2136120506659752e-11
CASSTPRGSGDTYEQYF	3.5875765309386115e-12
CASSTPRGSGDTYEQYF	3.5875765309386115e-12
CASSTPRGSGDTYEQYF	3.5875765309386115e-12
CASSTPRGSGDTYEQYF	3.5875765309386115e-12
CASSTPRGSGDTYEQYF	3.5875765309386115e-12
CASSTPRGSGDTYEQYF	3.5875765309386115e-12
CASSLSKRGGTNEQFF	1.6137056866146873e-10
CASSLSKRGGTNEQFF	1.6137056866146873e-10
CSARVTGTTYNEQFF	4.722676992622774e-10
CSARVTGTTYNEQFF	4.722676992622774e-10
CSARVTGTTYNEQFF	4.722676992622774e-10
CSARVTGTTYNEQFF	4.722676992622774e-10
CSARVTGTTYNEQFF	4.722676992622774e-10
CSARVTGTTYNEQFF	4.722676992622774e-10
CSACRGLPGGETQYF	1.4228246128947292e-12
CSACRGLPGGETQYF	1.4228246128947292e-12
CASSPGFGGGGANVLTF	6.063984467359417e-11
CASSPGFGGGGANVLTF	6.063984467359417e-11
CASSDRADFSETQYF	1.7899457315972135e-11
CASSDRADFSETQYF	1.7899457315972135e-11
CASSLPPTKNTEAFF	2.1182222734047525e-09
CASSLPPTKNTEAFF	2.1182222734047525e-09
CASSQLSPGPRNTGELFF	9.71873977947953e-12
CASSQLSPGPRNTGELFF	9.71873977947953e-12
CASSQGWPYEQYF	3.0516621769904056e-08
CASSQGWPYEQYF	3.0516621769904056e-08
CASSQGWPYEQYF	3.0516621769904056e-08
CASSQGWPYEQYF	3.0516621769904056e-08
CASSETNSGANVLTF	8.347217423223104e-09
CASSETNSGANVLTF	8.347217423223104e-09
CASSIVRGELYNEQFF	7.993426182083341e-11
CASSIVRGELYNEQFF	7.993426182083341e-11
CASSIVRGELYNEQFF	7.993426182083341e-11
CASMGLAGQETQYF	1.989394164278547e-08
CASMGLAGQETQYF	1.989394164278547e-08
CASMGLAGQETQYF	1.989394164278547e-08
CASMGLAGQETQYF	1.989394164278547e-08
CASSGSRTGEFGYTF	3.478576895315375e-11
CASSGSRTGEFGYTF	3.478576895315375e-11
CASSALYNEQFF	2.211104425973651e-07
CASSALYNEQFF	2.211104425973651e-07
CASSALYNEQFF	2.211104425973651e-07
CASSALYNEQFF	2.211104425973651e-07
CSAPSTGTEAFF	4.1672970283911545e-09
CSAPSTGTEAFF	4.1672970283911545e-09
CASSPVAGAPGEQFF	2.939857261214319e-11
CASSPVAGAPGEQFF	2.939857261214319e-11
CASSDRSVVGYGYTF	3.966585416275638e-11
CASSDRSVVGYGYTF	3.966585416275638e-11
CASSIGEGDQPQHF	6.946569810095362e-09
CASSIGEGDQPQHF	6.946569810095362e-09
CASSIGEGDQPQHF	6.946569810095362e-09
CASSIGEGDQPQHF	6.946569810095362e-09
CAISRQVDQPQHF	6.65438032947622e-10
CAISRQVDQPQHF	6.65438032947622e-10
CAISRQVDQPQHF	6.65438032947622e-10
CAISRQVDQPQHF	6.65438032947622e-10
CAISRQVDQPQHF	6.65438032947622e-10
CAISRQVDQPQHF	6.65438032947622e-10
CATSRVLAGVGTDTQYF	2.347033982332157e-10
CATSRVLAGVGTDTQYF	2.347033982332157e-10
CASSVEGRGKQETQYF	2.0589631006887993e-10
CASSVEGRGKQETQYF	2.0589631006887993e-10
CASSMGGHPDTQYF	1.9080685996880635e-09
CASSMGGHPDTQYF	1.9080685996880635e-09
CASSQLLGGPVNTEAFF	3.7988365310636023e-11
CASSQLLGGPVNTEAFF	3.7988365310636023e-11
CASRLDQGSYNEQFF	5.02602581180986e-10
CASRLDQGSYNEQFF	5.02602581180986e-10
CSARDPAWEGYTF	2.840438573041996e-11
CSARDPAWEGYTF	2.840438573041996e-11
CSARDPAWEGYTF	2.840438573041996e-11
CASNVDSGQQQETQYF	6.502608435719422e-14
CASNVDSGQQQETQYF	6.502608435719422e-14
CASSEYPGTDTQYF	1.3717476096291297e-08
CASSEYPGTDTQYF	1.3717476096291297e-08
CASSEYPGTDTQYF	1.3717476096291297e-08
CASSLRGEPYEQYF	6.069293629391323e-08
CASSLRGEPYEQYF	6.069293629391323e-08
CASSGTRQGHYNEQFF	1.1088269382336685e-10
CASSGTRQGHYNEQFF	1.1088269382336685e-10
CASSEASGSTGELFF	9.3083403608087e-09
CASSEASGSTGELFF	9.3083403608087e-09
CASSEASGSTGELFF	9.3083403608087e-09
CASSPGHMNTEAFF	8.464664961670703e-08
CASSPGHMNTEAFF	8.464664961670703e-08
CASSYVTGNEQFF	1.3362235469409881e-08
CASSYVTGNEQFF	1.3362235469409881e-08
CATSEAGLQETQYF	3.874955137497198e-09
CATSEAGLQETQYF	3.874955137497198e-09
CASTRQDNQPQHF	1.6553343426312102e-08
CASTRQDNQPQHF	1.6553343426312102e-08
CASSLATSASSYNEQFF	2.5641480490004836e-09
CASSLATSASSYNEQFF	2.5641480490004836e-09
