CSASRAASSYNSPLHF	6.61865789510241e-10
CSASRAASSYNSPLHF	6.61865789510241e-10
CSASRTASSYNSPLHF	1.5718757773809462e-09
CSASRSASSYNSPLHF	2.7458091087594505e-10
CASSFGQTNYGYTF	1.4803437076904231e-08
CASSFGQLNYGYTF	1.0695241024331848e-08
CASSFGQDNYGYTF	1.3251032073573064e-08
CSASRAASSYNSPLHF	6.61865789510241e-10
CSASRAASSYNSPLHF	6.61865789510241e-10
CSASRAVSSYNSPLHF	7.590765582198148e-10
CASKVVNYGYTF	3.905411452824041e-09
CSGKVENYGYTF	3.6797998022769903e-11
CSASRSASSYNSPLHF	2.7458091087594505e-10
CSASRSPSSYNSPLHF	3.8443273020839993e-10
CASSHRGSSYNEQFF	1.1797674245698239e-07
CASSHRGSSYYEQYF	2.871313212614761e-10
CASRKDRTSNQPQHF	2.5224880048271215e-09
CASRQDRTSNQPQHF	1.2561174020150887e-09
CASSGRKGQPQHF	1.6626349196326178e-08
CASSLRKGQPQHF	3.572240780220919e-08
CSASSTGLQETQYF	1.1798301893082155e-09
CASSSWGLQETQYF	2.0056401582760325e-08
CASSSQGLQETQYF	5.3725153407655754e-08
CASSSRQGTNEKLFF	4.841627563598137e-08
CASSSREGTNEKLFF	1.4667210055803231e-08
CASSLGPRGTDTQYF	7.525457399770791e-08
CASSLGPRGVDTQYF	2.8657727379069695e-09
CASSWTGRETQYF	1.2072680586675357e-07
CASSWTGRDTQYF	4.395284450419723e-08
CASSPEGTGTDTQYF	1.097584521209135e-08
CASSPERTGTDTQYF	4.604190322197463e-09
CASSPQRNTEAFF	1.6208624316180216e-07
CASSPQRNTEAFF	1.6208624316180216e-07
CASSPQRNTEAFF	1.6208624316180216e-07
CASSPQRNTEAFF	1.6208624316180216e-07
CASSPQRNTEAFF	1.6208624316180216e-07
CASSPQRNTEAFF	1.6208624316180216e-07
CASSPQRNTEAFF	1.6208624316180216e-07
CASSPDRNTEAFF	6.552778654597297e-07
CASSPQRNTEVFF	7.23785001279107e-15
CASSLVNEQFF	5.178832875581054e-07
CASSLYNEQFF	1.394730151494883e-06
CASSLGNEQFF	1.6278168446036272e-06
CASSLKNEQFF	1.4397141836112992e-07
CSASSSGSTDTQYF	1.1787107508007414e-08
CASSSSGGTDTQYF	4.370753906157848e-07
CASSSSGFTDTQYF	6.870336073866212e-08
CASSPALRNTEAFF	1.3518164819701654e-08
CASSPGLRNTEAFF	1.0190621348663764e-07
CATSGRAGTGELFF	4.580538455012998e-09
CASSSRAGTGELFF	5.253361957791628e-08
CASGRGQGNEKLFF	6.5277885506023275e-09
CASSRGQGNEKLFF	2.2009557020721953e-07
CASSTTSGSVDEQYF	5.262708152483468e-10
CASSETSGSVDEQYF	6.486787680818219e-10
CASSDLGAGNTIYF	2.2104380315327287e-08
CASSDTGAGNTIYF	2.8239182550797554e-08
CASSPGTRGETQYF	6.024037002047011e-08
CASSPGTNGETQYF	2.8719809691774874e-09
CASSLQGGNEKLFF	1.9978959229501776e-07
CASSGQGGNEKLFF	2.365040084821486e-07
CASSLGAGNTEAFF	3.323450237157728e-07
CASSLGAGNYEQYF	4.727231809467475e-08
CASSIKNEQFF	3.0175895293935317e-08
CASSLKNEQFF	1.4397141836112992e-07
CASSFGQSDTQYF	1.2548481005316073e-08
CASSAGQSDTQYF	1.7709276030980278e-08
CASTGVGETQYF	5.019562417005024e-08
CASTVVGETQYF	5.796336223694803e-09
CASSLGGGYEKLFF	4.713114763846459e-08
CASSLGRGYEKLFF	3.4830496442795725e-08
CSVTPDNEQFF	2.2535173220582445e-09
CASSPDNEQFF	8.176005168447491e-07
CASSTGLEQYF	2.374772000623908e-07
CASSTGLEQYF	2.374772000623908e-07
CASSLGLEAFF	2.0031048400559185e-07
CASSYGLEAFF	3.3431029875435685e-08
CASSPDRTGANVLTF	2.3068890426402604e-08
CASSPDRTGANVLTF	2.3068890426402604e-08
CASSPDRGGANVLTF	4.872060167657242e-08
CASSFRETQYF	7.264870280537927e-07
CASSFREKLFF	2.31224784807819e-07
CASSLGTSGDTQYF	1.7946104381770122e-07
CAWSLGTSGNTIYF	1.9704056288412405e-09
CASRPAGGTYEQYF	1.1824542822231374e-08
CASRPAGGNYEQYF	4.44933815665516e-09
CASSLLVGVTDTQYF	3.152973474290107e-09
CASSLLRGVTDTQYF	1.86181565536948e-08
CASSPDTGELFF	5.342079477018921e-07
CASSPNTGELFF	4.257502024869071e-07
CSASPLTGELFF	1.2268059749337181e-08
CASRGTSQETQYF	8.220222502958437e-08
CAIRGDSQETQYF	2.86297874756503e-09
CASSQQGYEQYF	6.927670564403061e-07
CASSQQGYEQYF	6.927670564403061e-07
CASSQQTYEQYF	9.491294739943435e-08
CASSPRGVTEAFF	1.6490262124359903e-07
CASSPRGVGELFF	4.3011354434798444e-08
CSASQGSGANVLTF	3.074550103761622e-08
CASSKGSGANVLTF	1.4334784146306886e-07
CASSQGSGANVLTF	5.798361039328628e-07
CASSLQGFEQYF	8.571099587721551e-08
CASSLQGDEQFF	1.8527222439916447e-07
CASSLQGVEAFF	6.568278452719343e-08
CASSLQRTSYEQYF	2.5130197523349663e-08
CASSLARTSYEQYF	1.6165859232065786e-07
CASSEGNPTSEQYF	4.676097737702303e-11
CASSSTRARPTSEAFF	2.0445966546308972e-13
CASSGTGGPTSEQYF	1.0182518288608499e-10
CAWSVRSPTSEQFF	1.568532505657056e-11
CAWSVGGGNYGYTF	1.1824393904335567e-08
CASSVGQGNYGYTF	1.944244487715256e-07
CASRRTGRTGELFF	2.2715186600882802e-08
CASRRTGDTGELFF	4.946927752217168e-08
CSASPGMATEAFF	1.6638475602257764e-10
CSASPGMATEAFF	1.6638475602257764e-10
CSASPGMATEAFF	1.6638475602257764e-10
CASSPGPATEAFF	3.4668475536805925e-08
CASSQAGNTGELFF	1.519122745667613e-07
CASSQAGPTGEQFF	3.2647658451163627e-10
CAWSVQGNSPLHF	1.1802379555263668e-08
CAWSVQGNQPQHF	4.3518402317407097e-08
CSVTGQGETQYF	5.048855317829736e-09
CASTGVGETQYF	5.019562417005024e-08
CASSPEGYEQYF	8.780644838031494e-07
CAISPNGYEQYF	1.1655073823304726e-09
CASSPIGYEQYF	2.186292940687343e-07
CAISEFTSGGSKGDTQYF	1.3041341079237025e-14
CASSEFTDGTQHF	3.680080136741883e-12
CASSEFTGGYEQYF	1.2518294863158765e-08
CSAFGSYNEQFF	1.060822558540734e-08
CSEQGSYNEQFF	4.751556116941991e-09
CAWEGSYNEQFF	1.0253574570051589e-08
CASSPTGGWEKLFF	5.157937530421092e-09
CAISPTGGGEKLFF	6.066734632462601e-10
CASSLGSGTEAFF	1.6448582920213602e-07
CASSLGSNTEAFF	3.431165334820768e-07
CASSFGEKLFF	1.7364990763505414e-07
CASSFREKLFF	2.31224784807819e-07
CAWSVIAGGYNEQFF	1.1044225574378327e-09
CASSSIAGGYNEQFF	1.7254815844827835e-08
CASSLATGSYNEQFF	7.289537140230568e-08
CASSLDTGSYNEQFF	2.508463772474129e-08
CASSLGASSNQPQHF	7.247793366920331e-08
CASSLGAASNQPQHF	4.660808350278749e-08
CASSLVKGGTEAFF	2.267735762266972e-08
CASSLVPGGTEAFF	6.773425801021553e-08
CASSQGQETQYF	1.4262427655233372e-06
CASSQGGETQYF	1.3780457144436024e-06
CASSYGETQYF	4.845378184238082e-07
CASSQGETQYF	1.8238859646169817e-06
CASSLGETQYF	2.4559928158563386e-06
CASSQDRNTGELFF	1.3724010035035437e-07
CASSQDANTGELFF	4.0712943343963087e-08
CASSPLAGKYNEQFF	2.934247736480741e-08
CSASPLAGAYNEQFF	6.676658435754186e-09
CASSWDRPYEQYF	1.1291071100206783e-07
CSASSDRPYEQYF	3.929987378931627e-09
CASSPRGSGELFF	1.718388379254363e-07
CASSPRGVGELFF	4.3011354434798444e-08
CSASRTGATGELFF	3.1406694646618267e-09
CASSRTGNTGELFF	3.7916204186000537e-07
CASSDRDSNQPQHF	7.002948900509912e-07
CASSDRYSNQPQHF	3.1618366359736624e-07
CASSGTVYEQYF	6.109023583673397e-07
CASSLTVYEQYF	4.2536929909182806e-07
CASSLTGAGNQPQHF	8.152318790668498e-08
CAWSLTGGGNQPQHF	2.188724315330839e-09
CAWTGRETQYF	3.578230829068793e-08
CETSGRETQYF	3.6528724947272166e-09
CSARRLSSYEQYF	2.1044609290201546e-08
CASRELSSYEQYF	2.8537736930467098e-08
CASSSTDSYEQYF	1.4275128991362186e-07
CASSPTDSYEQYF	1.8328436020848114e-07
CASSKDGYNEQFF	3.196211790377722e-08
CASSLDGYNEQFF	2.11814594476666e-07
CASSLDGYNEQFF	2.11814594476666e-07
CASSLDGYNEQFF	2.11814594476666e-07
CASSLDRANEQFF	1.118157500025184e-07
CASSLDRAYEQYF	1.4857973486235127e-06
CASKSGNQPQHF	9.071333916450548e-08
CASRSGNQPQHF	4.475646782315436e-07
CASSQTVNTEAFF	1.2935971133856224e-07
CASSQNVNTEAFF	1.2012280921408558e-08
CASSSTGAQETQYF	5.6382813127123776e-08
CSASSTGLQETQYF	1.1798301893082155e-09
CASSVTSGSSYNEQFF	7.00613587580147e-08
CASSRTSGSSYNEQFF	2.4333421048040714e-07
CASSQQTYEQYF	9.491294739943435e-08
CASSEQTYEQYF	1.0263713885324733e-07
CASSLFRTDTQYF	7.098965966580629e-08
CASSLVRTDTQYF	2.6890164493081627e-07
CASSLLAGELFF	2.398561868106035e-07
CASSLLTGELFF	3.88808584889265e-07
CAWSVGQGMEQYF	1.8173449819165077e-10
CASSVGQGGEQYF	8.458999485705021e-08
CASSALAGNEQFF	2.033953365490818e-07
CASSYLAGNEQYF	5.3792086394941053e-08
CASSSTGGSNQPQHF	2.346498794677802e-07
CASSMTGGSNQPQHF	5.0041907638808524e-08
CSASPLTGELFF	1.2268059749337181e-08
CASSLLTGELFF	3.88808584889265e-07
CASSYSSSYEQYF	2.6787243691825277e-07
CASSFSSSYEQYF	2.2402549262469247e-07
CSASSGQGGYGYTF	4.8108624267370375e-09
CASSSGQGPYGYTF	8.081229797914979e-08
CASSLASNTEAFF	1.4753921743856023e-07
CASSLGSNTEAFF	3.431165334820768e-07
CASSPGQGAGEQYF	3.603956354673876e-08
CASSAGQGAGELFF	3.573184995219642e-08
CASSSASTDTQYF	3.475016870480458e-07
CASSSPSTDTQYF	2.843444842008688e-07
CASSPQGDEQFF	1.4781744164282e-07
CASSLQGDEQFF	1.8527222439916447e-07
CASSPDGNYGYTF	8.848257556661524e-08
CASSPDSNYGYTF	2.0412817940797596e-07
CASSLNGADTQYF	4.076738293000862e-08
CASSLGGADTQYF	9.373194680966935e-07
CASSQNTGELFF	3.2206059894302625e-07
CASSQNTGELFF	3.2206059894302625e-07
CASSQYTGELFF	1.046661996450096e-07
CASSSPSTDTQYF	2.843444842008688e-07
CASSLPSTDTQYF	4.120592431553909e-07
CASSPDGNYGYTF	8.848257556661524e-08
CASSPEGNYGYTF	1.8089903655852197e-07
CASSLSYEQYF	3.1368381359465328e-06
CSVELSYEQYF	3.10831095665366e-08
CASSLGQETQYF	2.266748481297098e-06
CASSQGQETQYF	1.4262427655233372e-06
CASSLGQGNTEAFF	1.3828384191009412e-06
CASSLGQMNTEAFF	2.611186522326701e-07
CAISDRINTEAFF	1.0789210502159849e-09
CASSDRKNTEAFF	1.428287367864092e-07
CSADRYNEQFF	5.03744602451616e-08
CSVDSYNEQFF	4.010035041319563e-08
CASSLGNTGELFF	8.552503603659129e-07
CASSLGNTGELFF	8.552503603659129e-07
CASSLLNTGELFF	3.1326910293349693e-07
CASSLLAGGNNEQFF	4.921699245295344e-08
CASSLLAGGYNEQFF	2.863257739074186e-07
CASSLGQETQYF	2.266748481297098e-06
CASSLGRETQYF	1.3966318233594368e-06
CASSLGRETQYF	1.3966318233594368e-06
CASSLGRETQYF	1.3966318233594368e-06
CASSLGRETQYF	1.3966318233594368e-06
CASSLGRETQYF	1.3966318233594368e-06
CASSLGQGNQPQHF	1.3865117459835238e-06
CASSLGVGNQPQHF	2.2947262905685313e-07
CASSSSGGTDTQYF	4.370753906157848e-07
CASSPSGGTDTQYF	4.706999125833212e-07
CASSLGAGNTEAFF	3.323450237157728e-07
CASSLGQGNTEAFF	1.3828384191009412e-06
CASSLGTEQFF	2.4441046177716843e-07
CASSLGLEAFF	2.0031048400559185e-07
CASSLGNEQFF	1.6278168446036272e-06
CASSLNSNQPQHF	3.092047261753915e-07
CASSSNSNQPQHF	2.7767684356069665e-07
CASSSQGGELFF	1.4071042178793896e-07
CASSTQGGEQYF	1.0100103435748071e-07
CASSGGQQETQYF	2.0307762976518502e-07
CASSRGQQETQYF	2.3512219977588555e-07
CASGRGGTEAFF	9.505311390826097e-08
CASTRGGTEAFF	2.1877783693245716e-07
CSVSQGQNTEAFF	1.0222716805689117e-09
CASSWGQNTEAFF	2.1482989826027533e-07
CASSPANYGYTF	4.1660476139720294e-07
CASSSANYGYTF	3.9770647499446443e-07
CASSSANYGYTF	3.9770647499446443e-07
CASSPQGDEQFF	1.4781744164282e-07
CASSPQGPEQYF	1.1525833517832035e-07
CASSRGIQETQYF	1.7018855261005696e-07
CASSRGQQETQYF	2.3512219977588555e-07
CASSLGNTGELFF	8.552503603659129e-07
CASSLGNTGELFF	8.552503603659129e-07
CASSSGNTGELFF	8.902709786323918e-07
CASSQGGTEAFF	1.2994349563107785e-06
CASSQGGREGFF	1.155441765644437e-10
CASSYGQGNYGYTF	1.2817262069623016e-07
CASSVGQGNYGYTF	1.944244487715256e-07
CASSQDRNYGYTF	1.7594505083029592e-07
CASSLDRNYGYTF	3.5246378253374974e-07
CASSPQGDEQFF	1.4781744164282e-07
CASSPPGDEQFF	1.7363225857474262e-07
CASSPPGDEQFF	1.7363225857474262e-07
CASSGGQGTDTQYF	2.6339696837862643e-07
CASSLGQGTDTQYF	6.271113789872726e-07
CASSYLAGEQFF	1.1742518031819876e-07
CASSLLAGELFF	2.398561868106035e-07
CASSLGGGTDTQYF	1.6514005505007964e-06
CASSLGQGTDTQYF	6.271113789872726e-07
CASSGGAYEQYF	4.20482225354421e-06
CASSLGAYEQYF	3.6450775228351224e-06
CASSRPGYEQYF	7.440264281420639e-07
CASSRPGYEQYF	7.440264281420639e-07
CASSRPGYEQYF	7.440264281420639e-07
CASSRPGYEQYF	7.440264281420639e-07
CASSRDGYEQYF	6.557326157590097e-07
CASSRDGYEQYF	6.557326157590097e-07
CASSRDSYEQYF	2.556400187639462e-06
CASGAGETQYF	1.3968747197795355e-07
CSAGTGETQYF	1.4911076032387135e-07
CASSQGYTEAFF	4.891442612755639e-07
CASSQGGTEAFF	1.2994349563107785e-06
CSALTGSYEQYF	6.569654044668524e-08
CASSTGSYEQYF	2.0252061596166464e-06
CASSSAGGELFF	7.653062516537258e-08
CASSSQGGELFF	1.4071042178793896e-07
CASSFRETQYF	7.264870280537927e-07
CETSGRETQYF	3.6528724947272166e-09
CASSPNTGELFF	4.257502024869071e-07
CASSQNTGELFF	3.2206059894302625e-07
CASSQNTGELFF	3.2206059894302625e-07
CASSLWGYEQYF	6.79905139742735e-07
CASSLMGYEQYF	1.5657565718748557e-07
CASSLGTEQFF	2.4441046177716843e-07
CASSLNTEAFF	1.2330605742788922e-06
CASRSGNQPQHF	4.475646782315436e-07
CASREGNQPQHF	4.950161570294013e-07
CASSHDSYEQYF	2.2704887855263777e-07
CASSRDSYEQYF	2.556400187639462e-06
CASSLGLNTEAFF	1.0589096615949898e-06
CASSLGSNTEAFF	3.431165334820768e-07
CASSYSTEAFF	3.562197306236643e-07
CASSYSYEQYF	1.752660106357938e-06
CASSLGGNEQFF	1.8934972715301972e-06
CASSWGGNEQYF	2.4717070614569054e-07
CSARQGNTEAFF	3.44121809716557e-07
CSGKQGNTEAFF	2.9988923743282058e-09
CASSTSSYNEQFF	4.258496310753054e-07
CSASVSSYNEQFF	1.9351564332061678e-08
CASSLYNEQFF	1.394730151494883e-06
CASSHYNEQFF	3.021910324481528e-07
CASSLSYEQYF	3.1368381359465328e-06
CASSYSYEQYF	1.752660106357938e-06
CSAPSSYEQYF	1.4375935771121705e-07
CSAPSSYEQYF	1.4375935771121705e-07
CASSTTGGALGYTF	8.913801255720247e-10
CASSTTGGALGYTF	8.913801255720247e-10
CASSTTGGALGYTF	8.913801255720247e-10
CASSSASSNQPQHF	4.7769206424633494e-08
CASSSASSNQPQHF	4.7769206424633494e-08
CASSPMTGHTGELFF	1.3627056984967552e-09
CASSPMTGHTGELFF	1.3627056984967552e-09
CASSPMTGHTGELFF	1.3627056984967552e-09
CASSQESSGTYNEQFF	3.6224979540211793e-09
CASSQESSGTYNEQFF	3.6224979540211793e-09
CASSQGWADSYEQYF	8.936070800907772e-10
CASSQGWADSYEQYF	8.936070800907772e-10
CASSGSNSPLHF	1.8559938968353367e-07
CASSGSNSPLHF	1.8559938968353367e-07
CASSGSNSPLHF	1.8559938968353367e-07
CATSRSHNTDTQYF	6.878515227634524e-11
CATSRSHNTDTQYF	6.878515227634524e-11
CASSVWGISGEQFF	1.1371459084568234e-11
CASSVWGISGEQFF	1.1371459084568234e-11
CASSLRPGDSYEQYF	1.457455440745335e-08
CASSLRPGDSYEQYF	1.457455440745335e-08
CASKGVNTEAFF	2.240383824838143e-07
CASKGVNTEAFF	2.240383824838143e-07
CASKGVNTEAFF	2.240383824838143e-07
CASSHTGQGGWGAKNIQYF	7.373422149212822e-13
CASSHTGQGGWGAKNIQYF	7.373422149212822e-13
CSARGDPYEQYF	6.352109062697377e-08
CSARGDPYEQYF	6.352109062697377e-08
CASSQGSSGSSYNEQFF	7.185011278942259e-09
CASSQGSSGSSYNEQFF	7.185011278942259e-09
CASSPLGRGVGETQYF	1.6712878970099526e-10
CASSPLGRGVGETQYF	1.6712878970099526e-10
CASSHGGSEQFF	2.2062744687668875e-08
CASSHGGSEQFF	2.2062744687668875e-08
CASSFTGTEQFF	1.556393664906666e-08
CASSFTGTEQFF	1.556393664906666e-08
CATHDGNTEAFF	1.1446454506268304e-09
CATHDGNTEAFF	1.1446454506268304e-09
CATSRGSLAGVGQETQYF	1.0972468757427827e-11
CATSRGSLAGVGQETQYF	1.0972468757427827e-11
CATSRGSLAGVGQETQYF	1.0972468757427827e-11
CASSPQTRYEQYF	2.0800787594530944e-08
CASSPQTRYEQYF	2.0800787594530944e-08
CASSHEQGANEKLFF	1.2243530904101452e-09
CASSHEQGANEKLFF	1.2243530904101452e-09
CASSYSIGNTGELFF	8.065619527495747e-09
CASSYSIGNTGELFF	8.065619527495747e-09
CASSLTGGDYNEQFF	3.0866498708926925e-08
CASSLTGGDYNEQFF	3.0866498708926925e-08
CASGYGGAYYGYTF	1.0394301154053079e-10
CASGYGGAYYGYTF	1.0394301154053079e-10
CASGYGGAYYGYTF	1.0394301154053079e-10
CSARVSGTEAFF	1.863979535203203e-08
CSARVSGTEAFF	1.863979535203203e-08
CASSYGRIASTDTQYF	4.6102544463893777e-10
CASSYGRIASTDTQYF	4.6102544463893777e-10
CSVGQIEAFF	1.941475267080186e-09
CSVGQIEAFF	1.941475267080186e-09
CASSQTATDTQYF	3.886310072472386e-08
CASSQTATDTQYF	3.886310072472386e-08
CASSQEGSANTGELFF	5.1725093794911115e-09
CASSQEGSANTGELFF	5.1725093794911115e-09
CASKMRGFLAKNIQYF	1.1766059184186502e-11
CASKMRGFLAKNIQYF	1.1766059184186502e-11
CSATRTARNQPQHF	6.909994232902082e-10
CSATRTARNQPQHF	6.909994232902082e-10
CSATRTARNQPQHF	6.909994232902082e-10
CASSTGMNTEAFF	5.995165147934083e-07
CASSTGMNTEAFF	5.995165147934083e-07
CASSIVEPGEQYF	2.171660119144275e-10
CASSIVEPGEQYF	2.171660119144275e-10
CASSIVEPGEQYF	2.171660119144275e-10
CASSIVEPGEQYF	2.171660119144275e-10
CARYQVRTGAGSPLHF	5.407881176497713e-15
CARYQVRTGAGSPLHF	5.407881176497713e-15
CASKAATASYEQYF	1.0976430676815039e-10
CASKAATASYEQYF	1.0976430676815039e-10
CASSFGSSDPQHF	1.0827833982772781e-11
CASSFGSSDPQHF	1.0827833982772781e-11
CATQDGMNTEAFF	1.287216646714923e-09
CATQDGMNTEAFF	1.287216646714923e-09
CATQDGMNTEAFF	1.287216646714923e-09
CASSPGTPRDEQFF	1.0802931919202245e-09
CASSPGTPRDEQFF	1.0802931919202245e-09
CASSPGTPRDEQFF	1.0802931919202245e-09
CASSYPHLGRTGHTEAFF	1.3876060860286108e-13
CASSYPHLGRTGHTEAFF	1.3876060860286108e-13
CSARDLYRMNTEAFF	5.96306185347983e-10
CSARDLYRMNTEAFF	5.96306185347983e-10
CSARDLYRMNTEAFF	5.96306185347983e-10
CASSYGQNTGELFF	4.143575754030922e-08
CASSYGQNTGELFF	4.143575754030922e-08
CASTGGEVDKNIQYF	2.5750452962506205e-11
CASTGGEVDKNIQYF	2.5750452962506205e-11
CSAMYEGAEGLRGYEQYF	1.420724320930576e-17
CSAMYEGAEGLRGYEQYF	1.420724320930576e-17
CASRDWAYEQYF	3.868898541082902e-08
CASRDWAYEQYF	3.868898541082902e-08
CASSLPTDSYEQYF	4.290176481081059e-08
CASSLPTDSYEQYF	4.290176481081059e-08
CASSLPTDSYEQYF	4.290176481081059e-08
CASSLPTDSYEQYF	4.290176481081059e-08
CASNDLTGTSSMNTEAFF	2.7652564484994256e-14
CASNDLTGTSSMNTEAFF	2.7652564484994256e-14
CSARAFAGRSYEQYF	8.642271141195915e-11
CSARAFAGRSYEQYF	8.642271141195915e-11
CSARAFAGRSYEQYF	8.642271141195915e-11
CASRPDLGGYEQYF	1.0683577797828192e-09
CASRPDLGGYEQYF	1.0683577797828192e-09
CASRPDLGGYEQYF	1.0683577797828192e-09
CASRPDLGGYEQYF	1.0683577797828192e-09
CASRPDLGGYEQYF	1.0683577797828192e-09
CASSFGDTQYF	2.3136848230731564e-07
CASSFGDTQYF	2.3136848230731564e-07
CASSLEGDYRSYEQYF	2.0659980371088412e-10
CASSLEGDYRSYEQYF	2.0659980371088412e-10
CASSLSGRANEQFF	1.873047886985159e-08
CASSLSGRANEQFF	1.873047886985159e-08
CASSYRVSTEAFF	3.5195760299620504e-08
CASSYRVSTEAFF	3.5195760299620504e-08
CASSVRGGDDSGANVLTF	9.029610524709601e-11
CASSVRGGDDSGANVLTF	9.029610524709601e-11
CATSRDRGVVNEQYF	5.98132096612453e-11
CATSRDRGVVNEQYF	5.98132096612453e-11
CASSDRGLTDTQYF	8.719121978121805e-08
CASSDRGLTDTQYF	8.719121978121805e-08
CASSDRGLTDTQYF	8.719121978121805e-08
CASSDRGLTDTQYF	8.719121978121805e-08
CASSQDQGPYYEQYF	1.8936376775431992e-09
CASSQDQGPYYEQYF	1.8936376775431992e-09
CASSVEGSSYNEQFF	4.5795644184553525e-08
CASSVEGSSYNEQFF	4.5795644184553525e-08
CASSVEGSSYNEQFF	4.5795644184553525e-08
CASSVEGSSYNEQFF	4.5795644184553525e-08
CASSVEGSSYNEQFF	4.5795644184553525e-08
CASSVEGSSYNEQFF	4.5795644184553525e-08
CSAPPGLAGGGEQFF	3.9286250804749987e-10
CSAPPGLAGGGEQFF	3.9286250804749987e-10
CSARDQEASSYNEQFF	1.9693885257310803e-10
CSARDQEASSYNEQFF	1.9693885257310803e-10
CASSVGDSGRRDEQFF	1.118513634047123e-11
CASSVGDSGRRDEQFF	1.118513634047123e-11
CASSPATGGHEQFF	1.374462509450429e-09
CASSPATGGHEQFF	1.374462509450429e-09
