CATTTSGSYNEQFF	9.934951500121106e-09
CASTTSGSYNEQFF	9.208750946143543e-08
CASTASGSYNEQFF	2.981866605128824e-08
CASSPLYNEQFF	4.914886867200427e-07
CASSPVYNEQFF	3.0094055434020236e-07
CASSPGYNEQFF	1.4446451496568542e-06
CASSPFYNEQFF	1.0573839138605532e-07
CATSRGLAGGSYEQYF	7.742561879689948e-09
CASSRGLASGSYEQYF	1.2279252042265542e-09
CASSPRSGGRTEAFF	1.6718516857019756e-09
CASSPRSGGRTTQYF	2.9626556426234125e-11
CASSEGQGYTGELFF	2.44252049882386e-08
CASSEGPGYTGELFF	4.6005268564289675e-09
CASQPGQGTTDTQYF	3.70488213266987e-10
CQQQPGQGATDTQYF	1.2116234430772499e-14
CSARDRASGRPSYNEQFF	1.7722910403592896e-11
CSARDRTSGRPSYNEQFF	1.653842469150616e-10
CASSVALEGTQYF	6.79218208440197e-10
CASSVALEGEQYF	2.9280060379146283e-09
CSATRLAGDRNEQFF	4.7372326586199195e-11
CSATRLAGDYNEQFF	7.941732097642852e-10
CASSLVREEGYTF	3.9835536674740964e-09
CASSLVRENGYTF	1.2070353637787313e-08
CSAQTVYSNQPQHF	1.3555028250032889e-09
CASQAVYSNQPQHF	2.0649733893255494e-09
CASSYRGAGTDTQYF	3.4048600528936217e-08
CASSYRGASTDTQYF	8.25348520550085e-08
CASSSPGRGYEQYF	1.1359807700941014e-07
CASSSPGRGTEAFF	4.265941742734053e-08
CASSQDRGSSNQPQHF	4.4772791428780164e-08
CASSQDRDSSNQPQHF	2.7497955932684477e-08
CASRRSGGNQPQHF	2.4001036964407113e-08
CASSRSGGNQPQHF	1.7271038049485088e-07
CASSGLPDYEQYF	1.610757981285497e-08
CASSLLPDYEQYF	4.106046880837618e-08
CSVPHSSYNEQFF	7.734850224660526e-10
CASSHSSYNEQFF	1.6190502399542258e-07
CASSIGGRPQHF	1.4998528779557078e-08
CASSIGGQPQHF	2.4661273960203247e-07
CAWSVLQAYEQYF	5.7726732178717226e-09
CAWSVGQAYEQYF	1.5848348244176576e-08
CSASETGSYNSPLHF	1.013676103659209e-09
CAISEEGSYNSPLHF	1.28174591348575e-09
CASSPFPNEQFF	1.333268881024966e-08
CASSPFYNEQFF	1.0573839138605532e-07
CASSEDTGTSAHNEQFF	4.611640503495514e-12
CASSPGTSAHNWNF	3.131897326559647e-16
CASSQQTSAHRNEQFF	4.1471148866936177e-13
CASSFGGRMEPQHF	6.962431411182193e-11
CASRSAGGGRMETQYF	2.3124470318224276e-12
CASSIGRMERNYGYTF	2.4709092170954584e-12
CASSPRTGKFF	5.507910848961817e-10
CASSERTGQFF	4.126045600716788e-09
CASSFESGETQYF	8.038986068589633e-09
CASSFTSGETQYF	8.663303668309703e-08
CASSLGLAKNIQYF	4.188964041352885e-07
CASSLGEAKNIQYF	1.1958545315996246e-07
CASSRTGDSSYEQYF	3.057060968862591e-08
CASSRTGVSSYEQYF	5.5943441876139354e-08
CASSVLTGNQPQHF	4.722802432136398e-08
CASSVLQGNQPQHF	4.252391299522706e-08
CASSPGQGGYGYTF	4.21711776330594e-07
CASSPGQPGYGYTF	1.7158947225618205e-08
CASSFRTSGITDTQYF	7.016810868198637e-09
CASSFRTSGGTDTQYF	4.43934679919263e-08
CASSTPFETQYF	7.3457781214671365e-09
CASSTPQETQYF	1.365695705133897e-07
CASSLAQGEQFF	5.7834909375912437e-08
CASSVAQGEQYF	4.423056540630597e-08
CASSGEETQYF	1.6087863203337461e-06
CASSEEETQYF	4.5874944818574767e-07
CASSQEETQYF	5.203661042534875e-07
CASSGQGTETQYF	1.1624974731243371e-07
CASSGQGTDTQYF	8.800974428704032e-07
CSASRRSGTYEQYF	6.626352789798588e-10
CASSRTSGTYEQYF	1.7347869406952022e-07
CATGPGYTF	1.0731237769277653e-07
CVAGPEAFF	1.8461352496437312e-09
CASSRDGNYGYTF	1.3624445119850244e-07
CASKRDGNYGYTF	8.772130242126038e-09
CASSHRDRNYEQYF	1.4935424106508792e-08
CASSTRDRNYEQYF	1.3971462812097295e-08
CASSRTIYNEQFF	5.066494851725795e-08
CASSRTSYNEQFF	5.147098664715999e-07
CASSLAGTDTQYF	2.3309678292181193e-06
CASSLGGTDTQYF	2.4189014865233227e-06
CASSLRGTDTQYF	1.5300895038351937e-06
CASSLGPQETQYF	4.420995427150477e-07
CASSLGPAETQYF	7.354231834911142e-08
CASSQGEQFF	4.565626817521448e-07
CASSQGQTIF	4.261745966574592e-10
CASSESGGNTEAFF	1.5101341825021016e-07
CASSESFGNTEAFF	3.6928902371920187e-09
CASSLGGANQPQHF	3.2810203123984293e-07
CASSLGGAGQPQHF	6.585588107151941e-08
CASSLRGAAEQFF	8.344090379881602e-09
CASSLSGAAEAFF	2.4034512608884942e-08
CASRPPGNTEAFF	5.107980760010762e-08
CASRLPGNTEAFF	3.148921886524836e-08
CASSPPPGNEQFF	4.2673871270044385e-08
CASSPPVGNEQFF	2.446364228105691e-08
CASSLSGAGEQYF	3.399112732238522e-08
CASSLSGAAEAFF	2.4034512608884942e-08
CSARDQGGSSYEQYF	1.191505106833756e-08
CSARDGGGSSYEQYF	2.0708899229518246e-08
CASSLQGANEKLFF	1.8299685050990123e-07
CASSLPGANEKLFF	1.2104204942960839e-07
CASSSTSGWTDTQYF	4.418702335712459e-09
CSASSTSGNTDTQYF	4.765722267336344e-10
CASSLGYYEQYF	6.008180019349812e-07
CASSLGGYEQYF	5.585526269733342e-06
CASSLGGYEAFF	5.993099440579055e-08
CAWKGDGSFLNEQFF	2.343334568166556e-14
CSASSPVDFLNEQFF	1.4236989189416927e-13
CASKPGTGGYEQYF	1.4209264636343012e-08
CASRPGTGGYEQYF	7.768621400314852e-08
CASSLVAGGELFF	4.965607137177293e-08
CASSLVARGELFF	6.286591639434321e-09
CASSPPSSREQYF	2.529743956513343e-09
CASSPPSSYEQYF	3.4728657611102723e-07
CASSLTGVNTEAFF	4.329075795259209e-07
CASSLTGVGTEAFF	3.927529204843927e-08
CSAPLRGEQYF	7.367523194481507e-09
CASSLRGEQYF	1.4741501289090512e-06
CASSLGGYEAFF	5.993099440579055e-08
CASSLGGYEQYF	5.585526269733342e-06
CASSLTGYEQYF	2.2856257394479954e-06
CASGPSGTYEQFF	6.704200249274348e-10
CATSPSGTYEQYF	1.5564336352465554e-08
CATSRGLETQYF	4.979669679522635e-08
CASSTGLETQYF	3.417572802508897e-07
CASSFSGELFF	1.7222423363263678e-07
CASSFSGSRYF	1.1788225890750851e-09
CASSYGGAYEQYF	5.587187794139827e-07
CASSYGGATEAFF	6.191796408462835e-08
CASSIGYEQYF	7.499824146284147e-07
CASSISYEQYF	8.331853890108699e-07
CSVPGGLTDTQYF	4.069880778766007e-09
CASQGGLTDTQYF	1.3430283183560574e-08
CASSLNVDTQYF	1.0919278160439408e-08
CASSLRVDTQYF	1.6688506364876235e-07
CASSLRPDTQYF	3.2958612073556747e-07
CASSLRVDTQYF	1.6688506364876235e-07
CASSLGGRTDTQYF	7.270560654325175e-07
CASSLQGRTDTQYF	1.603503204772384e-07
CASSPVHEQFF	5.742655392966792e-08
CASSPGHEQYF	1.290995547865785e-06
CASSLGGYEAFF	5.993099440579055e-08
CATSEGGYEQYF	2.6467341423657603e-07
CASSLGGYEQYF	5.585526269733342e-06
CASSSQGNTEAFF	8.931352578332479e-07
CASSSQGITEAFF	5.623804872947249e-08
CASSLGGSSYNEQFF	7.876006717079232e-07
CASSLGGSGYNEQFF	5.0519957075878424e-08
CASSPGTSTDTQYF	4.194147504741154e-07
CASSPTTSTDTQYF	5.2345713424239306e-08
CASSEWGQETQYF	7.72717622746725e-08
CASSEVGQETQYF	8.863678621020375e-08
CTSSLGGSGANVLTF	5.197201016220104e-12
CASSLGGAGANVLTF	2.2168049465209748e-07
CASSLLGVGTEAFF	1.555583475774819e-08
CASSLTGVGTEAFF	3.927529204843927e-08
CASSLDGNEKLFF	1.0136250381929353e-07
CASSLLGNEKLFF	1.5668129857630387e-07
CASRSSAEAFF	1.877715331395289e-08
CASRSSYEQYF	1.1266191684002877e-06
CASSRGGVAFF	4.724996739480414e-08
CASSRGGGYTF	1.6131342495767571e-06
CASSSRNSYEQYF	1.3050256213000234e-07
CSASSANSYEQYF	1.4201482030218299e-09
CASSGTSNTEAFF	1.368206261044475e-07
CAWSGGSNTEAFF	1.1473581569046572e-08
CASSPTGSTDTQYF	2.3205729547331183e-07
CASSPTTSTDTQYF	5.2345713424239306e-08
CASSLTDNYGYTF	9.840155203495297e-08
CASSLTVNYGYTF	1.1033573313449157e-07
CASSLTSGGSYEQYF	1.5501318584699374e-07
CASSRTSGGSYEQYF	1.6261469390538092e-07
CASSPPGGYEQFF	4.29503229793567e-08
CASSFPGGYEQYF	6.437679728783841e-07
CASSPRTGGEQYF	1.0852732066994799e-07
CASSPRTGYEQYF	5.648670125509124e-07
CASSFLNEQFF	2.4302094001465593e-07
CASSFYNEQFF	3.6073854948236056e-07
CASSSTGSNQPQHF	4.821524895516949e-07
CAWSSDGSNQPQHF	9.829527354522987e-10
CASSLALDEQFF	1.367295639851144e-07
CASSLAGDEQFF	9.283602082708462e-07
CSVGQGVNTEAFF	2.4380562812142043e-08
CASSQGVNTEAFF	7.622365158836755e-07
CASSLGDVQYF	6.305314962355284e-09
CASSLGDTQYF	1.054481781996155e-06
CASSSPGQGTYEQYF	9.437621357108366e-08
CASSSPGQGSYEQYF	2.5305279862551784e-07
CASSPGQGNYGYTF	6.577556885219612e-07
CASSPGQFNYGYTF	2.9281192753298903e-08
CASSGLAKNIQYF	4.214530117470826e-07
CARIGLAKNIQYF	4.691020719310732e-09
CASSLAENTEAFF	2.498381919721037e-07
CASSLRENTEAFF	4.623843180650347e-07
CASSLGGAQETQYF	3.8282332866879777e-07
CASSLGGPQETQYF	3.609518148274717e-07
CASSLTGNTEAFF	1.1686662375817784e-06
CASSLTGDTEAFF	6.066809091959849e-07
CASSRTGGNQPQHF	8.616537533523234e-07
CASSRSGGNQPQHF	1.7271038049485088e-07
CSASTWNEQYF	1.123325025832942e-09
CASSTLNEQFF	2.085558463806906e-07
CASSPTGGSYEQYF	5.043368319335414e-07
CASSPTGGIYEQYF	5.373792372781241e-08
CASSFSGTDTQYF	3.769170850175069e-07
CASSKSGTDTQYF	9.589985630122598e-08
CASSPGSYNEQFF	8.712586576224524e-07
CAWSPASYNEQFF	4.54552919738329e-09
CASSRGQSNQPQHF	3.0987409602009166e-07
CASSYGQSNQPQHF	8.291443163433712e-08
CASSFSGELFF	1.7222423363263678e-07
CASSFSAEAFF	7.863365322327595e-08
CASSLTGTSYEQYF	2.762873664596218e-07
CASSLTGLSYEQYF	2.0414851823538316e-07
CASSFLNEQFF	2.4302094001465593e-07
CASSTLNEQFF	2.085558463806906e-07
CSVGQGVNTEAFF	2.4380562812142043e-08
CAWGQGSNTEAFF	4.466062616603196e-09
CASSLSSYEQYF	1.7360108772173422e-06
CASSLSDYEQYF	3.935101683336307e-07
CASSLGETQYF	2.4559928158563386e-06
CASSLGETQYF	2.4559928158563386e-06
CASSLGDTQYF	1.054481781996155e-06
CASSPLYNEQFF	4.914886867200427e-07
CASSRLYNEQFF	5.818850514552006e-07
CASSIGYEQYF	7.499824146284147e-07
CASSIGAEQYF	8.768167084490566e-08
CASSLGGNTGELFF	1.0009823060693426e-06
CASSPGGNTGELFF	7.460514557449259e-07
CASSRDSYNEQFF	6.096846592317498e-07
CASSRTSYNEQFF	5.147098664715999e-07
CAISEGETQYF	4.394762660334661e-08
CASSEEETQYF	4.5874944818574767e-07
CASSLQGNYGYTF	7.356519595152528e-07
CASSYQGNYGYTF	1.9826096260781986e-07
CASSLTGGNEQYF	1.7767678253131456e-07
CASSVTGGNEQFF	9.195002786802848e-08
CASSLGISYNEQFF	9.288715149225567e-08
CASSLGSSYNEQFF	7.770655138506148e-07
CASSGTGGNQPQHF	1.0014331913098255e-06
CASSRTGGNQPQHF	8.616537533523234e-07
CASSLTGDTEAFF	6.066809091959849e-07
CASSFTGDTEAFF	1.4178915292635022e-07
CASSYGPYNEQFF	1.307114831846614e-07
CASSYGPYNEQFF	1.307114831846614e-07
CASSQGPYNEQFF	3.2255842592667633e-07
CASSPGQGGYGYTF	4.21711776330594e-07
CASSPGQGNYGYTF	6.577556885219612e-07
CASSLYQETQYF	2.9188624938283475e-07
CASSLAQETQYF	7.895343027291961e-07
CASSFPGGELFF	7.75866411109171e-08
CASSLPGGEQFF	1.8862185815694366e-07
CASSETGSSYNEQFF	8.831750635434605e-08
CASSQTGSSYNEQFF	7.60833240824098e-08
CASSVRENTEAFF	1.7260077141147411e-07
CASSLRENTEAFF	4.623843180650347e-07
CASSLLGTYEQYF	3.635445193910659e-07
CASSLVGTYEQYF	3.7968952692417415e-07
CSGSPGQNTEAFF	6.502121453556742e-10
CASSYGQNTEAFF	1.272952614883246e-07
CSGSPGQNTEAFF	6.502121453556742e-10
CASSPGANTEAFF	6.945662165055014e-07
CASSLGTGEAFF	3.238175630156788e-07
CASSLGTHEQYF	1.8878712739123112e-07
CATSRGLETQYF	4.979669679522635e-08
CASSRGKETQYF	7.357559262189616e-07
CASSAGGAYEQYF	8.335787068254015e-07
CASSYGGAYEQYF	5.587187794139827e-07
CASSLRDTQYF	8.218691303324323e-07
CASSLGDTQYF	1.054481781996155e-06
CSASHGGQETQYF	5.281538374520902e-09
CASSLGGQETQYF	2.0254570407851923e-06
CASSPDRNYGYTF	2.3597532498816667e-07
CASSWDRNYGYTF	1.2748564973413587e-07
CASSLGPQETQYF	4.420995427150477e-07
CASSLGGQETQYF	2.0254570407851923e-06
CASSSGQGNYGYTF	3.243925420518786e-07
CASSPGQGNYGYTF	6.577556885219612e-07
CAWSLGGNTEAFF	1.7677808525651908e-08
CASSLGGRTEAFF	4.817513144452997e-07
CSARQGTDTQYF	1.552427773124547e-07
CASRGGTDTQYF	2.1953599588593374e-06
CASSLVGIEQYF	3.510900167955072e-08
CASSLVGTEAFF	3.368316326029663e-07
CSASPGGDEQYF	4.286838580602389e-08
CASSRGGDEQYF	1.0915142740636903e-06
CASSLTGGNEQYF	1.7767678253131456e-07
CASSLGGGNEQFF	1.195807210737736e-06
CASRAGGNTEAFF	3.1532721596288346e-07
CASRQGGNTEAFF	5.063034130704906e-07
CASSLGNTEAFF	1.748698042549356e-06
CASSLPNTEAFF	3.543371136728221e-07
CASSLMGDEQFF	2.403726559400085e-08
CASSLAGDEQFF	9.283602082708462e-07
CASSSTDTQYF	1.4988011619225659e-06
CATMSTDTQYF	8.975122109907344e-09
CASSLDSYEQYF	1.9894903036004975e-06
CASSLSSYEQYF	1.7360108772173422e-06
CASSSGGNQPQHF	1.9628274972685905e-06
CATSRGGNQPQHF	1.6764590632393194e-07
CASSLEGGTEAFF	3.528538781334902e-07
CASSLDGGTEAFF	1.4646091171703202e-07
CASSSGGGYTF	1.2281235049378227e-06
CASSRGGGYTF	1.6131342495767571e-06
CASSLAGREQFF	2.016648380313806e-07
CASSLAGDEQFF	9.283602082708462e-07
CAWSVGDTQYF	1.843849086216522e-08
CASSLGDTQYF	1.054481781996155e-06
CASSLGGSYEQYF	3.630967809608821e-06
CASSLKGSYEQYF	4.0634371836385334e-07
CASSRNNEQFF	6.098780264613046e-07
CASSRRNEQFF	9.336839376688951e-07
CASSLAETQYF	1.144616327696795e-06
CASSLGETQYF	2.4559928158563386e-06
CASSLGETQYF	2.4559928158563386e-06
CSVRNTGELFF	3.551253004437445e-08
CSARRTGELFF	1.2528558401329908e-07
CASSPGGIEQYF	1.2454444132319015e-07
CSASPGGDEQYF	4.286838580602389e-08
CASSLDGGEQFF	6.192733659916101e-08
CASSLPGGEQFF	1.8862185815694366e-07
CSASRTDTQYF	1.3863960809211008e-07
CASSSTDTQYF	1.4988011619225659e-06
CAISEGETQYF	4.394762660334661e-08
CASSLGETQYF	2.4559928158563386e-06
CASSLGETQYF	2.4559928158563386e-06
CASSPGLEAFF	1.865643109368583e-07
CASSPGHEQYF	1.290995547865785e-06
CASSLTGNTEAFF	1.1686662375817784e-06
CAWSLGGNTEAFF	1.7677808525651908e-08
CSARESYEQYF	1.8287235147190021e-07
CASRSSYEQYF	1.1266191684002877e-06
CASSRSTDTQYF	1.2774817662288052e-06
CASSFSTDTQYF	4.706593077669547e-07
CASSISYEQYF	8.331853890108699e-07
CASSPSYEQYF	2.6588211301764883e-06
CASSGGYEQYF	6.841295868643249e-06
CASSGGYEQYF	6.841295868643249e-06
CASSGGYEQYF	6.841295868643249e-06
CASSIGYEQYF	7.499824146284147e-07
CASSLSHRVEDTQYF	2.026216102121844e-10
CASSLSHRVEDTQYF	2.026216102121844e-10
CASSFATGPQVNIQYF	2.7478603682445074e-13
CASSFATGPQVNIQYF	2.7478603682445074e-13
CASTRTGAEPQHF	1.0181133356584111e-09
CASTRTGAEPQHF	1.0181133356584111e-09
CASRRTHGNQPQHF	1.4361333075153003e-09
CASRRTHGNQPQHF	1.4361333075153003e-09
CASSLGSGGTYGYTF	5.319317647181677e-09
CASSLGSGGTYGYTF	5.319317647181677e-09
CSVRTSGSSYNEQFF	7.034042186479472e-09
CSVRTSGSSYNEQFF	7.034042186479472e-09
CASSVESSYNSPLHF	1.8146665804017136e-08
CASSVESSYNSPLHF	1.8146665804017136e-08
CASSNTVNQPQHF	1.4008742448900845e-08
CASSNTVNQPQHF	1.4008742448900845e-08
CASSLVSQQSSYNEQFF	8.660392214370444e-11
CASSLVSQQSSYNEQFF	8.660392214370444e-11
CASSVAPDPYNEQFF	1.0217446005856222e-09
CASSVAPDPYNEQFF	1.0217446005856222e-09
CAISEAGVRNEQFF	2.230788434712741e-10
CAISEAGVRNEQFF	2.230788434712741e-10
CAISEAGVRNEQFF	2.230788434712741e-10
CASSPPSDEQYF	7.671781325786089e-08
CASSPPSDEQYF	7.671781325786089e-08
CASSPPSDEQYF	7.671781325786089e-08
CASSPPSDEQYF	7.671781325786089e-08
CSARVGSTEAFF	1.7421642710742527e-08
CSARVGSTEAFF	1.7421642710742527e-08
CATSDRRRDRGIDEQFF	5.232112840058039e-13
CATSDRRRDRGIDEQFF	5.232112840058039e-13
CATSDRRRDRGIDEQFF	5.232112840058039e-13
CASSPQRQGSYNEQFF	1.8905529267351304e-09
CASSPQRQGSYNEQFF	1.8905529267351304e-09
CASSSYWAGELFF	1.8171831046743595e-09
CASSSYWAGELFF	1.8171831046743595e-09
CASSSYWAGELFF	1.8171831046743595e-09
CASSLNPNTGELFF	1.7590682481766727e-08
CASSLNPNTGELFF	1.7590682481766727e-08
CASSWGLASYNEQFF	2.0265730404247395e-08
CASSWGLASYNEQFF	2.0265730404247395e-08
CASSGGQGYNEQFF	1.607512161279928e-07
CASSGGQGYNEQFF	1.607512161279928e-07
CSAYSFTAGNTIYF	1.9751703719248302e-12
CSAYSFTAGNTIYF	1.9751703719248302e-12
CSVEPDRGRVETQYF	4.092058038590378e-11
CSVEPDRGRVETQYF	4.092058038590378e-11
CASSFTEAFF	2.849861892919172e-07
CASSFTEAFF	2.849861892919172e-07
CASSQVRQQETQYF	9.487467123040008e-09
CASSQVRQQETQYF	9.487467123040008e-09
CASSQVRQQETQYF	9.487467123040008e-09
CASSSWDRDNSPLHF	6.151740431707805e-09
CASSSWDRDNSPLHF	6.151740431707805e-09
CASSSWDRDNSPLHF	6.151740431707805e-09
CASSSWDRDNSPLHF	6.151740431707805e-09
CASSSWDRDNSPLHF	6.151740431707805e-09
CASVGGPANTGELFF	2.3220667921345255e-09
CASVGGPANTGELFF	2.3220667921345255e-09
CASSQVSLAAFSSYNEQFF	4.747213120690833e-12
CASSQVSLAAFSSYNEQFF	4.747213120690833e-12
CSAWQTRGGIVVETQYF	7.941611679086684e-17
CSAWQTRGGIVVETQYF	7.941611679086684e-17
CATSSPGAYTDTQYF	1.5550926918180008e-10
CATSSPGAYTDTQYF	1.5550926918180008e-10
