CASSVAYRGDEQFF	8.104659960710386e-10
CASSVAYRAGELFF	1.598872860910368e-09
CASSVAYRGTYNEQFF	3.258932152307337e-10
CASSVAYRGNEQYF	1.2733794916712572e-09
CASSDSDDGDETQYF	2.4094675323708617e-14
CASSDSDSTEAFF	1.4548641299707724e-08
CASSDSDLNEQFF	2.742155833339845e-09
CATSDSDSLGYGYTF	1.6251523876595736e-10
CASSDSDNTEAFF	1.1790891823449462e-08
CASSDSDLLPGRDF	1.5309961862526877e-16
CASSLGTGYEQYF	1.303878712241786e-07
CASSHGTGYEQYF	1.7582429776776887e-08
CASSSGTGYEQYF	1.068822797328823e-07
CASSQGTGYEQYF	3.683823116629079e-08
CASSMGTGYEQYF	2.3277860595906727e-08
CASSIGIPEAFF	3.514345461431233e-11
CASSIGIGIEQFF	5.22682559491702e-11
CASSIGISGYTF	9.625672564464986e-10
CASSIGIGTYEQYF	0.0
CASSIGISGANVLTF	2.5223800732002284e-09
CASSNRGGNEQYF	1.9828717145283177e-09
CASSNRGGNIQYF	8.349041069958252e-10
CASSYTWGSNQPQHF	1.880638214101003e-09
CASSPTWGSNQPQHF	2.2635461310949195e-10
CASSFKAGVLFNEQFF	4.890560494973923e-14
CASSFKAGVLFTEQFF	3.837291878936147e-16
CASSESTDTGELFF	4.681163901278628e-09
CASSEGTDTGELFF	5.167774372713288e-09
CASSIGQGIEAFF	1.4354854540144076e-09
CASSIGIGIEQFF	5.22682559491702e-11
CASSEGQGASYEQYF	1.0797648419077315e-08
CASSEGPGASYEQYF	9.754275391575228e-10
CASSLSRGLLNPQYF	8.046492573857482e-14
CASSLSRGLLNEQFF	3.4082169889310965e-10
CSAGQQGTNEKLFF	2.196441225654929e-11
CASGRQGTNEKLFF	4.5292819028998766e-10
CASSVAYRGDEQFF	8.104659960710386e-10
CASSVAYRGNEQYF	1.2733794916712572e-09
CASSFGNTEAFF	6.684618939702687e-09
CASSLGNTEAFF	2.144465877682411e-08
CASSYGNTEAFF	9.299092580515556e-09
CASSMGNTEAFF	4.3845131727604947e-08
CASSRGNTEAFF	1.918204527133797e-07
CASSEDMSSYEQYF	4.173815322713271e-10
CASSEDMRTGPIETQYF	1.461582121966807e-14
CASSEDMGSRRKQYF	1.5168189610146347e-15
CASSDSDSTEAFF	1.4548641299707724e-08
CASSDSDNTEAFF	1.1790891823449462e-08
CASSQGALWEQFF	5.086189388672947e-12
CASSQGALGEQYF	4.0229208436325875e-10
CASSFRDTFYEQYF	8.022815754705147e-11
CASSFRDFFYEQYF	1.6567189946549403e-10
CSARDRTGNGYTF	7.002871838547345e-09
CSARDGTGNGYTF	6.414308171593734e-09
CASSDPGNSNQPQHF	1.6725813825435342e-09
CASSDPGQSNQPQHF	4.861139625324048e-10
CASSLGQIEAFF	2.0798238910713727e-09
CASSLGQIARDF	8.915463719550121e-14
CASSPGAGRYNEQFF	3.3488111599615085e-10
CASSPPAGRYNEQFF	1.0574980811166964e-10
CASSESYEQYF	1.4563047284476973e-08
CASSYSYEQYF	8.548548275926981e-08
CASSASYEQYF	2.9780192453753248e-08
CASSNSYEQYF	4.471886221980292e-08
CASSFSYEQYF	9.386811345862004e-08
CASRSGQGVETQYF	4.2152120042101283e-10
CASGSGQGVETQYF	9.700879175196964e-10
CASSPQGPYYGYTF	4.3037882946887165e-10
CASSPQGAYYGYTF	1.2057571384675113e-09
CASSQEPSNEQFF	3.542097233201371e-09
CASSQEPSYEQYF	1.6444126417244226e-08
CASSLEAGGREQYF	2.2529873050996878e-10
CASSLEAGEREQFF	4.6475591367233074e-11
CASSFLAAATDTQYF	8.246963608549012e-11
CASSFLAASTDTQYF	1.85434690842644e-09
CASSMGQGSYEQYF	3.217386338583854e-08
CASSMGQGSHEQYF	6.125065740889684e-10
CASSLWTSGKLQETQYF	5.531025270645585e-12
CASSLGQGKLQETQYF	1.218419316678584e-10
CASSPTSKLQETQYF	1.5318577609118133e-11
CASSGPTGELFF	1.2157086929029912e-08
CASSYPTGELFF	2.0936485417563482e-08
CASSPPTGELFF	8.262814434636196e-09
CASSEGLDTGELFF	3.164959952193182e-09
CASSEGTDTGELFF	5.167774372713288e-09
CASSEELAKNIQYF	3.157900921025063e-09
CAWSEILAKNIQYF	3.4841370862372384e-10
CASSFNTGELFF	5.196519929583928e-09
CASRFNTGELFF	1.285865310511102e-09
CASSQERGGQETQYF	5.171608678905366e-09
CASSQERGSQETQYF	1.5342496469978367e-09
CASSESTDTGELFF	4.681163901278628e-09
CASSESPDTGELFF	1.3942132529892255e-09
CASSFGTGNSPLHF	7.601100292084438e-09
CASSFGTGSSPLHF	1.2977148014904042e-09
CSAKLYLSGSGYTF	4.716760453974423e-14
CASSLYLSGATYEQYF	5.250295892105992e-12
CASSLYLSGEDLAKNIQYF	3.8443442405126937e-14
CSASLGVGAKNIQYF	3.650362590769682e-10
CASSLAVGAKNIQYF	2.2452349396023082e-10
CASSYSVDVQPQHF	5.807050528533914e-11
CASRVDVQPGELFF	1.7379586888452506e-13
CSAREAPGGDVQPQHF	8.965361483955949e-13
CASSLVNEQFF	2.9301403305174253e-08
CASSRVNEQFF	8.155150295549528e-09
CASSSVNEQFF	5.577015756955258e-09
CATSDGVNEQFF	1.391665740603711e-08
CASSDGVTYNEQFF	9.794923573993668e-11
CASSDGVYEQYF	1.4117208550920355e-08
CASSDGVAKNIQYF	1.545091012826716e-09
CSVGQGGTNEKLFF	4.147329342128663e-09
CSAGQQGTNEKLFF	2.196441225654929e-11
CASSLANTEAFF	4.528874842273524e-08
CASTLANTEAFF	1.2156220775656078e-09
CATSDGVNEQFF	1.391665740603711e-08
CASSDGVYEQYF	1.4117208550920355e-08
CSVAGGAYNEQFF	1.9105079909337835e-08
CSAAGGAANEQFF	7.017519252397882e-10
CASSLVGPTDTQYF	5.110926408583753e-09
CASSLVYPTDTQYF	1.3313292858801845e-09
CASSTASGSYNEQFF	5.159986756471218e-10
CASSTTSGSYNEQFF	4.887918757913215e-09
CASSVAGQGTDTQYF	4.036101266912919e-10
CSASVAGAGTDTQYF	3.535933589294689e-10
CASRNPNRSYQPQHF	1.7076148285509278e-13
CASSPNRSYGYTF	4.92317422507939e-10
CASGLELYNRSYEQYF	3.3615010422970026e-13
CASSLSGRSDTQYF	2.347891658463042e-09
CASSLSGYSDTQYF	5.075672638113856e-11
CASRPGLAVDEQFF	7.562487757993214e-11
CASRPGLAVYEQYF	3.7452034152357216e-10
CASSPRTGTNTGELFF	4.0024512992696787e-10
CASSPRTGANTGELFF	6.78248817587473e-10
CASSEGQGGTEAFF	1.8215443998922798e-09
CASSEGQGGYEQYF	1.793022321141953e-08
CSVGQGGTNEKLFF	4.147329342128663e-09
CSVGSGGTNEKLFF	1.0725273992299158e-09
CASSFGDSLEQYF	3.4531363479275515e-10
CASSFGDSWEQYF	4.050141307220455e-11
CASSSGTGNTEAFF	1.123318513241442e-08
CASSLGTGNTEAFF	2.832190300054151e-08
CASSPGTGNTEAFF	4.825871363232063e-08
CASSQRGSGELFF	7.192056138699333e-10
CASSQDGSGELFF	2.634429660038449e-09
CASSLGVAGSYEQYF	1.8509565662845395e-10
CASSLGVAGSDEQYF	1.2949254649110108e-12
CASSYGDTYNEQFF	9.703696320555726e-10
CASSYGGTYNEQFF	6.4751593208942965e-09
CASSLSGELFF	2.6337890634433996e-08
CASSLTGEAFF	4.655597863263564e-09
CASSLGGELFF	9.538754453560877e-09
CASSLTGELFF	1.0505651079985751e-08
CASSQDGDVGELFF	1.8639095614042593e-10
CASRLAGDVGELFF	1.8466213638343954e-11
CASSVDVGEETQYF	8.819360331756435e-10
CAWSDVGEQYF	8.918264149859953e-10
CASSIGTYGYTF	3.327930991228613e-08
CASTSIGTYNEQFF	4.1738038587581817e-11
CASSIGIGTYEQYF	0.0
CASSIDRIGTYSNQPQHF	8.823362808767432e-12
CASSPWTGNNEQFF	3.634384268047674e-10
CASSVWTGNNEQFF	1.2352636373681003e-10
CASSLDSYNEQFF	2.8442154835985593e-08
CASSLDSYREAFF	5.3566445396963684e-11
CSARVRENTEAFF	1.9953391027201496e-08
CSGGVRENTEAFF	1.6289494838981008e-10
CASSLSSGGDNEQFF	8.87376855569942e-10
CASSLTSGGDNEQFF	4.528284187209313e-09
CASSDPQGYGYTF	6.316920368706444e-10
CAWSGPQGYGYTF	2.4160698191043904e-09
CASSLTSPYEQYF	1.0543578740598079e-08
CASSPTSPYEQYF	9.851009520328401e-10
CAWASFGENTGELFF	8.712693002446576e-13
CASSEFGENTEAFF	1.4998833926835553e-09
CASSNPFGENYGYTF	2.81596175243398e-12
CAWSPGGEKLFF	1.831475092644092e-08
CASSPGGETQYF	6.352116125721552e-08
CASSPGLAVYEQYF	2.7311029089914027e-09
CASRPGLAVYEQYF	3.7452034152357216e-10
CASSFGQDQPQHF	3.5073339146698845e-09
CASSFGLDQPQHF	2.109844767356859e-09
CATSDPVLGYGYTF	3.2124662845043996e-10
CASSDPVTDQPQHF	8.270474426380229e-11
CASSDPVGSSPLHF	1.662294104143403e-12
CASSLDGLGNEQFF	3.154543565431464e-10
CASSLQGLGNEQFF	1.616039407398134e-10
CAISEGPPGELFF	1.1008053174396929e-09
CASSLGPPGELFF	1.0766242932587453e-09
CASSLDLGSYEQYF	3.7847383714576e-09
CASSLGLGSYEQYF	1.528631753895106e-08
CSARRGANTGELFF	4.0375129133892444e-08
CATRRGADTGELFF	1.5693424024767877e-11
CASSQADYEQYF	2.63783094855793e-08
CASSQTDYEQYF	9.82029336319207e-09
CASSSGAINEQFF	2.9661426839114526e-10
CASSSGAYNEQFF	2.046446674110487e-08
CASSSGDSYEQYF	9.355466502828877e-09
CASSKGDSYEQYF	1.0713959245433834e-08
CASSLGDSYEQYF	5.958609514574617e-08
CASSQDLYEQYF	2.415194652143464e-08
CASSQGLYEQYF	1.9244781779356025e-08
CASSLRDRVHEQYF	1.204030500110728e-10
CASSLRDRVYEQYF	8.508214939563708e-09
CASSDSDSTEAFF	1.4548641299707724e-08
CSVELPDSDSNQPQHF	1.1654856691866482e-11
CATSDSDSLGYGYTF	1.6251523876595736e-10
CASSGDSDSCTEAFF	5.203050877628232e-13
CASSGQNTEAFF	2.5986925551731916e-08
CASSGQGTEAFF	2.208460028343627e-08
CSARDLAGGYEQYF	3.500958206060994e-08
CSARDLLGGYEQYF	1.1578899915253639e-08
CASSGTAAYEQYF	6.282102956785018e-09
CASSGGAAYEQYF	1.8505103000584446e-09
CASSTGRSQHF	4.03952900663832e-10
CASSTGREAFF	9.178197849042441e-09
CASSLGFAYEQYF	4.162059081057694e-09
CASSLGQAYEQYF	1.567500042161753e-08
CASSLGGAYEQYF	1.5607603364364688e-08
CASSLGGAYEQYF	4.708303797175908e-08
CASSRGGDTDTQYF	6.494759072508291e-09
CASSGGGDTDTQYF	8.944686505688332e-09
CASSLGQNTEAFF	1.4618282035216112e-08
CASSLGQNTEAFF	3.3726408595271374e-08
CASSLGQNTEAFF	3.5028393005645505e-08
CASSLGQNNEQFF	2.241386722605884e-09
CASSPGSPYEQYF	1.947983594282318e-09
CASSPTSPYEQYF	9.851009520328401e-10
CASSSSTGYEQYF	2.566607874060095e-09
CASSSGTGYEQYF	1.068822797328823e-07
CASSLRGPYEQYF	1.0134718670453817e-07
CASSLRVPYEQYF	1.4064783470068376e-08
CASSLAIGGGETQYF	2.375815704884468e-10
CASSLAAGGGETQYF	1.5246131098158164e-09
CASSDPISSYNEQFF	4.0558022864368855e-10
CSTSDPISYEQYF	0.0
CATSDPIAGGYNEQFF	4.713416849892364e-10
CASSLGYNEQFF	5.8198671614260414e-08
CASSLGYNGYTF	1.7719533443972961e-09
CSARGRTSEVAEQYF	7.136896580599563e-13
CASSETSEVYNEQFF	1.528715525669066e-11
CASSSKAGTSEVHEQFF	1.0101570610008096e-14
CASSWTLDRRTYEQYF	2.4198761190738845e-13
CASSWTLGPSGRYDEQYF	9.747137252392087e-18
CASSWTLNTEAFF	1.4211572461171103e-08
CASSLGTAPYEQYF	4.235996009265476e-09
CASSLGTGPYEQYF	7.636784137717361e-09
CASSLNGGYEQYF	7.699416050055665e-09
CASSLEGGYEQYF	3.2165342945922886e-08
CASSLTGGYEQYF	1.199158085210418e-07
CASSWGQTYEQYF	3.5006572079579868e-09
CASSWGQSYEQYF	3.2368119879933923e-09
CASSSPRGSYEQYF	1.4787925954212163e-08
CASSSPAGSYEQYF	1.3006625554335744e-09
CAISNWGYEQYF	7.896813308958275e-10
CASSFWGYEQYF	1.4468796762685782e-08
CASSLGPEAFF	4.384849766276285e-08
CASSLGYEQYF	1.534774830539445e-07
CATSLGSEQYF	2.4347941004118947e-09
CASSLGGELFF	9.538754453560877e-09
CASSLGVGSYEQYF	1.507413847940414e-09
CASSLGSGSYEQYF	5.080283928924345e-08
CASSLGLGSYEQYF	1.528631753895106e-08
CASSYEGLGYGYTF	1.3290319631670288e-09
CASSYEGLPNTGELFF	3.7893179626113315e-10
CASSYEGLSYNEQFF	2.3201601708891435e-10
CASSPGLAGGEQFF	3.707644342558106e-10
CSATPGLAGGEQYF	1.6286131891204582e-09
CASSLTAYNEQFF	2.049696153341545e-08
CASSLTGYNEQFF	3.319577035668738e-08
CASRANSNQPQHF	6.594356485312727e-09
CASRAGSNQPQHF	1.856276140320836e-08
CAWSGTGAYEQYF	3.166933101045519e-08
CASSGTAAYEQYF	6.282102956785018e-09
CAWSVGLEAFF	4.076363722493942e-09
CASSVGTEAFF	1.7377686643199578e-08
CASSVGGELFF	2.1629353424971803e-08
CASSPNSYEQYF	2.2460819712612367e-09
CSVVPNSYEQYF	1.6487080496039432e-09
CATSWDTGELFF	3.869591034716171e-09
CASSWYTGELFF	8.19009530551633e-10
CASSPPADTQYF	2.654132487070903e-08
CASSPPPDTQYF	1.3069352523959764e-09
CASIGAGGAFF	7.905607353782446e-11
CSAPGAGGYTF	1.3168623576817204e-08
CASSLGGPGEQYF	4.643865902613867e-09
CASSLGPPGELFF	1.0766242932587453e-09
CASSSGDEQYF	1.1603256836522274e-07
CSASSGDGYTF	2.775423555861752e-08
CASSLGLAGVTDTQYF	3.4936920219979332e-09
CATSKGLAGVTDTQYF	1.6872364006355417e-10
CASSLLVGTDTQYF	6.7756396898647155e-09
CASSLLSGTDTQYF	1.2941809098765269e-08
CASSYSTYNEQFF	5.47399990214767e-10
CASSFSTYNEQFF	7.870396484418989e-09
CASSADGMNTEAFF	1.7413240349538936e-10
CASSGDGMNTEAFF	3.6502360473403716e-10
CASSYRGLSYEQYF	7.424936804387637e-09
CASSYRGRSYEQYF	5.3394502683262796e-08
CASSLGLGGYEQYF	4.064562471528923e-09
CASSLGLGSYEQYF	1.528631753895106e-08
CSATGGGDTEAFF	6.73321708530307e-10
CSAGGGGDTEAFF	8.627437575940956e-09
CASSWTLNTEAFF	1.4211572461171103e-08
CSASWGLNTEAFF	1.7726892918054528e-08
CASSQGRNTEAFF	5.8763481647625655e-08
CAYGQGRNTEAFF	3.793749774714618e-10
CASSLGPNTEAFF	4.396700331716619e-08
CASSLGENTEAFF	7.685454832647249e-09
CASSLGQNTEAFF	1.4618282035216112e-08
CASSLGQNTEAFF	3.3726408595271374e-08
CASSLGQNTEAFF	3.5028393005645505e-08
CASSRRVGEQYF	2.7961275166148622e-09
CASSRRDGEQYF	1.8396628493440422e-09
CATGTGDSNQPQHF	1.6838922986179034e-09
CAISTGDSNQPQHF	4.9896299316088185e-09
CASSLVGTEAFF	3.236102820415859e-08
CASSLVPTEAFF	4.5669159243805564e-09
CASSLPGNEQFF	3.37818583915147e-08
CASSLAGNEQYF	2.9259111469593626e-08
CASSLGGNEAFF	5.316082864193038e-09
CASSLGYNEQFF	5.8198671614260414e-08
CASSLGGNEAFF	5.316082864193038e-09
CASSLGVNEQFF	3.5902418559705508e-09
CASSSRTGSYEQYF	2.195623742376148e-08
CASSSGTGSYEQYF	1.048686924344765e-08
CATSEDRAGANVLTF	2.4356954890190474e-10
CATSRDRAGANVLTF	7.56577538405236e-09
CASSLQASYEQYF	7.816026747654273e-09
CASSLQRSYEQYF	5.474986639797967e-09
CASSASNEQFF	2.8840267762877148e-08
CASSASYEQYF	2.9780192453753248e-08
CASSQGTGSYGYTF	2.3656662572605123e-09
CASSQGTGQYGYTF	5.836674132590448e-10
CASSPWRGGTDTQYF	3.8749329574328373e-10
CASSPERGGTDTQYF	3.764633064593257e-09
CASSLGGNEAFF	5.316082864193038e-09
CASTLGGNEQFF	1.6788983627116124e-09
CTSSSGYGYTF	5.82361809523944e-11
CASSSGYEQYF	1.6346816505748647e-07
CASSASGGTDTQYF	1.5777961520234628e-08
CASSASGSTDTQYF	6.799930937242185e-09
CASSGSGEQFF	7.924486654802767e-09
CASSLSGELFF	2.6337890634433996e-08
CASSISGEQYF	3.9444208149890824e-08
CASSEGANYEQYF	3.847790373504114e-09
CASSEGASYEQYF	4.7510405705074924e-08
CASSFGGNYGYTF	3.409478707500791e-09
CASSFQGNYGYTF	1.0134494110356781e-08
CASSSVNEQFF	5.577015756955258e-09
CASSSVHEQYF	3.4086504950032786e-09
CASSFGSTGELFF	2.989242086372489e-09
CASSFGDTGELFF	1.9237739877427202e-08
CASSLGSGGSYEQYF	8.084607549076842e-09
CASSLGAGGSYEQYF	2.8024825053078033e-09
CSARQINTGELFF	2.1442227695644447e-09
CATRQGNTGELFF	2.573892444321082e-08
CASSSGGNTEAFF	5.0824005562098135e-08
CASSVGGNTEAFF	2.0668454391739974e-07
CASSFGGNTEAFF	9.461514964399331e-09
CATSDRSEQFF	5.080492685339455e-12
CASSDRREAFF	6.764534137948882e-09
CASSPPADTQYF	2.654132487070903e-08
CASSPRADTQYF	3.248473660280862e-08
CASSLGQNNEQFF	2.241386722605884e-09
CASSLGGNNEQFF	2.4683189316266208e-08
CASSELAGGPDTQYF	3.0962247421880444e-09
CASSELAGGPDTQYF	3.0962247421880444e-09
CASSELAGGPDTQYF	3.0962247421880444e-09
CASSFLAGGPDTQYF	5.844508151431711e-10
CASRDRMNTEAFF	1.419884328761002e-08
CATSDRMNTEAFF	3.3660225022718165e-08
CASSLQASYEQYF	7.816026747654273e-09
CASSLTASYEQYF	9.670966230310591e-09
CASSLEQGYYEQYF	1.1471223100598263e-09
CASSLEQGSYEQYF	1.4711031227676223e-08
CASSSGDGSYEQYF	1.965343617702818e-09
CASSSGTGSYEQYF	1.048686924344765e-08
CASSFEGETQYF	5.337704798867797e-09
CASSYEGETQYF	1.0790122754907867e-08
CASSPGTSSYNEQFF	4.821183237859294e-09
CASSPGTSDYNEQFF	1.3069473134365825e-10
CASSLGQGANNEQFF	8.310949521780373e-10
CASSLGQGAINEQFF	3.5534234763897265e-10
CASSRPANTEAFF	2.58080960459212e-09
CASSRTANTEAFF	7.988814081001628e-09
CASGSNEQFF	2.8204406131592764e-09
CASGHNEQFF	1.8786834699888905e-09
CASGLNEQFF	1.7428118717440582e-09
CASGLNEQFF	7.155870562601683e-09
CAISPDSSNQPQHF	1.885766800722239e-09
CASSLDSSNQPQHF	2.211855696728059e-08
CASSLSGEETQYF	1.93983789171174e-08
CASSLSGTETQYF	1.3514068714553273e-08
CASSPSGSYNEQFF	4.468793708020256e-09
CASSISGSYNEQFF	2.4929249700779124e-08
CASSVDTNTEAFF	1.004447169487562e-08
CASSVDPNTEAFF	9.129956943276405e-09
CASRGDSEQFF	6.342493786972379e-10
CASRGDTEAFF	6.698384992412792e-08
CASSFSGGNEQYF	6.508759707223516e-09
CASSYSGGNEQFF	6.087291663406636e-08
CASSSTGSYEQYF	9.09686130322303e-09
CASSSTSSYEQYF	7.806408534706273e-09
CASSLGRGPYEQYF	3.2794847523842065e-09
CASSLGTGPYEQYF	7.636784137717361e-09
CAAGNYEQYF	1.8281083837075383e-09
CASRNYEQYF	1.0499044135356473e-08
CASSPGNEQFF	8.097003472507379e-08
CASSPGHEQYF	7.823309992122279e-08
CASSPGDEQYF	1.4197062564084668e-08
CASSLGYEQYF	1.534774830539445e-07
CASSLRYEQYF	1.0820846368831864e-07
CASSLDYEQYF	2.713283507999765e-08
CASSGGTEQFF	1.1307990377380268e-08
CAARGGTEAFF	7.093297508499931e-10
CAWTGGTEAFF	5.323544108053444e-08
CASSVGGGTEAFF	1.0355117064373634e-07
CASSVGAGTEAFF	2.9052747382709273e-08
CATSRDSSGANVLTF	7.512192365478598e-09
CASSEDSSGANVLTF	6.042768648246854e-09
CSVSGTGGDEQYF	1.210900231206143e-09
CATSGTGGYEQYF	6.697746379350862e-08
CASSVGTGLYEQYF	2.160340466230194e-08
CATSMGTGLYEQYF	9.762110629843127e-11
CASSSTGGADTQYF	2.0428308722663785e-09
CASSRTGGADTQYF	2.203175199017093e-09
CASGLNEQFF	1.7428118717440582e-09
CASGLNEQFF	7.155870562601683e-09
CASSLNEQFF	2.265940510181726e-08
CASSLANTEAFF	4.528874842273524e-08
CASSLALTEQYF	5.0881185329154645e-11
CASSPSGNYNEQFF	2.0080224493334788e-09
CASSPSGSYNEQFF	4.468793708020256e-09
CAWSFGGITEAFF	2.1467429425635235e-10
CASSFGGNTEAFF	9.461514964399331e-09
CASSRGGTGELFF	2.542094494691087e-08
CASSRGFTGELFF	2.4724725680408934e-09
CASSLVGQPQHF	6.8776239346896765e-09
CASSLSGQPQHF	3.075366164929461e-08
CASSLAIDEQFF	1.104765339710005e-09
CASSLAQDEQFF	1.8599547983326784e-09
CSARAGGYEQYF	3.349975845753504e-07
CASRAGGTEQFF	4.6227096787236374e-10
CASSSGGNTEAFF	5.0824005562098135e-08
CASSSGGHTEAFF	4.6478976955576564e-09
CASSLGLAGVTDTQYF	3.4936920219979332e-09
CASSLGLAGSTDTQYF	1.3118780138851386e-08
CASSLSGHSYNEQFF	3.204191517008753e-10
CASSLSGSSYNEQFF	4.391677218704189e-09
CASSLRGPYEQYF	1.0134718670453817e-07
CASSDRGPYEQYF	6.962008121442734e-09
CASSDSGVEQFF	1.488352788094603e-09
CASSDSGTEQFF	3.118902643213713e-10
CASSRGQGTGELFF	1.0219371528603306e-08
CASSSGQGTGELFF	4.81156952210358e-09
CASSFQGSEQFF	8.174504209345458e-10
CASSLQGSEAFF	2.53830379275233e-08
CASSTGISNQPQHF	3.995820595883349e-09
CAISTGDSNQPQHF	4.9896299316088185e-09
CASSFGGNTEAFF	9.461514964399331e-09
CASSFSGNTEAFF	2.8726307043228863e-08
CASSYSVGNEQFF	2.777266680889406e-09
CASSYSGGNEQFF	6.087291663406636e-08
CASSPGLAVYNEQFF	1.7502771174517085e-09
CASSPGLAGYNEQFF	3.228074668987355e-08
CASSVDPNTEAFF	9.129956943276405e-09
CASSSDPNTEAFF	1.176414228608023e-09
CASSPTSGGYNEQFF	1.7445753474696278e-09
CASSPTSGSYNEQFF	5.314128592530195e-09
CASSPAGSTDTQYF	3.422114093643145e-09
CASSPSGSTDTQYF	1.3314001196396928e-09
CSAREGSYEQYF	2.3717164875252818e-07
CSAREYSYEQYF	2.4213982723562098e-08
CASSPPTGELFF	8.262814434636196e-09
CASSPPAGELFF	1.6230525714420078e-09
CASSVGGRQPQHF	2.674972900555594e-09
CASSVGGSQPQHF	3.6749989591625286e-09
CASSLDRYEQYF	4.0248899743627664e-08
CASSFDRYEQYF	7.85877741914916e-09
CASRTDSSYEQYF	1.1766704523490058e-09
CASRGDSSYEQYF	2.0463411281153675e-08
CASSVGTGLYEQYF	2.160340466230194e-08
CASSVGTGVYEQYF	2.7176890843723077e-08
CASSLGENTEAFF	7.685454832647249e-09
CASSLIENTEAFF	3.874802447825712e-09
CASSLGGTGELFF	1.7051556765252618e-07
CASSLGGPGEQYF	4.643865902613867e-09
CASSSQDEQYF	6.894844483538233e-09
CASSSGDEQYF	1.1603256836522274e-07
CASSLGVDEQYF	3.097168761891287e-08
CASSLGVNEQFF	3.5902418559705508e-09
CATSPRGTEAFF	1.8625067232666722e-10
CASSPRGIEQFF	1.594825174869912e-09
CASSLGQFTEAFF	2.731588970278082e-09
CASSLGQNTEAFF	1.4618282035216112e-08
CASSLGQNTEAFF	3.3726408595271374e-08
CASSLGQNTEAFF	3.5028393005645505e-08
CASSDPNTEAFF	5.945810365276332e-09
CASSQPNTEAFF	6.385069783358489e-09
CASSLGGTGELFF	1.7051556765252618e-07
CASSRGGTGELFF	2.542094494691087e-08
CASRDRMNTEAFF	1.419884328761002e-08
CASRDSMNTEAFF	7.509641019487466e-09
CASSGTSTDTQYF	3.248528466398336e-08
CASSGTSTDTQYF	3.248528466398336e-08
CSVPGTSTDTQYF	8.916184395425457e-09
CASSPGTGAEQYF	1.7143059756864065e-09
CASSPGTGFEQFF	2.812894685091462e-10
CASSFSETQYF	1.199809145596268e-08
CASSFGETQYF	1.665567303809687e-08
CASSSGLAGYEQYF	1.6659508168827345e-08
CASSSGLAGDEQYF	1.1322938010712321e-08
CASSLGNTGELFF	2.798682211670892e-08
CASSLGGTGELFF	1.7051556765252618e-07
CAWSVSSEQYF	8.154540375188388e-09
CAWSVSPEQYF	3.089043404381909e-09
CASSETGDEQYF	9.24942002733264e-09
CASSPTGDEQYF	6.628105911159834e-09
CAMGDSYEQYF	8.314543071345981e-10
CAVGDLYEQYF	1.6628723088558729e-10
CASSLTFYEQYF	4.565595433172113e-09
CASSLTSYEQYF	9.757931076294787e-08
CASSFNYEQYF	2.879549919791693e-09
CASSFSYEQYF	9.386811345862004e-08
CAAGNYEQYF	1.8281083837075383e-09
CASGNTEAFF	1.170271364022498e-08
CASSARTGELFF	2.965814120419751e-08
CASSVRTGELFF	3.99641155550558e-08
CASSDGLAGYEQYF	6.345553326476032e-09
CASSSGLAGYEQYF	1.6659508168827345e-08
CASSLGNTGELFF	2.798682211670892e-08
CASSLRNTGELFF	1.3421390249768576e-08
CASSPGTGNTEAFF	4.825871363232063e-08
CASSPGTGVTEAFF	2.6129343636533784e-09
CATSDGVNEQFF	1.391665740603711e-08
CASSLGVNEQFF	3.5902418559705508e-09
CASSEGLAAYNEQFF	1.2829354463423049e-09
CASSLGLAAYNEQFF	2.535515759705585e-09
CASSSGGNTEAFF	5.0824005562098135e-08
CASSSWGNTEAFF	9.813113688930325e-09
CASSLGNTEAFF	2.144465877682411e-08
CASRLGNTEAFF	8.587704687430578e-09
CASSLDRNEQYF	9.694459631564028e-09
CASSLDRYEQYF	4.0248899743627664e-08
CAWSLVYNEQFF	7.383228602506865e-09
CASSLGYNEQFF	5.8198671614260414e-08
CSARDFGSYEQYF	9.166543690312945e-09
CASRDRGSYEQYF	5.9111952891388587e-08
CASSLGTGYEQYF	1.303878712241786e-07
CASSLGTSYEQFF	8.053566855837356e-10
CASSLGAGNTEAFF	1.5655368767027832e-08
CASSLGTGNTEAFF	2.832190300054151e-08
CASSTGSYGYTF	2.3290249059868238e-08
CASSTGAYGYTF	2.0675140613155203e-08
CAWSLVYNEQFF	7.383228602506865e-09
CAWSWVYNEQFF	1.1496131662511089e-09
CASSLGGNQPQHF	7.180372609119775e-08
CASSLGGNQPQHF	2.0320224110371894e-07
CASSLGGNQPQHF	1.3916597779848278e-07
CASSLGGNQPQHF	1.3366941698101858e-07
CASSLGFNQPQHF	3.1142559281935867e-09
CASSSGAGYEQYF	1.3292697045200419e-08
CASSSGTGYEQYF	1.068822797328823e-07
CASSSDSSYNEQFF	3.263536318192326e-09
CASSSDSSYNEQFF	1.8668112771056367e-09
CASSWDSSYNEQFF	2.5005765201181854e-09
CASSQGYGYTF	8.39849723257175e-08
CASSQGAGEYF	1.423613571147395e-10
CASSASGGTDTQYF	1.5777961520234628e-08
CASSLSGGTDTQYF	7.100121355746656e-08
CASSSGGNTEAFF	5.0824005562098135e-08
CASSSGQNTEAFF	1.639040830513641e-08
CASSETSSYEQYF	2.6293148543761863e-08
CASSSTSSYEQYF	7.806408534706273e-09
CASSRTSTDTQYF	1.3005315063601296e-08
CASSGTSTDTQYF	3.248528466398336e-08
CASSGTSTDTQYF	3.248528466398336e-08
CASSLSDTQYF	2.1773489458970513e-08
CASSGSDTQYF	1.434312831448649e-08
CASSDLLPNTEAFF	4.805607833462323e-12
CASSDSDLLPGRDF	1.5309961862526877e-16
CASSLAGGMDTQYF	1.3087334527129133e-10
CASSLAGGTDTQYF	1.968384559963863e-08
CASSLDYEQYF	2.713283507999765e-08
CAWSLDSETYF	4.09722811760712e-15
CASSVGGGTEAFF	1.0355117064373634e-07
CASSVGGNTEAFF	2.0668454391739974e-07
CASSPTSGSYNEQFF	5.314128592530195e-09
CASSTTSGSYNEQFF	4.887918757913215e-09
CASSPGTGDNEQFF	9.564959803441907e-10
CASSPGTGLNEQFF	1.2355083927570338e-09
CASSGGTGPYEQYF	5.9361518641170496e-09
CASSLGTGPYEQYF	7.636784137717361e-09
CAWSLDSETYF	4.09722811760712e-15
CATSLGSEQYF	2.4347941004118947e-09
CASSLGQNTEAFF	1.4618282035216112e-08
CASSLGQNTEAFF	3.3726408595271374e-08
CASSLGQNTEAFF	3.5028393005645505e-08
CASSSGQNTEAFF	1.639040830513641e-08
CASSPSGSTDTQYF	1.3314001196396928e-09
CASSASGSTDTQYF	6.799930937242185e-09
CASSLGGTGELFF	1.7051556765252618e-07
CASSLQGTGELFF	3.877467289751396e-08
CASSPTGTEAFF	3.76000891422045e-08
CATSPRGTEAFF	1.8625067232666722e-10
CASSSGYEQYF	1.6346816505748647e-07
CASSLGYEQYF	1.534774830539445e-07
CASSGGYEQYF	2.771149287199606e-07
CASSLGGNNEQFF	2.4683189316266208e-08
CASSLGGVNEQFF	3.607439032244725e-09
CASSGTSTDTQYF	3.248528466398336e-08
CASSGTSTDTQYF	3.248528466398336e-08
CASSGRSTDTQYF	2.028773316432748e-08
CASSFSGSYEQYF	5.7145505311721034e-08
CATSPSGSYEQYF	7.14500947322742e-09
CAWSVPGGTEAFF	2.7991234691300935e-08
CASSVGGGTEAFF	1.0355117064373634e-07
CASSLPPGELFF	2.947928739894905e-09
CASSLTPGEQYF	2.598048469616576e-09
CASSLGQGNYGYTF	9.911008131655152e-08
CASSTGQGNYGYTF	8.631686509227211e-09
CASSPSNEQFF	2.0701496178812596e-08
CASSASNEQFF	2.8840267762877148e-08
CASSRAGGTDTQYF	2.4760653403419404e-09
CASSLAGGTDTQYF	1.968384559963863e-08
CASSLVGGEQYF	1.6887052562390187e-08
CASSLVGTEAFF	3.236102820415859e-08
CASSLANTEAFF	4.528874842273524e-08
CASSLGNTEAFF	2.144465877682411e-08
CASSLAGDTDTQYF	4.616603198867809e-09
CASSLAGGTDTQYF	1.968384559963863e-08
CASSVNYEQYF	2.7492806428709357e-09
CASSFNYEQYF	2.879549919791693e-09
CASSFPGELFF	2.583401863229336e-09
CASSFEGEQYF	5.98432528311644e-09
CASSLGGLAFF	5.627320641988177e-09
CASSLGGELFF	9.538754453560877e-09
CASSRGNTEAFF	1.918204527133797e-07
CASSRGWTEAFF	8.357302650293366e-09
CASSLGTSYEQFF	8.053566855837356e-10
CASSLGDSYEQYF	5.958609514574617e-08
CASSELAGGYNEQFF	1.2524857429373517e-08
CASSLLAGGYNEQFF	1.7864417803890986e-08
CASTRGETQYF	4.726188689693776e-08
CASSRGETQYF	6.958776232178816e-08
CASSLTGGYEQYF	1.199158085210418e-07
CATSGTGGYEQYF	6.697746379350862e-08
CASSPGNEQFF	8.097003472507379e-08
CASSPSNEQFF	2.0701496178812596e-08
CASSRGSTDTQYF	4.1881867016457584e-08
CASSRTSTDTQYF	1.3005315063601296e-08
CASSTGAEAFF	2.811655576956887e-08
CASSTGREAFF	9.178197849042441e-09
CASSPGTDTQYF	1.0470852870909557e-07
CASSPSTDTQYF	2.302264030218609e-08
CSATGQGYEQYF	7.727639240367469e-08
CSANGQGYEQYF	2.1257396548626503e-08
CASSEGGNQPQHF	5.848665405946125e-09
CASSLGGNQPQHF	7.180372609119775e-08
CASSLGGNQPQHF	2.0320224110371894e-07
CASSLGGNQPQHF	1.3916597779848278e-07
CASSLGGNQPQHF	1.3366941698101858e-07
CATSGTGGYEQYF	6.697746379350862e-08
CAWSGTGAYEQYF	3.166933101045519e-08
CASSEGSEQYF	1.0359634634375792e-08
CASSEGNEQYF	2.8502285952773186e-08
CAWTGGTEAFF	5.323544108053444e-08
CASTGGYEQYF	1.049000023425049e-07
CASSFPGELFF	2.583401863229336e-09
CASSPPGELFF	4.606732905499978e-09
CSASSGDGYTF	2.775423555861752e-08
CTSSSGYGYTF	5.82361809523944e-11
CASSSGQTYEQYV	1.9585982649601017e-18
CASSWGQTYEQYF	3.5006572079579868e-09
CASSVEGNTEAFF	6.763735610092501e-08
CASSVGGNTEAFF	2.0668454391739974e-07
CASSLSGGTDTQYF	7.100121355746656e-08
CASSLAGGTDTQYF	1.968384559963863e-08
CASSSRYEQYF	3.1865961498706907e-08
CASSLRYEQYF	1.0820846368831864e-07
CASSLSKEAFF	1.0140639342109619e-09
CASSLSGELFF	2.6337890634433996e-08
CASSLAGGHEQYF	3.1850207111469015e-09
CASSLAGGTEQFF	2.25512178920533e-10
CASSFSYNEQYF	3.048946938086981e-10
CASSSSYNEQFF	2.1667451772846896e-08
CAGGSSYNEQFF	4.1157893351278804e-10
CASSSSYNEQFF	2.1667451772846896e-08
CASSLRGYEQYF	5.195362980126389e-08
CAWSLEGYEQYF	1.0393074525280431e-08
CASSPTGTEAFF	3.76000891422045e-08
CASSPTGDEQYF	6.628105911159834e-09
CSSYSGNTIYF	9.383208720691791e-10
CSVRSGNTIYF	3.849553746726822e-09
CASSRGSTDTQYF	4.1881867016457584e-08
CASSQGSTDTQYF	3.7186145376095205e-08
CAARGGTEAFF	7.093297508499931e-10
CASRGDTEAFF	6.698384992412792e-08
CATSLGSEQYF	2.4347941004118947e-09
CASSEGSEQYF	1.0359634634375792e-08
CASSGGYEQYF	2.771149287199606e-07
CASSGAYEQYF	2.916414008357115e-07
CAMGDSYEQYF	8.314543071345981e-10
CASGLSYEQYF	1.1955184771247129e-08
CTSSSGYGYTF	5.82361809523944e-11
CASSQGYGYTF	8.39849723257175e-08
CASSGGYEQYF	2.771149287199606e-07
CASSGGTEQFF	1.1307990377380268e-08
CSASEGGSSYEQYF	8.455651365838552e-09
CASSHGGSSYEQYF	4.119728779942244e-09
CASSMGEAFF	1.9998107989041716e-08
CASSGGEQYF	9.443586039846064e-08
CASSSGDEQYF	1.1603256836522274e-07
CASSPGDEQYF	1.4197062564084668e-08
CASSLNEQFF	2.265940510181726e-08
CASSNNEQFF	1.4301375990566171e-08
CASSFGETQYF	1.665567303809687e-08
CASSRGETQYF	6.958776232178816e-08
CASSSRYEQYF	3.1865961498706907e-08
CASSSGYEQYF	1.6346816505748647e-07
CASSSGDEQYF	1.1603256836522274e-07
CASSSGYEQYF	1.6346816505748647e-07
CASSFGTDTQYF	5.183621889030097e-08
CASSPGTDTQYF	1.0470852870909557e-07
CSSQSYNEQFF	4.1069151087321726e-10
CASKSYNEQFF	4.9763261242875265e-09
CASTGGYEQYF	1.049000023425049e-07
CASSGGYEQYF	2.771149287199606e-07
CASSYYNEQFF	5.764183529388257e-08
CASSTYNEQFF	3.451922983998231e-08
CASSVGTEAFF	1.7377686643199578e-08
CASSGGTEQFF	1.1307990377380268e-08
CASSPGNEQFF	8.097003472507379e-08
CASSEGNEQYF	2.8502285952773186e-08
CASSVGGELFF	2.1629353424971803e-08
CASSLGGELFF	9.538754453560877e-09
CSARLAGDYNEQFF	1.579845280821229e-08
CSARLAGDYNEQFF	1.579845280821229e-08
CASSLGQGSYNEQFF	3.444536163374445e-08
CASSLGQGSYNEQFF	4.577841053412965e-09
CASSLGLAKNIQYF	1.7336159635095012e-08
CASSLGLAKNIQYF	1.0101163091236008e-08
CASSWTSGSTDTQYF	2.89346734020569e-09
CASSWTSGSTDTQYF	2.89346734020569e-09
CASSFTDTQYF	1.3257719238874921e-08
CASSFTDTQYF	3.471427568144757e-08
