CASSGYNEQFF	2.624082435411343e-08
CASSGYNEQFF	2.624082435411343e-08
CASSSYNEQFF	3.883843974697656e-08
CASSSYNEQFF	3.883843974697656e-08
CASSLYNEQFF	3.881642466726052e-08
CASSSYNEQYF	2.6471060620762843e-09
CASSEYNEQFF	9.193014173098825e-09
CASSEYNEQFF	9.193014173098825e-09
CASSRYNEQFF	3.8206031128073583e-08
CASSRYNEQFF	3.8206031128073583e-08
CASSQYNEQFF	7.892637482490598e-09
CASSQYNEQFF	7.892637482490598e-09
CASSPYNEQFF	1.5084028101024174e-08
CASSHYNEQFF	6.266507780605988e-09
CASSHYNEQFF	6.266507780605988e-09
CASSAYNEQFF	1.1978955047534147e-08
CASSAYNEQFF	1.1978955047534147e-08
CASSAYNEQFF	1.1978955047534147e-08
CASSLRQGSDEQYF	7.820895078652694e-10
CASSQRQGSDEQYF	8.239794293361579e-11
CASSHRQGSDEQYF	7.265252527520797e-11
CASRLTGHYGYTF	2.5715424946517267e-10
CASRLTGHYGYTF	2.5715424946517267e-10
CASRITGHYGYTF	7.548347328653774e-11
CASRPTGHYGYTF	3.1745309117511313e-10
CASSLLGGNTGELFF	5.5245877314517916e-09
CASSLAGGNTGELFF	1.3326439626279451e-08
CASSLAGGNTGELFF	2.2656940708850728e-08
CASSLGGGNTGELFF	2.936343631072401e-08
CASSLFGGNTGELFF	2.3673633058665082e-09
CASSLGFSYEQYF	3.883809550490739e-09
CASSLGSSYEQYF	3.501863342251191e-08
CASSLGESYEQYF	2.063485657280461e-08
CASSLGYSYEQYF	2.494751927458604e-08
CASSLGQSYEQYF	3.0450928329314e-08
CASSLSAPQETQYF	2.1221824777380578e-09
CASSLSSPQETQYF	3.211637526989186e-09
CASSLSGPQETQYF	1.3539762956676427e-08
CAISPGTGAYEQYF	4.517637978727482e-09
CASSPGTGAYEQYF	2.190909652081872e-08
CAWSPGTGAYEQYF	8.358661059874066e-09
CASSPGQGAYEQYF	9.010490735366177e-09
CASSMGYSNQPQHF	3.3376119942355837e-09
CASSDGYSNQPQHF	3.36620026609051e-09
CASSFGYSNQPQHF	1.1346722670175346e-08
CASSPGYSNQPQHF	2.31546779367753e-08
CASSFRSGSDEQFF	1.5954484199603084e-10
CASSFRSGNDEQFF	5.278762371941608e-11
CAWGLGQNNSPLHF	1.2182254744379933e-11
CAWGTGQNNSPLHF	3.3508937018812145e-11
CASSQSPGGIQYF	6.373925524118843e-11
CASSQSPGGTQYF	1.391101126319118e-10
CASSSGTGVVQPQHF	1.6433736314274447e-10
CAWSSGTGEVQPQHF	5.1698632482378716e-11
CASSLRRGDTDTQYF	7.436148655851591e-10
CASSLRRADTDTQYF	5.522289396099548e-10
CASSQGAGYHSYEQYF	1.3645591168950324e-11
CASSQGAGYHSYEQYF	1.3645591168950324e-11
CASSQGAGRHSYEQYF	9.563363022894521e-11
CASSLDWTYNEQFF	5.392287284636433e-10
CASSLDWTYTEQFF	2.473033090012126e-13
CASSDGQGEPYEQYF	3.4575338788361145e-11
CASSDGQGKPYEQYF	2.5254548372686236e-11
CASSPTGGEGDIQYF	1.3385246306034744e-12
CASSPTGGEGDTQYF	8.643824880525072e-11
CASGLSDRQETQYF	9.056745104878511e-12
CASGLSGRQETQYF	3.303474903730759e-11
CASSLEPGLNEKLFF	9.888017673577848e-11
CASSLELGLNEKLFF	2.264827209986617e-10
CASGIATNEQFF	2.618066336182284e-11
CASGIATNEQFF	2.618066336182284e-11
CATGLATNEQFF	8.732256457295439e-10
CASMLGQAQETQYF	7.732314744586708e-12
CASMLGQNQETQYF	3.230990630973808e-12
CSASETARNQPQHF	3.0000228265123657e-10
CASSETASNQPQHF	1.6519542595231329e-09
CASSVRGGRGDEQYF	5.974955116118646e-11
CASSVYGGRGDEQFF	2.457853586860637e-11
CASSGASGSSDTQYF	8.750662434024869e-11
CASSGTSGSSDTQYF	9.374183059122676e-10
CASSVGPTGNTIYF	5.064322831073989e-09
CSARVGPTGNTIYF	1.2757346831828492e-09
CASSQVNGGELFF	2.7368769467393547e-10
CATSRVNGGEQYF	3.516425419794578e-10
CATSDRDRDTEAFF	2.7509344285763468e-08
CASSDRGRDTEAFF	9.405299927871659e-10
CATSREQDSGANVLTF	2.7588083118201205e-10
CATSREQGSGANVLTF	2.4909405540678532e-09
CASSLGQIYEQYF	1.724979878168604e-08
CASSLGQSYEQYF	3.0450928329314e-08
CASSLGQAYEQYF	1.567500042161753e-08
CASSLGQAYEQYF	1.567500042161753e-08
CASSLGQEYEQYF	5.5449247970397284e-09
CASSSRSTGELFF	5.624027358244599e-09
CASSPRSTGELFF	8.078963969939688e-09
CASSYRSTGELFF	1.8405655815767676e-08
CASSTDRGYGELFF	2.8110303491609598e-11
CASSQDRGYGEQFF	9.580760534820125e-11
CASSFYQGDTQYF	1.3978843091292626e-10
CASSFYSGDTQYF	3.2988733504345346e-10
CASSLWGATDTQYF	1.4454663346225977e-09
CASSLWRATDTQYF	2.911282754119434e-10
CSARVSGVSDTQYF	4.5669620067320706e-10
CSARPSGVSDTQYF	6.302758927153574e-10
CASSSWDGEQFF	1.558687384936394e-10
CASSSWDSEQFF	7.018591452077647e-10
CASSDLAGGSTDTQYF	4.660991279715285e-09
CASSDLSGGSTDTQYF	2.254964022369053e-11
CASSERQGAGGELFF	9.620024944986508e-11
CASSERQGAGGELFF	9.620024944986508e-11
CASSDRQGAGGEQYF	4.2572265734217574e-11
CASSQASATYEQYF	1.4188814301164337e-09
CASSQASGTYEQYF	1.1551836927737802e-08
CASSYYTGELFF	1.5775535181949304e-09
CASSYYTGELFF	1.5775535181949304e-09
CASNYYTGELFF	1.7298153669848171e-10
CASSEVREQYF	4.922718537668642e-09
CSVEEVREQYF	7.67818732308123e-10
CASADRGANQPQHF	2.0372886349649565e-10
CATADRGSNQPQHF	2.2340332652067509e-10
CASSDSGQGNTGELFF	9.071582296678328e-09
CASSPSGQGNTGELFF	3.861415353731248e-10
CASTPRTDSYEQYF	5.404139042239048e-11
CASSPRTDSYEQYF	9.271828528616325e-09
CASSLGGAGANEQFF	3.6260758923316694e-10
CASSLGGPGANEQFF	2.179860396930122e-10
CASRRMNTEAFF	1.5590165026331004e-08
CASRRMNTEAFF	1.5590165026331004e-08
CSARDMNTEAFF	7.529419739163591e-08
CASRSMNTEAFF	1.2601383986277062e-08
CASRYMNTEAFF	1.6370604524253497e-09
CASSLSDGTGFEVGANVLTF	7.085387284340123e-16
CASSLSDGNTDTQYF	3.2073576941213644e-10
CASSPLSDGGLAFNEQFF	3.2082255673404755e-16
CATSNIGLSDGEQYF	3.125886159929479e-15
CASSPGQTLSDGYTF	1.0330804777737367e-12
CASAGTSSYNEQFF	1.805768514712504e-09
CSVAGGSSYNEQFF	2.0988976315962926e-08
CSVAGTSSYNEQFF	9.548614667939028e-09
CASSLVSGYEQYF	1.091221988473412e-08
CASSLVSGNEQFF	2.4926670433995265e-09
CASSLVSGREQYF	1.9832406576371663e-09
CASSSANYGYTF	7.396375285340586e-09
CASSSANYGYTF	7.396375285340586e-09
CASSSAHYGYTF	1.26086271726153e-09
CASSSAHYGYTF	1.26086271726153e-09
CASSSAHYGYTF	1.26086271726153e-09
CASSSAHYGYTF	1.26086271726153e-09
CASSSAHYGYTF	1.26086271726153e-09
CASSSAHYGYTF	1.26086271726153e-09
CASSSAHYGYTF	1.26086271726153e-09
CASSSAFYGYTF	2.511828115477103e-09
CASSLSSPQETQYF	3.211637526989186e-09
CASSLSSGQETQYF	2.679498437905328e-08
CASSLGGRGEKLFF	2.8287165653371845e-09
CASSWGGRGEKLFF	8.657975575966192e-10
CASSYSEGNYGYTF	8.463367230752604e-09
CASSYSEGGYGYTF	2.0442315439477918e-09
CASSLVASTGELFF	1.92505649707377e-09
CASSLPASTGELFF	2.723786289068329e-09
CASSSRDRAPYEQYF	1.6652230877173818e-10
CASSSRDRGPYEQYF	7.598670371513132e-09
CASSLEPDQETQYF	2.5295262356951004e-10
CASSLTPDQETQYF	5.625009143897989e-10
CASSRTSGDTQYF	2.533632622167168e-09
CASSRTRGDTQYF	2.4680057920790214e-09
CASNRDRDHEQYF	2.5068302086408953e-11
CASNSDRDHEQYF	1.1112113693667756e-11
CASSLGYEQYF	3.1504958070889385e-07
CASSLGYEQYF	9.958456272991438e-08
CASSLGVELFF	1.7877235038374063e-10
CASSLGTEAFF	6.789437572476125e-08
CASSLGHEQYF	5.2737801019048075e-08
CASSLGGEQYF	5.6095530701039504e-08
CASTGPGELFF	5.437166631898681e-09
CSATTPGEQYV	4.7438701191534705e-15
CASSLAQGGEQFF	2.016925621382265e-09
CASSVAQGGEAFF	7.3009242430460135e-09
CASSARQSSYNEQFF	3.43975282298898e-10
CASSARGSSYNEQFF	3.91902054130478e-10
CASSFLGGNQPQHF	6.735548688495039e-09
CASSFLGYNQPQHF	8.98152010964323e-11
CASRDAGGRETQYF	6.666229344797165e-11
CASRDSGGRETQYF	8.215003533892307e-11
CASSFVSGTDTQYF	1.4745133529566512e-09
CASSFVAGTDTQYF	3.193231229156452e-09
CASSQDRGYNEQFF	4.8089221566654224e-08
CASSQDRGYGEQFF	9.580760534820125e-11
CASLPGGSYGYTF	1.9369184012079593e-10
CASTPGGSYGYTF	1.9438031053440152e-09
CASSPSGSGNTIYF	6.500931320668547e-09
CASYPSGSGNTIYF	1.8581690809824455e-11
CASSPSLGYEQYF	2.3352891328897606e-09
CASSPSLTYEQYF	9.240099887600662e-10
CASSGGGGEQYF	5.4694709408519045e-08
CASSYGGGEQYF	6.693419759968852e-08
CASSLGGGELFF	3.876294950861643e-08
CASSAGGGELFF	4.460138234518473e-09
CASRGLAGDIGELFF	9.613531178703874e-12
CSARGLAGDTGELFF	2.060046763714068e-08
CASSLTGTGYGYTF	8.323046203115363e-09
CASSLTGTGYEQYF	1.1577942352632383e-08
CASSQVGADEQFF	2.1677318070470503e-09
CASSQVGAGELFF	3.5694412557853054e-09
CASSELGTDTQYF	2.6965786402326574e-08
CASSELGGDTQYF	9.186597405672036e-09
CATSGFGNEQFF	1.760986828350455e-09
CATSGFGNEQFF	1.760986828350455e-09
CATSGFTNEQFF	5.715131485596707e-10
CATSGFTNEQFF	5.715131485596707e-10
CASSQDQNTDTQYF	1.0516643490441926e-09
CASSQDRNTDTQYF	5.187717745960234e-09
CASSLGSAAYEQYF	7.878336966349259e-10
CASSLGSAAYEQYF	7.878336966349259e-10
CASSLGSGAYEQYF	3.04066858871404e-08
CASSLGGENNEQFF	5.962460422688865e-10
CASSLGGENTEAFF	6.007877094543134e-08
CATSDGQGRNSPLHF	2.747073223650565e-09
CASSQGQGRNSPLHF	1.6624799359594502e-09
CAWGGGSSGNTIYF	2.7109431472696765e-09
CATGGQSSGNTIYF	1.0916352733913111e-10
CASSPPGTGNYGYTF	2.956316463474999e-09
CASSPIGTGNYGYTF	1.3475149965304213e-10
CASSLTTYEQYF	6.519912215879593e-08
CASSLQTYEQYF	2.578479203500484e-09
CASSLATYEQYF	1.9732077550595376e-08
CASSLVSGNEQFF	2.4926670433995265e-09
CASSLVQGNEQFF	5.251382367308451e-09
CASSLVGGNEQFF	7.457712894751348e-09
CASSLVGGNEQFF	7.457712894751348e-09
CASSVGGFPDTQYF	1.6719730195467056e-09
CASSVGGAPDTQYF	9.981823667192407e-09
CASSLTSGDYNEQFF	6.076387289532865e-10
CASSLASGDYNEQFF	9.02227340752108e-10
CASSQSGNEQFF	1.8848576716571132e-08
CASSQSYNEQFF	1.7229522760392176e-08
CASRDPGGLNTEAFF	1.4907192157394035e-10
CASRDRGGLNTEAFF	8.415279937710772e-10
CASSGTGGPGELFF	3.602905333852771e-09
CASSPTGGPGELFF	1.1312767877036807e-09
CASSFRTDYEQYF	9.672305497678802e-09
CASSFGTDYEQYV	6.15357647258613e-18
CASSLGQSYEQYF	3.0450928329314e-08
CASSLGQSYGYTF	6.075203777964795e-09
CASSLGITEAFF	5.048420325218707e-09
CASSLGITEAFF	5.048420325218707e-09
CASSLGITEAFF	2.7994739781065257e-09
CASSIGITEAFF	7.554395730300241e-09
CASSQSSYNEQFF	2.9438143445724603e-09
CASSQSRYNEQFF	6.649122075595567e-09
CASSQGRGGYEQFF	9.534716368682368e-10
CSASQGRGGTEAFF	7.048880094703052e-10
CATSDSGGSYNEQFF	2.7642465879371136e-08
CASSDRGGSYNEQFF	4.928646685084605e-09
CASSPRAANTEAFF	1.1743853619402422e-09
CASSPRTANTEAFF	2.413237721117285e-09
CASSLVGGNTQYF	2.853440448251203e-10
CASSLVGGNEQFF	7.457712894751348e-09
CASSLVGGNEQFF	7.457712894751348e-09
CASSVGQAYEQYF	1.678237196118988e-09
CATSDGQAYEQYF	2.8801602711726228e-08
CASSLGQAYEQYF	1.567500042161753e-08
CASSLGQAYEQYF	1.567500042161753e-08
CASSLATYEQYF	1.9732077550595376e-08
CASSLAPYEQYF	1.8709843807269184e-08
CASSLAGYEQYF	9.31200597121187e-08
CASSGGGTEAFF	4.339469048793677e-08
CASSMGGTEAFF	4.552463297106053e-08
CASSWGGTEAFF	3.077141801555994e-08
CASSPGGTEAFF	8.102108072145284e-08
CASSLVLPPGSGNTIYF	7.0555224252413465e-12
CASSLVLPPWEQGANQPQHF	1.0010565231677051e-16
CASSVKVLPPGAPSTDTQYF	1.8585172944986376e-15
CASSLAKGEQYF	2.5010189551716643e-11
CASSLARGEQYF	3.307929843750435e-08
CASSLASGELFF	8.541425695728542e-09
CASSFSQPQHF	1.8376292713323674e-08
CASSFGQPQHF	1.8080831124965154e-08
CASSLSGLAGEQYF	8.151915549682549e-09
CASSLSGLAGEQYF	8.151915549682549e-09
CASSLSGGAGELFF	2.390300805175035e-09
CASSGTGPYEQYF	4.338336577962609e-08
CASSGTGPLEQYF	2.654661302196544e-10
CASRDRGGGYTF	2.0466780127910292e-09
CSVRDRAGGYTF	1.3319800360575277e-09
CASSQGANNEQFF	2.9433681450969198e-09
CASSFGANNEQFF	9.114652123973497e-10
CASSLGHGTYEQYF	1.1800012209100038e-09
CASSLGHGTYEQYF	1.1800012209100038e-09
CASSLGHGSYEQYF	2.9262418543728305e-09
CASSLGHGSYEQYF	2.9262418543728305e-09
CASSHYYEQYF	4.332017873032056e-09
CASSHYYEQYF	4.332017873032056e-09
CASSHYNEQFF	6.266507780605988e-09
CASSHYNEQFF	6.266507780605988e-09
CASSLGANEQFF	3.192524383636354e-08
CASSLGANGYTF	1.094002768614491e-08
CASSQGVAGAYEQFF	4.074575758845894e-13
CASSQGLAGAYEQYF	1.103346944878915e-08
CASSLGGAYEQYF	1.2188731885329014e-07
CASSLGGAYGYTF	9.992389626797364e-09
CASSLGPGGETQYF	8.779586575620428e-09
CASSLSPGGETQYF	1.765033714922679e-08
CASSIFGEQYF	4.169663871841829e-09
CASSIFGEAFF	1.7537285119346167e-09
CASSIFGEAFF	1.7537285119346167e-09
CASSIFGEGYYNEQFF	5.392075498859249e-12
CASSEESLGGAWTDTQYF	1.08359607448121e-13
CASSSEESQEAFF	6.083807524559044e-13
CASSSEESQEAFF	6.083807524559044e-13
CASSEESISGNTIYF	1.2512973887765244e-10
CASSEESGRIETQYF	5.271642658762405e-11
CASSMGGYEQYF	1.3339436048795323e-07
CASSMGGTEAFF	4.552463297106053e-08
CASSSGSGLYF	3.3097841865996245e-12
CASSSGSGLYF	3.3097841865996245e-12
CSVHSGSGYTF	1.9541434360233264e-10
CASSLTSGAYNEQFF	1.307623677724154e-09
CASSLTGGAYNEQFF	1.396841860300143e-08
CATSESGSTDTQYF	5.314153444568067e-12
CASSESSSTDTQYF	2.8115610209831188e-09
CASSLLRNTGELFF	7.195540925305372e-09
CASSALRNTGELFF	1.390950625917135e-09
CASSLTGGREQYF	6.324367189931939e-09
CASSLTEGREQYF	3.049759930270868e-10
CATSRDGGYTF	1.3202173960984392e-08
CASSRDGELFF	1.4463068748444718e-10
CASSFRVGNEQFF	5.772631872136781e-10
CASSFRAGNEQFF	1.961753015655887e-09
CASSPSGTEQFF	3.6381396393048416e-09
CASSPGGTEAFF	8.102108072145284e-08
CASSPTGTEAFF	4.816735194060121e-08
CASSLADTQYF	4.009882363915383e-08
CASSLADTQYF	4.009882363915383e-08
CASSLADTQYF	4.009882363915383e-08
CASSLGDTQYF	1.555068417071183e-08
CASSLGDTQYF	3.7184429188062833e-09
CASSLGDTQYF	3.7184429188062833e-09
CASSLTDTQYF	4.338645781677301e-08
CASSLTDTQYF	1.1505057351843773e-07
CASSQGQGGYEQYF	1.1516243253261097e-09
CASSQGQGGDEQFF	1.9923981618910845e-09
CASSLGDRGLHF	2.733338679056122e-10
CASSLGDDGYTF	1.56643265748056e-09
CASSLWQGADGYTF	2.9739041172393585e-11
CASSLGQGADGYTF	2.2787911100787285e-09
CASSSSSGSSYNEQFF	2.8500274582864418e-09
CASSYSSGSSYNEQFF	1.5567440344044985e-08
CASSWDRLNSPLHF	7.624935802227745e-10
CASSWDRGNSPLHF	7.2018476175326605e-09
CATQSGTGDTEAFF	1.3780483379746546e-10
CATSSGTGDTEAFF	2.9842167073619385e-09
CASSLGFSGNTIYF	4.404377460867216e-09
CASSEGFSGNTIYF	3.2897335211179866e-09
CASSFVSGTDTQYF	1.4745133529566512e-09
CASSFLSGTDTQYF	3.4935282748098116e-09
CASSLTGDSPLHF	4.753325265071084e-10
CASSSTGDSPLHF	2.8614939338163253e-09
CASSPRLASSYEQYF	4.516690770899282e-10
CASSPRLASSYEQYF	4.516690770899282e-10
CASSPRLAISYEQYF	4.5003639719475196e-11
CASSDRGQGNQPQHF	3.5487233356020636e-09
CASSLRGQGNQPQHF	1.0341139518474897e-08
CASSLWTGGQETQYF	1.3644931012724357e-09
CASSLRTGGQETQYF	5.0878316621577384e-09
CASSSPGTLYEQYF	1.5853085971948173e-09
CASSSPGTGYEQYF	1.0986420442497276e-08
CASSPIGLYEQYF	9.421540234274731e-10
CASSPTGLYEQYF	8.641928711031565e-09
CASSEARGYEQYF	7.953363110464834e-08
CAISEALGYEQYF	2.466019487888282e-09
CASSFRPNQPQHF	4.433514826653264e-09
CASSSRPNQPQHF	5.465643413845768e-09
CASSPRGYEQYF	5.6455059532606833e-08
CASSVRGYEQFF	1.3579438821547458e-09
CASSLRGYEQYF	2.8439359298124963e-07
CASSFSRGYTF	3.909611767828998e-09
CASSRSRGYTF	5.066098086557165e-09
CASNHYNEQFF	1.469915514691231e-10
CASSHYNEQFF	6.266507780605988e-09
CASSHYNEQFF	6.266507780605988e-09
CASSSSGRTYEQYF	1.5155233814082912e-09
CASSSSGRSYEQYF	3.3413720947169338e-09
CASSLGQVDEQYF	1.24909672297353e-09
CASSLGQVHEQYF	7.793626507564795e-10
CASSSVAGGQETQYF	2.685496866808139e-10
CASSSIAGGQETQYF	6.93353132866457e-10
CASSPPGFPYEQFF	6.5602868722759564e-12
CASSPPGLPYEQYF	1.1149656046789306e-08
CASSLGGAYNEQFF	2.4502606872431797e-08
CASSLGGAYNEQFF	2.4502606872431797e-08
CAWSLGSAYNEQFF	4.1559898398706e-10
CASSLQGSEQYF	2.403770185697692e-08
CASSLQGSEQYF	2.403770185697692e-08
CASSLQGYEQYF	8.488046184817072e-08
CASSLQGAEQYF	9.217852366200617e-09
CASSLTSGYEQYF	5.2444785932611225e-08
CASSLTSSYEQYF	2.1583440997071755e-08
CASSLPGEDTQYF	8.32567701863416e-09
CASSLLGEDTQYF	5.87424423802833e-09
CAVKSDTGELFF	1.0072684452842408e-11
CASSSDTGELFF	3.104966453987689e-08
CASSIGRNYGYTF	2.241303404262884e-08
CASSIGTNYGYTF	2.9184915352847402e-09
CASSTGAEAFF	4.518088006684004e-09
CASSTGVEQFF	1.3470493132156694e-09
CAISTGYEQYF	3.744308189436381e-08
CASSQTGSTDTQYF	3.4202979591043705e-09
CASSQTSSTDTQYF	4.247244834745029e-09
CASSQTSSTDTQYF	4.247244834745029e-09
CASSSRDRGPYEQYF	7.598670371513132e-09
CASSNRDRGPYEQYF	2.205378048485508e-09
CASSVGDRGYEQYF	6.611065892618616e-08
CASSVADRGYEQYF	4.2218837466079787e-08
CASSQVGGGNTEQYF	9.691400546616019e-12
CASSDVGGGNTEAFF	9.444188174852525e-10
CASSPGTSGYNEQFF	4.72443385262118e-09
CASSPGTGGYNEQFF	6.3817725171462e-09
CASSYSTDTQYF	5.912177403527321e-09
CASRYSTDTQYF	4.850260799070205e-09
CASSQEAGGTDTQYF	4.867444904994125e-09
CASSQIAGGTDTQYF	8.595212060159424e-10
CASSGTGDYEQYV	1.6869357362634338e-18
CASSGTGPYEQYF	4.338336577962609e-08
CASSGTGTYEQYF	3.406169501441961e-08
CASSLGGESTEAFF	1.2367162081771064e-09
CASSLGGENTEAFF	6.007877094543134e-08
CASSLSGLAGEQYF	8.151915549682549e-09
CASSLSGLAGEQYF	8.151915549682549e-09
CASSLTGLAGELFF	2.6293012242713436e-09
CASSLVGPQPQHF	1.8766382601373272e-09
CASSLVGNQPQHF	6.836635457462539e-10
CASSQESGYNEQFF	8.972151254543468e-09
CASSQEEGYNEQFF	7.905666255887614e-09
CASSLSGGAGELFF	2.390300805175035e-09
CASSLSGGLGEQFF	9.25255834504396e-10
CASSPYPSSYNEQFF	2.3060915148879129e-10
CASSPRPSSYNEQFF	1.7424629531676653e-09
CAWSRGGTDTQYF	5.2296872838455455e-08
CATSRGGGDTQYF	2.564374082083586e-08
CASSLVGVTGELFF	2.8451403433399827e-09
CASSLVGNTGELFF	9.256566105348641e-09
CASSLVGPTYEQYF	1.28653298947407e-09
CASSLVGLTYEQYF	4.495031024663187e-09
CASSSGTNTYEQYF	2.5415552810550434e-10
CASSSGTETYEQYF	1.2701888209551236e-09
CASSFRYEQYF	1.0680673796573019e-07
CASSYRYEQYF	1.5404934639321798e-08
CASSYRYEQYF	1.5404934639321798e-08
CASSHRYEQYF	1.620208845286573e-08
CASSHRYEQYF	1.608074583241036e-08
CASSHRYEQYF	1.608074583241036e-08
CASSVGGEQYF	1.819139097623961e-07
CASSVGGEQYF	1.819139097623961e-07
CASSQGGEMLY	0.0
CASSLGGEQYF	5.6095530701039504e-08
CASSGGGELFF	4.780889089716649e-08
CASSLGGGPYNEQFF	4.05234707100259e-08
CASSLGTGPYNEQFF	5.651127949214605e-10
CASSGTLGYEQYF	1.8483892977659693e-09
CASSGTSGYEQYF	2.2678965453542034e-08
CSVGLLNTGELFF	2.5681211711930464e-09
CASGGLNTGELFF	3.884415778521168e-09
CASSLGDSTYEQYF	3.666932910864209e-09
CASSLGDSSYEQYF	2.1804764249279083e-08
CASSPSYNEQFF	4.3234640070690194e-08
CASSQSYNEQFF	1.7229522760392176e-08
CASSYSYNEQFF	1.3232896689556777e-08
CAWSGDRLEAFF	5.466154148526495e-10
CASSGDRNEQYF	1.7231727044628675e-09
CASSFGGGYGYTF	8.502481693277024e-09
CASSFGGFYGYTF	3.5000501015041466e-09
CASSPSVSYEQYF	5.7581133663164675e-09
CASSPSVSYEQYF	5.7581133663164675e-09
CASSPGVSYEQYF	2.7780280059906734e-08
CASSLGGRTEAFF	2.6012082132262906e-08
CASSLGQRTEAFF	9.792934773860034e-10
CASSQGYEQYF	6.71518788457939e-08
CASSSGYEQYF	8.121825361985884e-08
CASSLGYEQYF	3.1504958070889385e-07
CASSLGYEQYF	9.958456272991438e-08
CAISTGYEQYF	3.744308189436381e-08
CASSLAGYEQYF	9.31200597121187e-08
CASSLRGYEQYF	2.8439359298124963e-07
CASSLQGYEQYF	8.488046184817072e-08
CASSFSGSYNEQFF	8.658303724654483e-09
CASSFSGVYNEQFF	1.921258018955113e-09
CASSYSSGSSYNEQFF	1.5567440344044985e-08
CASSYSSGLSYNEQFF	2.8689765547845635e-09
CATSQGPDTQYF	6.37931445237213e-09
CASSAGPDTQYF	1.1586132525021985e-08
CASSQGYEQYF	6.71518788457939e-08
CASSQGYGYTF	1.320157457591721e-07
CASSFLGGNQPQHF	6.735548688495039e-09
CASSLLGGNQPQHF	4.1044539627460113e-08
CASSLATGNQPQHF	6.55287223750265e-09
CASSLATGNQPQHF	6.55287223750265e-09
CASSLWTGNQPQHF	3.312791713630259e-08
CASSPSGGYEQYF	3.554009127251816e-08
CASSPSLGYEQYF	2.3352891328897606e-09
CASSPEDNTEAFF	4.282284067032455e-10
CASSLYPEDNYGYTF	1.7032486285876565e-11
CASSFGTSYEQYF	1.1778701041965891e-08
CASSFGTDYEQYV	6.15357647258613e-18
CASSLGITEAFF	5.048420325218707e-09
CASSLGITEAFF	5.048420325218707e-09
CASSLGITEAFF	2.7994739781065257e-09
CASSLGVTEAFF	8.671188598220019e-09
CASSLGLTEAFF	1.6099401820054623e-09
CASSQGGSEQYF	9.641874279588269e-10
CASSQGYSEQFF	7.911835213166497e-10
CAADAGNTGELFF	7.496971911409604e-12
CSGDRGNTGELFF	5.624555699141183e-09
CASSSTAYEQYF	2.6199063175867875e-08
CASSSAAYEQYF	9.010761799355096e-09
CASSLGHDGYTF	3.823489304342967e-09
CASSLGDDGYTF	1.56643265748056e-09
CASSLGGNEQFF	4.398279681092867e-08
CASSLGANEQFF	3.192524383636354e-08
CASSLGRNEQYF	1.9041597915024997e-08
CASSEDGSSYNEQFF	1.7126340987277246e-09
CASSLDGSSYNEQFF	2.2004237726266613e-09
CASSFTGGSYEQYF	2.1589000819575996e-08
CASSFIGGSYEQYF	2.653400943147965e-09
CASSIGLNTEAFF	3.8291432733465106e-08
CASSAGLNTEAFF	1.1929660145081723e-08
CASSFGLNTEAFF	1.4130940782872633e-08
CASRMTSGAYNEQFF	1.3529646586965746e-10
CASRRTSGAYNEQFF	9.016525487221284e-10
CASSLQTYEQYF	2.578479203500484e-09
CASSLQGYEQYF	8.488046184817072e-08
CASSLVSGYEQYF	1.091221988473412e-08
CASSLTSGYEQYF	5.2444785932611225e-08
CASSFAGSSYEQYF	9.033627151518941e-09
CASSFGGSSYEQYF	2.8443875436474416e-08
CASSTGPSTDTQYF	2.9177271675449817e-09
CASSTGISTDTQYF	1.0936129744615456e-09
CASSQGQGGYEQYF	1.1516243253261097e-09
CASSQGRGGYEQFF	9.534716368682368e-10
CASSPAGGNEQFF	1.2500278329932122e-08
CASSPLGGNEQYF	1.1866750653087217e-09
CASSQSGYGYTF	1.3626299720200651e-08
CASSQTGYGYTF	4.2726478773608725e-08
CASSQTGYGYTF	4.2726478773608725e-08
CASSPLAGVYNEQFF	5.953240572163159e-09
CASSPLAGGYNEQFF	1.1043552531684234e-08
CASSYGTGIGYTF	9.009790650129444e-10
CASSYGTGAGYTF	6.47642953508197e-09
CASSTSGRYEQYF	1.2369762540643845e-08
CASSTSGLYEQYF	7.128539173951358e-09
CATSDLETQYF	5.6300501705749465e-08
CAWSDSETQYF	7.784334844524882e-09
CSASFGNGYTF	1.368244271614321e-09
CASSPGNGYTF	6.6937374453131815e-09
CATSERGTDTQYF	6.082825726648641e-08
CASSELGTDTQYF	2.6965786402326574e-08
CSARGTGPYEQYF	7.266713397208416e-08
CASSGTGPYEQYF	4.338336577962609e-08
CASSFGPGAYEQYF	6.037807509120301e-10
CASSFGQGAYEQYF	8.545804242030974e-09
CASSLGGEETQYF	2.5197961265271174e-08
CASSLGQEETQYF	7.77733946010649e-09
CASSSGRSTDTQYF	7.994252603333554e-09
CASSLGRSTDTQYF	2.6543969201313843e-08
CASSPQRNTEAFF	2.4355734218232413e-09
CASSPARNTEAFF	2.8506877773325583e-09
CASSSGTSNTGELFF	3.969666676722239e-09
CASSSGTTNTGELFF	2.7302007778866314e-09
CASSEGTSGGYEQYF	5.371265835879066e-09
CASSRGTSGGYEQYF	2.8952859189040195e-09
CASSLVGGMNTEAFF	1.954513264407423e-08
CASSLVGGLNTEAFF	1.9932425990759086e-09
CASSFTGYEQYF	3.8410373151374556e-08
CASSFTGSEAFF	2.0603840101493484e-09
CASSFGTDYEQYV	6.15357647258613e-18
CASSIGTDYEQYF	1.6216045231708178e-08
CASSLGGAYGYTF	9.992389626797364e-09
CASSLGLAYGYTF	2.1804171151659753e-09
CASSPGGNTEAFF	1.4132085557911934e-07
CASSWGGNTEAFF	5.4647574948677064e-08
CASSWGGNTEAFF	1.1793859410582209e-08
CASSWGGNTEAFF	1.1793859410582209e-08
CAWSMGGNTEAFF	2.510333995743844e-09
CASSLGQGNQPQHF	3.842355475858877e-08
CASSLGQGDQPQHF	8.015521783241976e-09
CASSFRGSEQYF	1.432524129260579e-08
CASSFTGSEAFF	2.0603840101493484e-09
CASSLGETYEQYF	5.0465993134671846e-09
CASSLGESYEQYF	2.063485657280461e-08
CASSVGTGGEQYF	1.2685588430587007e-09
CASSWGTGGEAFF	8.725572777241751e-10
CASSLGFSGNTIYF	4.404377460867216e-09
CASSLGNSGNTIYF	7.536305865397753e-09
CASSLGGRGEQFF	2.1772283076989685e-09
CASSLGGRTEAFF	2.6012082132262906e-08
CASSPGTVSTDTQYF	4.485810425266394e-10
CASSPGTASTDTQYF	1.2151795068827405e-09
CASSFGQGRTEAFF	2.6772214786171815e-09
CASSLGQGRTEAFF	7.895092728662268e-09
CASSLGGGELFF	3.876294950861643e-08
CASSLGGSEQYF	4.823490975687559e-08
CASSLGGNEQFF	4.398279681092867e-08
CASSLGGAEEQFF	1.5757566467081713e-10
CASSLGGAYEQYF	1.2188731885329014e-07
CAAGPTEAFF	1.2764360768834119e-09
CASGPNEQFF	9.940437124127046e-09
CAWGTGSQPQHF	3.2024754674790126e-09
CAIGTGIQPQHF	2.0828405908177076e-10
CASSLTSGYEQYF	5.2444785932611225e-08
CASSLTGGYEQYF	1.6857517449638397e-07
CASSLAGTYEQYF	6.931748811353965e-08
CATRLAGTYEQYF	2.7128727653883693e-10
CASSYSGASYEQYF	3.1598391406285565e-08
CASSYSGGSYEQYF	1.067722108128099e-07
CASSLAGANTEAFF	1.3117853369582167e-08
CASSLAGMNTEAFF	5.531345458866596e-08
CASSPNYSNQPQHF	7.459086828791005e-10
CASSPNYSNQPQHF	7.459086828791005e-10
CASSPNYSNQPQHF	7.459086828791005e-10
CASSPNYSNQPQHF	7.459086828791005e-10
CASSPGYSNQPQHF	2.31546779367753e-08
CASSLGGDSYEQYF	2.5119944804407987e-08
CASSVGGDSYEQYF	4.828428230640994e-08
CASSSSGSSYEQYF	2.8611720118397238e-08
CASSSSGRSYEQYF	3.3413720947169338e-09
CASSLGGEETQYF	2.5197961265271174e-08
CASSLGGQETQYF	2.5729152523438234e-08
CASSEGLAGAYEQYF	1.631526203336272e-08
CASSQGLAGAYEQYF	1.103346944878915e-08
CASSLDYEQYF	1.1875134009044838e-07
CASSLGYEQYF	3.1504958070889385e-07
CASSLGYEQYF	9.958456272991438e-08
CASSLVYEQYF	4.3322511188180926e-08
CASSSYNEQYF	2.6471060620762843e-09
CASSSYNEQFF	3.883843974697656e-08
CASSSYNEQFF	3.883843974697656e-08
CASTSYNEQFF	4.347019821551796e-08
CASSLRGYTF	1.946481458353388e-08
CASSLGGLKF	0.0
CASSLRGATEAFF	2.177704337621672e-09
CASSLRGNTEAFF	1.1852565641112619e-07
CASSLRGNTEAFF	1.1852565641112619e-07
CASSLLPGELFF	8.604310489255022e-09
CASSLLGGEQYF	3.3641742944450923e-09
CASSLDGGPYNEQFF	6.299874773966544e-11
CASSLGGGPYNEQFF	4.05234707100259e-08
CASSPPGGYEQYF	3.123730206707859e-08
CASSPPGGHEQFF	2.118734870851842e-09
CASSLASGPYNEQFF	1.885301133839214e-09
CASSLASGDYNEQFF	9.02227340752108e-10
CASSGDSEAFF	1.157035660140836e-08
CASSWDSEQYF	1.3268686732367355e-08
CASSPDRGWYEQYF	3.670262155866173e-10
CASSPDRGLYEQYF	3.1635832961282713e-09
CASSRWGDEQFF	1.1279820614072602e-09
CATRWGDTEAFF	4.7043201015597466e-11
CASSVRWGDEQFF	8.947454084276317e-11
CASSQGGGYTF	1.1348667645808666e-07
CASSQGGEMLY	0.0
CASSQENYGYTF	3.4550103893031176e-09
CATSRENYGYTF	2.8812273977993365e-10
CASSSATEQYF	9.290854905698716e-10
CASSSADEQYF	3.66965093493125e-08
CASSLDRLSYEQYF	8.913651185205011e-10
CASSLDRGSYEQYF	1.2506452475689647e-07
CASSPGSYEQYF	3.094062293742507e-08
CASSDGSYEQYF	2.89704720233723e-08
CASSLGSYEQYF	3.6920666164222093e-07
CASSSDGEQYF	8.110242833265592e-09
CASSSDIEAFF	9.922512741898326e-10
CASSSDIEAFF	9.922512741898326e-10
CASSWTGGETQYF	4.044440110734338e-09
CASSQTGGETQYF	3.3184633341642918e-09
CASSLGPPYEQYF	1.5384343024836843e-08
CASSLGGPYEQYF	6.47255266196325e-08
CASSAHNEQFF	1.224777533318783e-08
CATSTHNEQFF	4.223651996730529e-09
CASSVGGVSYEQYF	4.681385330825838e-08
CASSVGGDSYEQYF	4.828428230640994e-08
CASSHYYEQYF	4.332017873032056e-09
CASSHYYEQYF	4.332017873032056e-09
CASSHRYEQYF	1.620208845286573e-08
CASSHRYEQYF	1.608074583241036e-08
CASSHRYEQYF	1.608074583241036e-08
CASSLARTGELFF	4.9921607228137e-09
CASSLVRTGELFF	8.661589734981112e-09
CAWSRGGTDTQYF	5.2296872838455455e-08
CASSRSGTDTQYF	2.0289990661352233e-08
CASSGTTTDTQYF	3.4113634075591763e-09
CASSGTSTDTQYF	1.3387756876907029e-08
CASSLDRGTYEQYF	2.6206847399698336e-08
CASSLDRGSYEQYF	1.2506452475689647e-07
CASSLGSYYEQYF	3.6645463173101748e-09
CASSLGSSYEQYF	3.501863342251191e-08
CASSLGQGNQPQHF	3.842355475858877e-08
CASSLGQVNQPQHF	1.0127207583952825e-08
CASSPAGGNEQFF	1.2500278329932122e-08
CASSLAGGNEQYF	1.4772117457271889e-08
CASSQDRGPYEQYF	3.144493840259841e-08
CASSQDRGAYEQYF	8.427233526420235e-08
CASSRDGELFF	1.4463068748444718e-10
CASSSDGEQYF	8.110242833265592e-09
CASGTPQHF	3.1122084741269397e-09
CRRGTEAFF	0.0
CASSPTGSYEQYF	1.1647326862966514e-08
CASSPTGLYEQYF	8.641928711031565e-09
CASSLGGLNQPQHF	8.618956458077797e-09
CASSLGGRNQPQHF	1.153049159708815e-08
CASSLTVNTEAFF	3.048836208652201e-08
CASSLTVNTEAFF	1.27920687820032e-08
CASSLTANTEAFF	2.8233910220685422e-09
CASSLSGEETQYF	4.33992952669515e-08
CASSLGGEETQYF	2.5197961265271174e-08
CASSLAGNYGYTF	1.2281412747938996e-08
CASSLQGNYGYTF	5.8916417254116965e-08
CASSLGLTEAFF	1.6099401820054623e-09
CATSLGLYEQYF	4.734493273352752e-09
CASSPPGGYEQYF	3.123730206707859e-08
CASSPSGGYEQYF	3.554009127251816e-08
CAAGLYNEQFF	1.0059426572623906e-09
CASSLYNEQFF	3.881642466726052e-08
CASSFLDEQYF	2.6176746744329083e-08
CASSPLDEQYF	3.685147659780669e-09
CASSLRGNTGELFF	4.209929885135141e-08
CASSLVGNTGELFF	9.256566105348641e-09
CASSLTDYEQYF	4.492271987294763e-09
CASSLTTYEQYF	6.519912215879593e-08
CASSFGLNTEAFF	1.4130940782872633e-08
CASSFGQNTEAFF	7.568096869153722e-09
CASSFNYEQYF	6.287171929804125e-09
CASSFRYEQYF	1.0680673796573019e-07
CASSLRGSSYNEQFF	1.5070045916868994e-08
CASSARGSSYNEQFF	3.91902054130478e-10
CASSLEVEQFF	5.891918353717525e-09
CASSLGVELFF	1.7877235038374063e-10
CASSWGGPYEQYF	4.781414356161529e-08
CASSLGGPYEQYF	6.47255266196325e-08
CASSPGSYEQYF	3.094062293742507e-08
CASSPGSTEAFF	1.8719705994819256e-08
CASSLVGGNQPQHF	4.453213649968448e-08
CASSLLGGNQPQHF	4.1044539627460113e-08
CASSLGQGGTEAFF	1.8502421905623673e-08
CASSLGQGRTEAFF	7.895092728662268e-09
CASSQANEQFF	1.4830462737785959e-08
CASSQYNEQFF	7.892637482490598e-09
CASSQYNEQFF	7.892637482490598e-09
CASSLGGEETQYF	2.5197961265271174e-08
CASSYGGEETQYF	5.247883226813701e-08
CASSVGGMNTEAFF	7.045447595832445e-08
CASSYGGMNTEAFF	4.062482913642511e-08
CASSPTNTGELFF	1.555452135011978e-08
CATSETNTGELFF	1.5826224500124715e-08
CASSLMNTGELFF	1.0628835366517265e-09
CASSLMNTGELFF	1.0628835366517265e-09
CASSLSNTGELFF	9.306670061008424e-09
CASSLGSYEQYF	3.6920666164222093e-07
CASSLGSGELFF	2.3269107646208452e-08
CASSLGSGELFF	1.2707766012599675e-08
CASSESSNQPQHF	5.927941590959609e-09
CASSSSSNQPQHF	9.55226128604424e-09
CASSYGGGEQYF	6.693419759968852e-08
CASSYGGYEQYF	2.539154574515088e-07
CASSLTSGYEQYF	5.2444785932611225e-08
CASSGTSGYEQYF	2.2678965453542034e-08
CASSLQGGYGYTF	1.171778401746281e-08
CASSLEGGYGYTF	3.8606660162661455e-08
CASSLTGGREQYF	6.324367189931939e-09
CASSLTGGYEQYF	1.6857517449638397e-07
CASSLEGGYGYTF	3.8606660162661455e-08
CASSLEGTYGYTF	3.5882991289292777e-09
CASSLQGGYGYTF	1.171778401746281e-08
CASSLQGNYGYTF	5.8916417254116965e-08
CASSLAYNEQFF	2.5792591207241642e-08
CASSLVYNEQFF	2.3372591261047943e-08
CASSLEVEQFF	5.891918353717525e-09
CASSLEDEQFF	3.182291913853057e-09
CASSPAGGSYEQYF	2.857570999594446e-09
CASSIAGGSYEQYF	4.9145968960801236e-08
CASSLGQGNQPQHF	3.842355475858877e-08
CASSLGWGNQPQHF	8.424879015433083e-10
CASSLGGAYNEQFF	2.4502606872431797e-08
CASSLGGAYNEQFF	2.4502606872431797e-08
CASSLGGSYNEQFF	8.158087612302505e-08
CASSLASGELFF	8.541425695728542e-09
CASSLGSGELFF	2.3269107646208452e-08
CASSLGSGELFF	1.2707766012599675e-08
CASSGQGNYGYTF	2.7601840223123166e-08
CASSLQGNYGYTF	5.8916417254116965e-08
CASSQGGSEQYF	9.641874279588269e-10
CASSLGGSEQYF	4.823490975687559e-08
CASSQGGGYTF	1.1348667645808666e-07
CASSQGYGYTF	1.320157457591721e-07
CASSLTSGDYNEQFF	6.076387289532865e-10
CASSLTSGAYNEQFF	1.307623677724154e-09
CASSLGGSYNEQFF	8.158087612302505e-08
CASSLGNSYNEQFF	3.6046323376630413e-09
CATSDSGGSYNEQFF	2.7642465879371136e-08
CASSLSGGSYNEQFF	2.930628542692294e-09
CASSLTSSYEQYF	2.1583440997071755e-08
CASSITSSYEQYF	2.5563454499930993e-08
CASSYSLNEQYF	3.360829135426314e-09
CASSYSYNEQFF	1.3232896689556777e-08
CAWSDTSTDTQYF	3.031186678968029e-09
CASSGTSTDTQYF	1.3387756876907029e-08
CASSQGLYEQYF	9.868428208953969e-09
CATSLGLYEQYF	4.734493273352752e-09
CASSPLDEQYF	3.685147659780669e-09
CASSPGDEQFF	6.385016131857755e-09
CASSPGQGAYEQYF	9.010490735366177e-09
CASSPGQGAWEQYF	1.1636835528715457e-10
CASSLSSGNTIYF	1.09235346302841e-08
CASSDSSGNTIYF	3.2448207535578215e-09
CASSLTGGYEQYF	1.6857517449638397e-07
CASSLTGTYEQYF	6.109116333999997e-08
CASSLTGTYEQYF	5.087425148497489e-08
CASSLTGTYEQYF	6.109116333999997e-08
CASSLTGTYEQYF	5.087425148497489e-08
CASSGTGTYEQYF	3.406169501441961e-08
CASSLTGTYEQYF	6.109116333999997e-08
CASSLTGTYEQYF	5.087425148497489e-08
CASSLAGTYEQYF	6.931748811353965e-08
CASSLGGSEQYF	4.823490975687559e-08
CASSLQGSEQYF	2.403770185697692e-08
CASSLQGSEQYF	2.403770185697692e-08
CASSQSQETQYF	7.246940106069944e-09
CASSWSQETQYF	5.520627526483687e-10
CATSRENYGYTF	2.8812273977993365e-10
CASSRDNYGYTF	6.188036104276114e-09
CASSRDNYGYTF	6.188036104276114e-09
CASSLGRNEQYF	1.9041597915024997e-08
CASSLGRIEAFF	1.9853876575186434e-10
CSVEAGEQYF	2.909470312301698e-08
CASSAGELFF	3.1804284298354744e-09
CASSYGQSYEQYF	2.6204023953301594e-09
CASSLGQSYEQYF	3.0450928329314e-08
CASSLGRSSYNEQFF	2.6541206903608027e-08
CASSLGPSSYNEQFF	4.523944054487226e-09
CASSFSGVEAFF	7.20553277175947e-10
CASSFSGGELFF	2.9504845355747664e-09
CASSGGGGEQYF	5.4694709408519045e-08
CASSGGGTEAFF	4.339469048793677e-08
CASSLNSNQPQHF	1.0622896950556272e-08
CASSLNSNQPQHF	9.89540840163381e-09
CASSLGSNQPQHF	1.1448289934170654e-07
CASSLELNTEAFF	6.521095778694121e-09
CASSLDLNTEAFF	2.8800580145920116e-08
CASSQGYEQYF	6.71518788457939e-08
CASSQDYEQYF	6.680157286721563e-08
CASSPGGTEAFF	8.102108072145284e-08
CASSPGSTEAFF	1.8719705994819256e-08
CASSLGQLYGYTF	6.946365135751529e-09
CASSLGQSYGYTF	6.075203777964795e-09
CASSLLPGELFF	8.604310489255022e-09
CASSLIPGEQYF	4.344022409365214e-09
CASGTGYEQYF	2.0570571127934842e-08
CAISTGYEQYF	3.744308189436381e-08
CASSSGQGNYGYTF	3.2723530422437006e-09
CASSYGQGNYGYTF	1.2515890120242007e-08
CASSAHNEQFF	1.224777533318783e-08
CASSAYNEQFF	1.1978955047534147e-08
CASSAYNEQFF	1.1978955047534147e-08
CASSAYNEQFF	1.1978955047534147e-08
CASSQGGSYNEQFF	4.8225233158841834e-08
CASSLGGSYNEQFF	8.158087612302505e-08
CASSDSGSSYEQYF	7.99011603234449e-09
CASSSSGSSYEQYF	2.8611720118397238e-08
CASSLLAGGTDTQYF	1.6751237113198914e-08
CASSRLAGGTDTQYF	2.635690025699742e-08
CASSFTGYEQYF	3.8410373151374556e-08
CASSPTGYEQYF	7.908331618474216e-08
CASSLAGGNEQYF	1.4772117457271889e-08
CASSLVGGNEQFF	7.457712894751348e-09
CASSLVGGNEQFF	7.457712894751348e-09
CASSLGSSYEQYF	3.501863342251191e-08
CASSLTSSYEQYF	2.1583440997071755e-08
CASSGLQETQYF	9.307451547321681e-09
CASSGYQETQYF	7.091149925499539e-09
CASSLTGGYEQYF	1.6857517449638397e-07
CASSETGGYEQYF	6.776708269748802e-08
CASSGGTSYEQYF	6.063531990253243e-08
CASSFGTSYEQYF	1.1778701041965891e-08
CASSLGGAYEQYF	1.2188731885329014e-07
CASSLGQAYEQYF	1.567500042161753e-08
CASSLGQAYEQYF	1.567500042161753e-08
CATGTSYEQYF	1.358382877733183e-08
CASGTGYEQYF	2.0570571127934842e-08
CASSPGSYEQYF	3.094062293742507e-08
CASSPSSYEQYF	2.2883442980471668e-08
CASSFGSYNEQFF	8.357090806786068e-09
CASSSGSYNEQFF	7.608672711167531e-08
CASSTADTQYF	2.2932698462944673e-08
CASSLADTQYF	4.009882363915383e-08
CASSLADTQYF	4.009882363915383e-08
CASSLADTQYF	4.009882363915383e-08
CASSLEGAEAFF	1.3833409872543298e-08
CASSLQGAEQYF	9.217852366200617e-09
CASSLRGSSYNEQFF	1.5070045916868994e-08
CASSLDGSSYNEQFF	2.2004237726266613e-09
CASSLEGAEAFF	1.3833409872543298e-08
CASSLEGDEQFF	8.055293437694891e-09
CASSLGGAYEQYF	1.2188731885329014e-07
CASSLGGPYEQYF	6.47255266196325e-08
CASSSGQGQFF	6.76325602162286e-10
CASSSGSGLYF	3.3097841865996245e-12
CASSSGSGLYF	3.3097841865996245e-12
CASSTGVEQFF	1.3470493132156694e-09
CASSLGVELFF	1.7877235038374063e-10
CASSWDSSYEQYF	2.214448232971362e-09
CASSEDSSYEQYF	3.2991556444805455e-08
CASSLGLAGYNEQFF	3.89756861809191e-08
CASSPGLAGYNEQFF	1.1179851677283302e-08
CASSLGSYEQYF	3.6920666164222093e-07
CATSLGLYEQYF	4.734493273352752e-09
CASSLDYEQYF	1.1875134009044838e-07
CASSQDYEQYF	6.680157286721563e-08
CASSPTGYEQYF	7.908331618474216e-08
CASSPRGYEQYF	5.6455059532606833e-08
CASSPTGTEAFF	4.816735194060121e-08
CASSPTGYEQYF	7.908331618474216e-08
CASSLGTEAFF	6.789437572476125e-08
CAWSLNTEAFF	2.6059252081640443e-08
CASSTGSTDTQYF	1.2881067022875205e-08
CASSPGSTDTQYF	1.0391406401043127e-08
CASSPGSYEQYF	3.094062293742507e-08
CASSPGVYEQYF	2.301210082184129e-10
CSARDESYEQYF	3.337857845277849e-08
CSERDSSYEQYF	2.5857908505936385e-09
CASSGYEQYF	1.1293624096552677e-07
CASNGYEQYF	1.3511572396333816e-08
CASSPGQGAYEQYF	9.010490735366177e-09
CASSFGQGAYEQYF	8.545804242030974e-09
CASSPGSEQYF	2.0421645989581444e-08
CASSMGSEQFF	5.517516087229906e-09
CASSLGGNEQFF	4.398279681092867e-08
CASSLTGNEQFF	6.658666796458809e-08
CASRTTGELFF	1.2130923715947746e-08
CASRYTGEQFF	2.739476950348937e-10
CASSLGGGELFF	3.876294950861643e-08
CASSLGSGELFF	2.3269107646208452e-08
CASSLGSGELFF	1.2707766012599675e-08
CAWSRGGTDTQYF	5.2296872838455455e-08
CASSSGGTDTQYF	4.427450357396681e-08
CASSSGGTDTQYF	4.427450357396681e-08
CASSLLGGEQYF	3.3641742944450923e-09
CASSLGGGELFF	3.876294950861643e-08
CASSGGGELFF	4.780889089716649e-08
CASSGGTEAFF	2.993269110091608e-08
CASRGSTDTQYF	3.174687547343178e-08
CSVEGSTDTQYF	3.505005141038631e-08
CASSYGGYEQYF	2.539154574515088e-07
CASSMGGYEQYF	1.3339436048795323e-07
CASSLSSYNEQFF	7.176749274481212e-08
CASSQSSYNEQFF	2.9438143445724603e-09
CASSEAYEQYF	1.5685381439586426e-08
CASSPAYEQFF	7.668656509710374e-10
CASSRNGELFF	1.2917342120870902e-09
CASSRDGELFF	1.4463068748444718e-10
CASSLTDTQYF	4.338645781677301e-08
CASSLTDTQYF	1.1505057351843773e-07
CASSFTDTQYF	3.471427568144757e-08
CASSSSYEQYF	7.447442232669406e-08
CASSSGYEQYF	8.121825361985884e-08
CASSLGSSYEQYF	3.501863342251191e-08
CASSAGSSYEQYF	1.642982115602839e-08
CASSQGYEQYF	6.71518788457939e-08
CASSQGGEMLY	0.0
CASSSGLEAFF	1.418215378216371e-08
CASSSGYEQYF	8.121825361985884e-08
CASSSSSYEQYF	6.115079154006286e-08
CASSPSSYEQYF	2.2883442980471668e-08
CASSPGDEQFF	6.385016131857755e-09
CASSPGSEQYF	2.0421645989581444e-08
CASRGSTDTQYF	3.174687547343178e-08
CASRYSTDTQYF	4.850260799070205e-09
CASRLNTEAFF	1.7735635312365773e-08
CAWSLNTEAFF	2.6059252081640443e-08
CASSLGTEAFF	6.789437572476125e-08
CASSGGTEAFF	2.993269110091608e-08
CASSSSYEQYF	7.447442232669406e-08
CATSDSYEQYF	3.215663234000993e-09
CASSYSGQGFSTGELFF	4.867220754991752e-11
CASSYSGQGFSTGELFF	4.867220754991752e-11
CSAREELGTSGRRGWYEQFF	3.30824041545613e-17
CSAREELGTSGRRGWYEQFF	3.30824041545613e-17
CASSPEGQGRETQYF	1.3400408826216289e-10
CASSPEGQGRETQYF	1.3400408826216289e-10
CASSSGVSYNSPLHF	3.1282349056470797e-09
CASSSGVSYNSPLHF	3.1282349056470797e-09
CASSSPQPNTEAFF	4.844262443318862e-10
CASSSPQPNTEAFF	4.844262443318862e-10
CATSLFPGEEQFF	9.56521380120548e-13
CATSLFPGEEQFF	9.56521380120548e-13
CSAKDGGSGNTIYF	7.510175732865559e-10
CSAKDGGSGNTIYF	7.510175732865559e-10
CATLDRRADEKLFF	2.692378556509237e-13
CATLDRRADEKLFF	2.692378556509237e-13
CASSLSGGAQIFNEQFF	1.0475658658681988e-13
CASSLSGGAQIFNEQFF	1.0475658658681988e-13
CASSLGLTGPEDNQPQHF	6.47822144110845e-13
CASSLGLTGPEDNQPQHF	6.47822144110845e-13
CASSLPSGRNEQYF	5.68442651972058e-10
CASSLPSGRNEQYF	5.68442651972058e-10
CASSPVTTGELFF	2.3193354604534417e-10
CASSPVTTGELFF	2.3193354604534417e-10
CATSDHYGTTDTQYF	2.988643111312211e-11
CATSDHYGTTDTQYF	2.988643111312211e-11
CASIPGSSGISETQYF	3.8750584313388936e-14
CASIPGSSGISETQYF	3.8750584313388936e-14
CASGAWGYTF	2.8762054019711105e-10
CASGAWGYTF	2.8762054019711105e-10
CASSSGTSGRSDTQYF	4.782586433136413e-10
CASSSGTSGRSDTQYF	4.782586433136413e-10
CASSPDSGGPVNEQFF	6.842598125381918e-13
CASSPDSGGPVNEQFF	6.842598125381918e-13
CASSHQVGGETQYF	1.5679666944949325e-10
CASSHQVGGETQYF	1.5679666944949325e-10
CASSQGLGDYEQYF	2.7536486024878212e-09
CASSQGLGDYEQYF	2.7536486024878212e-09
CASSRGGAVYNEQFF	2.9167593434782563e-10
CASSRGGAVYNEQFF	2.9167593434782563e-10
CASSRTTGYEQYF	6.419373752229461e-10
CASSRTTGYEQYF	6.419373752229461e-10
CASSSLAGVGETQYF	3.6019757463170984e-10
CASSSLAGVGETQYF	3.6019757463170984e-10
CASSPGTWETQYF	4.402877146251617e-10
CASSPGTWETQYF	4.402877146251617e-10
CSGKRWWETQYF	9.85936284194853e-13
CSGKRWWETQYF	9.85936284194853e-13
CSARVPDRGLYSNQPQHF	1.3339916773903978e-10
CSARVPDRGLYSNQPQHF	1.3339916773903978e-10
CSATRLADSRTQYF	4.484812428706558e-13
CSATRLADSRTQYF	4.484812428706558e-13
CASSPDGGQGLSEQYF	1.4976699218090296e-13
CASSPDGGQGLSEQYF	1.4976699218090296e-13
CASSGTDKLAKNIQYF	5.6225877457080465e-11
CASSGTDKLAKNIQYF	5.6225877457080465e-11
CASSPLNGQGARRDTEAFF	1.7077170049786099e-15
CASSPLNGQGARRDTEAFF	1.7077170049786099e-15
CASSRGTSGTLWETQYF	1.0890854404102784e-13
CASSRGTSGTLWETQYF	1.0890854404102784e-13
CAITPADPNTEAFF	2.188290730872182e-11
CAITPADPNTEAFF	2.188290730872182e-11
CASSRAEIRHGYTF	3.476342091380636e-13
CASSRAEIRHGYTF	3.476342091380636e-13
CASSPWGGQTNNEQFF	2.186189736697601e-12
CASSPWGGQTNNEQFF	2.186189736697601e-12
CASSLARGGGGYEQYF	1.9641141252644776e-09
CASSLARGGGGYEQYF	1.9641141252644776e-09
CASSPIGENSEQYF	1.7475567580540161e-12
CASSPIGENSEQYF	1.7475567580540161e-12
CASRAYPPGQAYEQYF	7.749108022980227e-13
CASRAYPPGQAYEQYF	7.749108022980227e-13
CSVVAQGAGETQYF	5.2288092219043835e-11
CSVVAQGAGETQYF	5.2288092219043835e-11
CSVVAQGAGETQYF	5.2288092219043835e-11
CASSGPGGGNEQFF	2.1824885856996763e-09
CASSGPGGGNEQFF	2.1824885856996763e-09
CASSYSGIWGYTF	1.2378811110866588e-10
CASSYSGIWGYTF	1.2378811110866588e-10
CASNPGQGSSGELFF	3.7058455319370175e-11
CASNPGQGSSGELFF	3.7058455319370175e-11
CASSLVERPYEQYF	1.0404347847819096e-10
CASSLVERPYEQYF	1.0404347847819096e-10
CASRDTLTYEQYF	9.886006739058678e-11
CASRDTLTYEQYF	9.886006739058678e-11
CASTPGRKGVGGYTF	1.633519005078671e-14
CASTPGRKGVGGYTF	1.633519005078671e-14
CASSSSGPADTQYF	7.990216309032467e-10
CASSSSGPADTQYF	7.990216309032467e-10
CASSVALDGYSSGNTIYF	1.3518322012669426e-12
CASSVALDGYSSGNTIYF	1.3518322012669426e-12
CASRAPPQPQHF	8.299705731919978e-11
CASRAPPQPQHF	8.299705731919978e-11
CASSPLIDRGPFF	1.8232282911486642e-14
CASSPLIDRGPFF	1.8232282911486642e-14
CASSLEGEKLFF	4.10939505739463e-09
CASSLEGEKLFF	4.10939505739463e-09
CSARGTRSNQPQHF	1.6134131489440647e-08
CSARGTRSNQPQHF	1.6134131489440647e-08
CASSQHTPGQRSSGANVLTF	4.101239480753633e-14
CASSQHTPGQRSSGANVLTF	4.101239480753633e-14
CASKTGTYNEQFF	1.7666894490504581e-09
CASKTGTYNEQFF	1.7666894490504581e-09
CATSDTSGMHNEQFF	4.0492475682731175e-11
CATSDTSGMHNEQFF	4.0492475682731175e-11
CASSPPGVLGTEAFF	2.0860272111230228e-10
CASSPPGVLGTEAFF	2.0860272111230228e-10
CASSSLSGTSGGASYNEQFF	1.0570099814487563e-12
CASSSLSGTSGGASYNEQFF	1.0570099814487563e-12
CASSFGDRGATRLHF	7.656455131419165e-15
CASSFGDRGATRLHF	7.656455131419165e-15
CSARSGIERQFYEQYF	2.0860055022389666e-14
CSARSGIERQFYEQYF	2.0860055022389666e-14
CASSLILAVTPYTDTQYF	3.490103376378167e-14
CASSLILAVTPYTDTQYF	3.490103376378167e-14
CATSAIRGGTNTGELFF	3.7277457967888777e-11
CATSAIRGGTNTGELFF	3.7277457967888777e-11
CASSLWQAVMDEAFF	2.057010885696771e-15
CASSLWQAVMDEAFF	2.057010885696771e-15
CASSLGRHNSPLHF	6.614436650143235e-10
CASSLGRHNSPLHF	6.614436650143235e-10
CATTLGQGTRKTQYF	4.59683870894171e-16
CATTLGQGTRKTQYF	4.59683870894171e-16
CASSLSPVEPQHF	2.2777038194516576e-10
CASSLSPVEPQHF	2.2777038194516576e-10
CASSQDSAGGRDEQFF	2.5469972157172175e-11
CASSQDSAGGRDEQFF	2.5469972157172175e-11
CASSYFRHSTYEQYF	6.642746869242401e-12
CASSYFRHSTYEQYF	6.642746869242401e-12
CASSQDLRSQETQYF	1.5807440195533688e-09
CASSQDLRSQETQYF	1.5807440195533688e-09
CASSSGLASHNEQFF	2.5022551993123076e-10
CASSSGLASHNEQFF	2.5022551993123076e-10
CASSLRDKEAFF	9.791920651693503e-10
CASSLRDKEAFF	9.791920651693503e-10
CASSYGVPTGGYTF	2.1742328683580527e-11
CASSYGVPTGGYTF	2.1742328683580527e-11
CASSGTSGGFYEQYF	5.084715711562827e-10
CASSGTSGGFYEQYF	5.084715711562827e-10
CASSLAGLTTQYF	1.2110437432379528e-10
CASSLAGLTTQYF	1.2110437432379528e-10
CSARDLVAFQETQYF	5.391981471858072e-11
CSARDLVAFQETQYF	5.391981471858072e-11
CASSFWGGNRAEAFF	1.1536563313622704e-12
CASSFWGGNRAEAFF	1.1536563313622704e-12
CASRGTGEFYNEQFF	3.320353088454504e-11
CASRGTGEFYNEQFF	3.320353088454504e-11
CASSLPPDGRENSPLHF	3.401746037198656e-13
CASSLPPDGRENSPLHF	3.401746037198656e-13
CSADPPGNTIYF	1.2274470985467566e-09
CSADPPGNTIYF	1.2274470985467566e-09
CSADPPGNTIYF	1.2274470985467566e-09
CSADPPGNTIYF	1.2274470985467566e-09
CASSQGVLSSQAFF	3.04474226757473e-13
CASSQGVLSSQAFF	3.04474226757473e-13
CSVEDRGGAEQYF	1.2093699990901461e-09
CSVEDRGGAEQYF	1.2093699990901461e-09
CATSDPRRARGYTF	1.0829628474591424e-10
CATSDPRRARGYTF	1.0829628474591424e-10
CAWSVLLAGGQGETQYF	3.2540883077354956e-11
CAWSVLLAGGQGETQYF	3.2540883077354956e-11
CASSDRGLGNTIYF	3.754996363733593e-09
CASSDRGLGNTIYF	3.754996363733593e-09
CAITPGQGNSPLHF	1.6963339053198573e-09
CAITPGQGNSPLHF	1.6963339053198573e-09
CASSQVGSLGRLGQPQHF	3.9214771782384474e-14
CASSQVGSLGRLGQPQHF	3.9214771782384474e-14
CASSSPSWDTEAFF	8.441606104110799e-11
CASSSPSWDTEAFF	8.441606104110799e-11
CASSYGQGSYTF	1.5772930230199282e-10
CASSYGQGSYTF	1.5772930230199282e-10
CASRWGGRTYEQYF	1.2105321758573629e-10
CASRWGGRTYEQYF	1.2105321758573629e-10
CASRWGGRTYEQYF	1.2105321758573629e-10
CATSDERMGIQYF	1.918280538275602e-12
CATSDERMGIQYF	1.918280538275602e-12
CASSFRTGSTPQHF	2.3708214304803884e-12
CASSFRTGSTPQHF	2.3708214304803884e-12
CASSLQGISQETQYF	5.970846373907672e-11
CASSLQGISQETQYF	5.970846373907672e-11
CASTRDGIGGETQYF	5.890431761986216e-13
CASTRDGIGGETQYF	5.890431761986216e-13
CSALSRDRGRGVGGYTF	8.44566997977935e-14
CSALSRDRGRGVGGYTF	8.44566997977935e-14
CASSFEGHTNEKLFF	4.4829144785849265e-11
CASSFEGHTNEKLFF	4.4829144785849265e-11
CASSPRGQEESYGYTF	1.4008567429692397e-12
CASSPRGQEESYGYTF	1.4008567429692397e-12
CASSLVERGGLYEQYF	2.6792936255826207e-11
CASSLVERGGLYEQYF	2.6792936255826207e-11
CASSPTGGRESYNEQFF	1.1546369565834177e-11
CASSPTGGRESYNEQFF	1.1546369565834177e-11
CASSPMATTDTQYF	1.2565372373908708e-11
CASSPMATTDTQYF	1.2565372373908708e-11
CAISESGGIGYEQYF	4.770373713106197e-10
CAISESGGIGYEQYF	4.770373713106197e-10
CSARDHRDSNTGELFF	4.3672399892496376e-10
CSARDHRDSNTGELFF	4.3672399892496376e-10
CASSELDRGMGTEAFF	5.239241934759161e-12
CASSELDRGMGTEAFF	5.239241934759161e-12
CASSQVSQKSSYEQYF	2.0927427182574655e-11
CASSQVSQKSSYEQYF	2.0927427182574655e-11
CASRNIRRDYNSPLHF	1.592516952524782e-13
CASRNIRRDYNSPLHF	1.592516952524782e-13
CASSLTSEQYV	1.7660749040578088e-14
CASSLTSEQYV	1.7660749040578088e-14
CASSPRDPDTGELFF	1.0880442482267425e-10
CASSPRDPDTGELFF	1.0880442482267425e-10
CASSSVGVGNEKLFF	8.548068166965235e-11
CASSSVGVGNEKLFF	8.548068166965235e-11
CASSQQGAINQPQHF	5.216136564956919e-10
CASSQQGAINQPQHF	5.216136564956919e-10
CASSWDRETDQPQHF	3.263224992257591e-11
CASSWDRETDQPQHF	3.263224992257591e-11
CASSLAPGATNEKLFF	2.012294516871474e-09
CASSLAPGATNEKLFF	2.012294516871474e-09
CASSPPPHF	4.890193697471626e-11
CASSPPPHF	4.890193697471626e-11
CASTDGGKDTEAFF	4.950669704649205e-12
CASTDGGKDTEAFF	4.950669704649205e-12
CSARDPRLAGPYEQYF	1.6412183119893077e-09
CSARDPRLAGPYEQYF	1.6412183119893077e-09
CSARDPRLAGPYEQYF	1.6412183119893077e-09
CASSNSPFEQYF	1.3030572321355244e-11
CASSNSPFEQYF	1.3030572321355244e-11
CASSESPPGLGGQYF	1.5090444300356219e-12
CASSESPPGLGGQYF	1.5090444300356219e-12
CASSFHRGTGELFF	2.9958180837149312e-09
CASSFHRGTGELFF	2.9958180837149312e-09
CASSTGTGLLEQYF	9.849123882194154e-12
CASSTGTGLLEQYF	9.849123882194154e-12
CASSMGLAGAYQETQYF	9.80018573322115e-13
CASSMGLAGAYQETQYF	9.80018573322115e-13
CASSLSQTSADTQYF	4.017785506071411e-11
CASSLSQTSADTQYF	4.017785506071411e-11
CSATLVGLANEQYF	3.416125265025456e-12
CSATLVGLANEQYF	3.416125265025456e-12
CSATLVGLANEQYF	3.416125265025456e-12
CASSGLADTGELFF	4.76888297868224e-09
CASSGLADTGELFF	4.76888297868224e-09
CASSLTGTDNQPQHF	8.661709387708127e-10
CASSLTGTDNQPQHF	8.661709387708127e-10
CASSFLGQPSYEQYF	3.485192600059181e-10
CASSFLGQPSYEQYF	3.485192600059181e-10
CASSQEISLGIGVGYNEQFF	3.540654429550765e-16
CASSQEISLGIGVGYNEQFF	3.540654429550765e-16
CASSPGTAPAFF	1.1756176116024283e-10
CASSPGTAPAFF	1.1756176116024283e-10
CASSFRGERDTQYF	2.1343584594150014e-10
CASSFRGERDTQYF	2.1343584594150014e-10
CASSLNPRAGYTF	2.0728520480869314e-10
CASSLNPRAGYTF	2.0728520480869314e-10
CASSFTALTAYEQYF	1.3046026349918435e-11
CASSFTALTAYEQYF	1.3046026349918435e-11
CASSSGTDEKLFF	1.872102133050582e-09
CASSSGTDEKLFF	1.872102133050582e-09
CASSRAYGYTF	4.324594253530457e-08
CASSRAYGYTF	4.324594253530457e-08
CASSRIVTDTQYF	8.165232617088394e-10
CASSRIVTDTQYF	8.165232617088394e-10
CASSLEGEGYEQYF	1.1077699021348599e-08
CASSLEGEGYEQYF	1.1077699021348599e-08
CASRGQGVNEQFF	1.338393250592456e-09
CASRGQGVNEQFF	1.338393250592456e-09
CASSLAGAGVEQYF	1.5113717286133405e-10
CASSLAGAGVEQYF	1.5113717286133405e-10
CATSDLTETNGYTF	6.59216942266714e-11
CATSDLTETNGYTF	6.59216942266714e-11
CASRGYEGARWEFGETQYF	3.763316073379342e-20
CASRGYEGARWEFGETQYF	3.763316073379342e-20
CASRGYEGARWEFGETQYF	3.763316073379342e-20
CASSQDILQETQYF	7.833473113699721e-10
CASSQDILQETQYF	7.833473113699721e-10
CASSLWGTDTQYF	1.9693151064837598e-09
CASSLWGTDTQYF	1.9693151064837598e-09
CASSEWTGYQPQHF	1.226188152976337e-09
CASSEWTGYQPQHF	1.226188152976337e-09
CASSEAPPGLGEQYF	5.454535583651832e-12
CASSEAPPGLGEQYF	5.454535583651832e-12
CASSLGWASGESSYEQYF	3.1288579255304385e-12
CASSLGWASGESSYEQYF	3.1288579255304385e-12
CASSISRPGHSPLHF	4.337362604147296e-13
CASSISRPGHSPLHF	4.337362604147296e-13
CASSPQFSGGLAGVYEQYF	2.0092239925943064e-15
CASSPQFSGGLAGVYEQYF	2.0092239925943064e-15
CASSLGQGDYGYTF	3.2019769457770354e-08
CASSLGQGDYGYTF	3.2019769457770354e-08
CASSQDRIMNTEAFF	8.751744670234611e-10
CASSQDRIMNTEAFF	8.751744670234611e-10
CASSFGDNRVGVYEQYF	1.6813099427394085e-14
CASSFGDNRVGVYEQYF	1.6813099427394085e-14
CASRNRGPHNEQFF	7.878511267463822e-11
CASRNRGPHNEQFF	7.878511267463822e-11
CATSRERWDPNTGELFF	3.1821161619446076e-12
CATSRERWDPNTGELFF	3.1821161619446076e-12
CASSRRRGVGYTF	1.5548549450511135e-10
CASSRRRGVGYTF	1.5548549450511135e-10
CASTPPGASETQYF	2.357764350691089e-11
CASTPPGASETQYF	2.357764350691089e-11
CASSLPPGQGTETQYF	2.1668760185208584e-10
CASSLPPGQGTETQYF	2.1668760185208584e-10
CASSAGGATEAFF	3.724524187939312e-09
CASSAGGATEAFF	3.724524187939312e-09
CAWSVSRAYEQYF	1.728792348994867e-08
CAWSVSRAYEQYF	1.728792348994867e-08
CASSGRAMNTEAFF	1.4190966929800823e-09
CASSGRAMNTEAFF	1.4190966929800823e-09
CAWQGLAGTNTGELFF	8.052761868187721e-11
CAWQGLAGTNTGELFF	8.052761868187721e-11
CASSYFPETDRGNTGELFF	3.5445343831268075e-14
CASSYFPETDRGNTGELFF	3.5445343831268075e-14
CASSPITGGDYEQYF	4.6793244188139994e-11
CASSPITGGDYEQYF	4.6793244188139994e-11
CSVGGSFYGYTF	1.5829044786984273e-09
CSVGGSFYGYTF	1.5829044786984273e-09
CASSEGTSGRNNEQFF	7.557265264917172e-11
CASSEGTSGRNNEQFF	7.557265264917172e-11
CASSYNPRDTSGNTIYF	1.473698000045225e-11
CASSYNPRDTSGNTIYF	1.473698000045225e-11
CATTGDIRTGELFF	4.571060325503036e-13
CATTGDIRTGELFF	4.571060325503036e-13
CASSEAWGSETQYF	7.192857734116809e-10
CASSEAWGSETQYF	7.192857734116809e-10
CASSQGEGYEQYF	3.5241720644216515e-08
CASSQGEGYEQYF	3.5241720644216515e-08
CASSSQTTVAGGPEETQYF	7.022440175516987e-17
CASSSQTTVAGGPEETQYF	7.022440175516987e-17
CASSSDRGDTDTQYF	3.0136878293034073e-10
CASSSDRGDTDTQYF	3.0136878293034073e-10
CASSVAQGSSEYEQYF	6.88413716246372e-12
CASSVAQGSSEYEQYF	6.88413716246372e-12
CASRPRTDAPLTDTQYF	3.492362967886538e-16
CASRPRTDAPLTDTQYF	3.492362967886538e-16
CASSQWAGGGGDTDTQYF	2.5224482334961055e-13
CASSQWAGGGGDTDTQYF	2.5224482334961055e-13
CASSLSVLAGVTDTQYF	1.8573648665688576e-10
CASSLSVLAGVTDTQYF	1.8573648665688576e-10
CSARDHRLAGGPIYEQYF	8.941163047300232e-12
CSARDHRLAGGPIYEQYF	8.941163047300232e-12
CASSQDPLAIFSNQPQHF	7.556659443360556e-13
CASSQDPLAIFSNQPQHF	7.556659443360556e-13
CSVEGAVYGYTF	3.8022845290342236e-09
CSVEGAVYGYTF	3.8022845290342236e-09
CASSLGGGLAGVYNEQFF	1.4133265102523398e-12
CASSLGGGLAGVYNEQFF	1.4133265102523398e-12
CASSFNPTYEQYF	1.5380143435643312e-10
CASSFNPTYEQYF	1.5380143435643312e-10
CASSLDSGGANEQFF	7.432600358678911e-11
CASSLDSGGANEQFF	7.432600358678911e-11
CASSAFGSAKGETQYF	1.1912048891802394e-14
CASSAFGSAKGETQYF	1.1912048891802394e-14
CASSPRAGQGVDEQYF	2.5914839415702913e-12
CASSPRAGQGVDEQYF	2.5914839415702913e-12
CASSQDLGGLGQYF	3.8570746628254894e-11
CASSQDLGGLGQYF	3.8570746628254894e-11
CASSLIAGDQGREQFF	3.328706184720366e-14
CASSLIAGDQGREQFF	3.328706184720366e-14
CASSLRLAGGDRDTQYF	1.8706162209937997e-11
CASSLRLAGGDRDTQYF	1.8706162209937997e-11
CASTRTFSGDYNEQFF	2.8322515752710895e-14
CASTRTFSGDYNEQFF	2.8322515752710895e-14
CSARPLMNTEAFF	6.7302281836279935e-09
CSARPLMNTEAFF	6.7302281836279935e-09
CSASAKRDYQETQYF	5.636293762365606e-12
CSASAKRDYQETQYF	5.636293762365606e-12
CASSFQGAVDTQYF	2.3845855680012533e-10
CASSFQGAVDTQYF	2.3845855680012533e-10
CASSLGPPDIQYF	1.0574411285698777e-10
CASSLGPPDIQYF	1.0574411285698777e-10
CASSHGAFEKLFF	5.7486741440140625e-11
CASSHGAFEKLFF	8.371438386643087e-11
CASSHGAFEKLFF	5.7486741440140625e-11
CASSPTNYGYTF	2.105933144405078e-08
CASSPTNYGYTF	2.105933144405078e-08
CASSIRDRGTGNTIYF	1.6375083515772741e-09
CASSIRDRGTGNTIYF	1.6375083515772741e-09
CASSFHSVGRYNEQFF	3.7964894213176256e-12
CASSFHSVGRYNEQFF	3.7964894213176256e-12
CASSGPGLHFHSNQPQHF	6.333529365379928e-14
CASSGPGLHFHSNQPQHF	6.333529365379928e-14
CASTSAGGGTQYF	3.253137419754571e-12
CASTSAGGGTQYF	3.253137419754571e-12
CSARWREGLSNEQFF	3.3592711779360206e-12
CSARWREGLSNEQFF	3.3592711779360206e-12
CASSYSGDDTQYF	3.69687132449202e-09
CASSYSGDDTQYF	3.69687132449202e-09
CASSYSGDDTQYF	3.69687132449202e-09
CASSYSGDDTQYF	3.69687132449202e-09
CASSISSRGYTEAFF	2.3941413316454484e-12
CASSISSRGYTEAFF	2.0365819465678797e-10
CASPLTSGSRNEQFF	8.830982258092492e-12
CASPLTSGSRNEQFF	8.830982258092492e-12
CASTVGYEQYF	1.3709590251632116e-08
CASTVGYEQYF	1.3709590251632116e-08
CASSPTGAGNQPQHF	2.3560710648094774e-09
CASSPTGAGNQPQHF	2.3560710648094774e-09
CASSTTGRAFF	1.3665442961372467e-09
CASSTTGRAFF	1.3665442961372467e-09
CASSLEGLDSGANVLTF	1.0672939060763517e-10
CASSLEGLDSGANVLTF	1.0672939060763517e-10
CSARDSWSNQPQHF	2.8987956998937352e-09
CSARDSWSNQPQHF	2.8987956998937352e-09
CSVQDRGGTEAFF	6.988114878346924e-10
CSVQDRGGTEAFF	6.988114878346924e-10
CASSHPSGRREETQYF	6.465409796521163e-12
CASSHPSGRREETQYF	6.465409796521163e-12
CASRDSFKVQYF	1.4664135737373897e-13
CASRDSFKVQYF	1.4664135737373897e-13
CASSEYVRGYEQYF	7.18340389459035e-11
CASSEYVRGYEQYF	7.18340389459035e-11
CASSGSGAPMDSPLHF	1.5502497815231178e-13
CASSGSGAPMDSPLHF	1.5502497815231178e-13
CATSSPQTGRNEQFF	1.108769415011615e-11
CATSSPQTGRNEQFF	1.108769415011615e-11
CASSPDGETQYF	3.3481760266745927e-09
CASSPDGETQYF	3.3481760266745927e-09
CASSPIRGDTQYF	3.570825995742767e-09
CASSPIRGDTQYF	3.570825995742767e-09
CASSQDTGYQPQHF	2.0288963230643055e-09
CASSQDTGYQPQHF	2.0288963230643055e-09
CASSLRGRGPTLPDTQYF	3.7869883896507554e-14
CASSLRGRGPTLPDTQYF	3.7869883896507554e-14
CASSGLLVGEQFF	7.579066230156384e-11
CASSGLLVGEQFF	7.579066230156384e-11
CASSNDRLRSYNEQFF	1.830927502555147e-12
CASSNDRLRSYNEQFF	1.830927502555147e-12
CASSTSDDQPQHF	2.144179618229884e-10
CASSTSDDQPQHF	2.144179618229884e-10
CASSYLGTGGPEAFF	1.4301808935513652e-10
CASSYLGTGGPEAFF	1.4301808935513652e-10
CASSLWQPPYEQYF	1.6707306534511635e-11
CASSLWQPPYEQYF	1.6707306534511635e-11
CASSAPPGQLGTPLHF	3.237676960503464e-14
CASSAPPGQLGTPLHF	3.237676960503464e-14
CASAGGPWNEQFF	6.548631807558038e-12
CASAGGPWNEQFF	6.548631807558038e-12
CASSSDVTYEQYF	2.8643995957149813e-10
CASSSDVTYEQYF	2.8643995957149813e-10
CASTTSRTGRITNEKLFF	1.0476653002794826e-15
CASTTSRTGRITNEKLFF	1.0476653002794826e-15
CASSDSGPNTGELFF	1.3968088627618367e-09
CASSDSGPNTGELFF	1.3968088627618367e-09
CASSPGTSGRGEQFF	4.5064370318870686e-10
CASSPGTSGRGEQFF	4.5064370318870686e-10
CASSLGGGTGGYEQYF	2.192205831322414e-09
CASSLGGGTGGYEQYF	2.192205831322414e-09
CASSVEGAENTEAFF	2.691646138896038e-09
CASSVEGAENTEAFF	2.691646138896038e-09
CASSQVMEGDGYTF	1.5047199309268007e-11
CASSQVMEGDGYTF	1.5047199309268007e-11
CASSHFTETQYF	7.775119753546158e-11
CASSHFTETQYF	7.775119753546158e-11
CASSQDYGDYEQYF	1.5751576631508748e-09
CASSQDYGDYEQYF	1.5751576631508748e-09
CASSLRRDEQYF	6.744563597799086e-09
CASSLRRDEQYF	6.744563597799086e-09
CASSMQGTTEAFF	1.1957933033148778e-09
CASSMQGTTEAFF	1.1957933033148778e-09
CASSQEAGGPGDTQYF	1.1667813343089436e-10
CASSQEAGGPGDTQYF	1.1667813343089436e-10
CARGWTGGYTF	1.3400009687137378e-10
CARGWTGGYTF	1.3400009687137378e-10
CASSLERSPRPYEQYF	1.017928177600732e-11
CASSLERSPRPYEQYF	1.017928177600732e-11
CASSLWSSDSTQNTQYF	1.7731764352524743e-17
CASSLWSSDSTQNTQYF	1.7731764352524743e-17
CASGRTGKYGYTF	7.068694148785416e-11
CASGRTGKYGYTF	7.068694148785416e-11
CASSSRDRFTTNYGYTF	8.508627506722362e-13
CASSSRDRFTTNYGYTF	8.508627506722362e-13
CASTSEYYEQYF	2.0277858218151418e-10
CASTSEYYEQYF	2.0277858218151418e-10
CASSEGEATNEKLFF	1.7760969609279699e-09
CASSEGEATNEKLFF	1.8214284282939193e-09
CASSYHGVETQYF	2.0383716710317288e-09
CASSYHGVETQYF	2.0383716710317288e-09
CASSHGQIWGYTF	5.869769778563587e-12
CASSHGQIWGYTF	5.869769778563587e-12
CASSLRGLLGGYTF	1.2516174785495162e-10
CASSLRGLLGGYTF	1.2516174785495162e-10
CASSPNSGRNYNEQFF	1.0130621952418486e-11
CASSPNSGRNYNEQFF	1.0130621952418486e-11
CASSRDETYEQYF	1.3593296652154549e-09
CASSRDETYEQYF	1.3593296652154549e-09
CASSGLAGGPSDEQFF	1.1109202435440058e-10
CASSGLAGGPSDEQFF	1.1109202435440058e-10
CASSLVGAVGEQYF	3.902118291056507e-11
CASSLVGAVGEQYF	3.902118291056507e-11
CASSSNGQGINTGELFF	6.458097775250842e-12
CASSSNGQGINTGELFF	6.458097775250842e-12
CASTRNTDYNEKLFF	3.9778249608928253e-14
CASTRNTDYNEKLFF	3.9778249608928253e-14
CASSSYGQGSSGANVLTF	9.685662755913231e-12
CASSSYGQGSSGANVLTF	9.685662755913231e-12
CSAFSTGFVGSYEQYF	1.4427296937769223e-13
CSAFSTGFVGSYEQYF	1.4427296937769223e-13
CASSVDPDRVANYGYTF	1.311826611369009e-12
CASSVDPDRVANYGYTF	1.311826611369009e-12
CASSVDPDRVANYGYTF	1.311826611369009e-12
CASSLGPGRGFNEQFF	1.3951180090404138e-11
CASSLGPGRGFNEQFF	1.3951180090404138e-11
CSASIERIGEQYF	2.6045993042102565e-12
CSASIERIGEQYF	2.6045993042102565e-12
CASSLRQTGMRETQYF	6.019582352912559e-13
CASSLRQTGMRETQYF	6.019582352912559e-13
CASSVEGSSYNEQFF	1.6579106699531202e-08
CASSVEGSSYNEQFF	1.6579106699531202e-08
CASSVEGSSYNEQFF	1.6579106699531202e-08
CASSVEGSSYNEQFF	1.6579106699531202e-08
CASSVEGSSYNEQFF	1.6579106699531202e-08
CASSLDPLSYNEQFF	1.8167461325496681e-09
CASSLDPLSYNEQFF	1.8167461325496681e-09
CASSLASGGAQNEQFF	1.6517249763541498e-11
CASSLASGGAQNEQFF	1.6517249763541498e-11
CASIPGAPLLSGANVLTF	8.941711573280362e-15
CASIPGAPLLSGANVLTF	8.941711573280362e-15
CASSQDFGQADYGYTF	3.5889643389242845e-11
CASSQDFGQADYGYTF	3.5889643389242845e-11
CASSQDLGPFEAFF	1.0152908543876824e-10
CASSQDLGPFEAFF	1.0152908543876824e-10
CASSWSKDKGTDTQYF	4.0373902240839714e-13
CASSWSKDKGTDTQYF	4.0373902240839714e-13
CASSWSKDKGTDTQYF	4.0373902240839714e-13
CASSLRRDRELAFF	2.2729275842258125e-11
CASSLRRDRELAFF	2.2729275842258125e-11
CASSLYGASTDTQYF	3.260964942641853e-10
CASSLYGASTDTQYF	3.260964942641853e-10
CASSLYTGTGDGYTF	5.353287103762383e-12
CASSLYTGTGDGYTF	5.353287103762383e-12
CASSPLPGGTDTQYF	1.4621165590057264e-10
CASSPLPGGTDTQYF	1.4621165590057264e-10
CASSIAGELLPQHF	6.542214014738388e-12
CASSIAGELLPQHF	6.542214014738388e-12
CASSPDLGETQYF	2.859557967406724e-10
CASSPDLGETQYF	2.859557967406724e-10
CASSLVWTDTQYF	4.5998619947528243e-10
CASSLVWTDTQYF	4.5998619947528243e-10
CASSLGLTDTQYF	6.38493908415994e-08
CASSLGLTDTQYF	6.38493908415994e-08
CASSFLGGATNYGYTF	9.734376701458015e-11
CASSFLGGATNYGYTF	9.734376701458015e-11
CASSVWESNQPQHF	4.801538089765745e-11
CASSVWESNQPQHF	4.801538089765745e-11
CASTWGDTIYF	8.107642098857259e-11
CASTWGDTIYF	8.107642098857259e-11
CASSPYNPNQPQHF	1.8386249210673874e-11
CASSPYNPNQPQHF	1.8386249210673874e-11
CASSLTGQELNEQFF	1.0042995015347356e-11
CASSLTGQELNEQFF	1.0042995015347356e-11
CASSHLFPGGLGTDTQYF	5.584533349174589e-13
CASSHLFPGGLGTDTQYF	5.584533349174589e-13
CASSTLPQGVYPPGEKLFF	1.1273544570196886e-17
CASSTLPQGVYPPGEKLFF	1.1273544570196886e-17
CASSLFGEHSYNSPLHF	2.0587034638524654e-12
CASSLFGEHSYNSPLHF	2.0587034638524654e-12
CASSVPQGALSYEQYF	1.693198919876474e-11
CASSVPQGALSYEQYF	1.693198919876474e-11
CASSLDGTGNTEAFF	4.685761304049288e-09
CASSLDGTGNTEAFF	4.685761304049288e-09
CSVGLAGALGGPFYNEQFF	8.71030288040046e-17
CSVGLAGALGGPFYNEQFF	8.71030288040046e-17
CASSQDRGTGGYYGYTF	2.468196244141273e-10
CASSQDRGTGGYYGYTF	2.468196244141273e-10
CSDTLDTREAFF	9.99468128371425e-14
CSDTLDTREAFF	9.99468128371425e-14
CASSTVGVSYNEQFF	1.384559837635909e-10
CASSTVGVSYNEQFF	1.384559837635909e-10
CASSLGGQGGTEAFF	1.6699949077472775e-09
CASSLGGQGGTEAFF	1.6699949077472775e-09
CASSTRDTAYNEQFF	7.421132379991682e-11
CASSTRDTAYNEQFF	7.421132379991682e-11
CASSLGTGRRNQPQHF	2.3524908135728157e-09
CASSLGTGRRNQPQHF	2.3524908135728157e-09
CASSLARGTGELFF	4.183088571275726e-08
CASSLARGTGELFF	4.183088571275726e-08
CASRATAVREQYF	2.727392210257969e-12
CASRATAVREQYF	2.727392210257969e-12
CASSLTWGQGYLTNEKLFF	2.1165635730108265e-14
CASSLTWGQGYLTNEKLFF	2.1165635730108265e-14
CASMAGGMPPLHF	6.738702452403294e-14
CASMAGGMPPLHF	6.738702452403294e-14
